[0.133s] DEBUG:colcon:Command line arguments: ['/usr/bin/colcon', 'build']
[0.134s] DEBUG:colcon:Parsed command line arguments: Namespace(log_base=None, log_level=None, verb_name='build', build_base='build', install_base='install', merge_install=False, symlink_install=False, test_result_base=None, continue_on_error=False, executor='parallel', parallel_workers=8, event_handlers=None, ignore_user_meta=False, metas=['./colcon.meta'], base_paths=['.'], packages_ignore=None, packages_ignore_regex=None, paths=None, packages_up_to=None, packages_up_to_regex=None, packages_above=None, packages_above_and_dependencies=None, packages_above_depth=None, packages_select_by_dep=None, packages_skip_by_dep=None, packages_skip_up_to=None, packages_select_build_failed=False, packages_skip_build_finished=False, packages_select_test_failures=False, packages_skip_test_passed=False, packages_select=None, packages_skip=None, packages_select_regex=None, packages_skip_regex=None, packages_start=None, packages_end=None, allow_overriding=[], cmake_args=None, cmake_target=None, cmake_target_skip_unavailable=False, cmake_clean_cache=False, cmake_clean_first=False, cmake_force_configure=False, ament_cmake_args=None, catkin_cmake_args=None, catkin_skip_building_tests=False, verb_parser=<colcon_defaults.argument_parser.defaults.DefaultArgumentsDecorator object at 0x75ae57e1fb20>, verb_extension=<colcon_core.verb.build.BuildVerb object at 0x75ae57fd93c0>, main=<bound method BuildVerb.main of <colcon_core.verb.build.BuildVerb object at 0x75ae57fd93c0>>)
[0.400s] Level 1:colcon.colcon_core.package_discovery:discover_packages(colcon_meta) check parameters
[0.400s] Level 1:colcon.colcon_core.package_discovery:discover_packages(recursive) check parameters
[0.400s] Level 1:colcon.colcon_core.package_discovery:discover_packages(ignore) check parameters
[0.400s] Level 1:colcon.colcon_core.package_discovery:discover_packages(path) check parameters
[0.400s] Level 1:colcon.colcon_core.package_discovery:discover_packages(colcon_meta) discover
[0.400s] Level 1:colcon.colcon_core.package_discovery:discover_packages(recursive) discover
[0.400s] INFO:colcon.colcon_core.package_discovery:Crawling recursively for packages in '/home/msd/MSD2/REV4'
[0.401s] Level 1:colcon.colcon_core.package_identification:_identify(.) by extensions ['ignore', 'ignore_ament_install']
[0.401s] Level 1:colcon.colcon_core.package_identification:_identify(.) by extension 'ignore'
[0.401s] Level 1:colcon.colcon_core.package_identification:_identify(.) by extension 'ignore_ament_install'
[0.401s] Level 1:colcon.colcon_core.package_identification:_identify(.) by extensions ['colcon_pkg']
[0.401s] Level 1:colcon.colcon_core.package_identification:_identify(.) by extension 'colcon_pkg'
[0.401s] Level 1:colcon.colcon_core.package_identification:_identify(.) by extensions ['colcon_meta']
[0.401s] Level 1:colcon.colcon_core.package_identification:_identify(.) by extension 'colcon_meta'
[0.401s] Level 1:colcon.colcon_core.package_identification:_identify(.) by extensions ['ros']
[0.401s] Level 1:colcon.colcon_core.package_identification:_identify(.) by extension 'ros'
[0.414s] Level 1:colcon.colcon_core.package_identification:_identify(.) by extensions ['cmake', 'python']
[0.414s] Level 1:colcon.colcon_core.package_identification:_identify(.) by extension 'cmake'
[0.414s] Level 1:colcon.colcon_core.package_identification:_identify(.) by extension 'python'
[0.414s] Level 1:colcon.colcon_core.package_identification:_identify(.) by extensions ['python_setup_py']
[0.414s] Level 1:colcon.colcon_core.package_identification:_identify(.) by extension 'python_setup_py'
[0.414s] Level 1:colcon.colcon_core.package_identification:_identify(build) by extensions ['ignore', 'ignore_ament_install']
[0.415s] Level 1:colcon.colcon_core.package_identification:_identify(build) by extension 'ignore'
[0.415s] Level 1:colcon.colcon_core.package_identification:_identify(build) ignored
[0.415s] Level 1:colcon.colcon_core.package_identification:_identify(install) by extensions ['ignore', 'ignore_ament_install']
[0.415s] Level 1:colcon.colcon_core.package_identification:_identify(install) by extension 'ignore'
[0.415s] Level 1:colcon.colcon_core.package_identification:_identify(install) ignored
[0.415s] Level 1:colcon.colcon_core.package_identification:_identify(log) by extensions ['ignore', 'ignore_ament_install']
[0.415s] Level 1:colcon.colcon_core.package_identification:_identify(log) by extension 'ignore'
[0.415s] Level 1:colcon.colcon_core.package_identification:_identify(log) ignored
[0.415s] Level 1:colcon.colcon_core.package_identification:_identify(src) by extensions ['ignore', 'ignore_ament_install']
[0.416s] Level 1:colcon.colcon_core.package_identification:_identify(src) by extension 'ignore'
[0.416s] Level 1:colcon.colcon_core.package_identification:_identify(src) by extension 'ignore_ament_install'
[0.416s] Level 1:colcon.colcon_core.package_identification:_identify(src) by extensions ['colcon_pkg']
[0.416s] Level 1:colcon.colcon_core.package_identification:_identify(src) by extension 'colcon_pkg'
[0.416s] Level 1:colcon.colcon_core.package_identification:_identify(src) by extensions ['colcon_meta']
[0.416s] Level 1:colcon.colcon_core.package_identification:_identify(src) by extension 'colcon_meta'
[0.416s] Level 1:colcon.colcon_core.package_identification:_identify(src) by extensions ['ros']
[0.416s] Level 1:colcon.colcon_core.package_identification:_identify(src) by extension 'ros'
[0.416s] Level 1:colcon.colcon_core.package_identification:_identify(src) by extensions ['cmake', 'python']
[0.416s] Level 1:colcon.colcon_core.package_identification:_identify(src) by extension 'cmake'
[0.416s] Level 1:colcon.colcon_core.package_identification:_identify(src) by extension 'python'
[0.416s] Level 1:colcon.colcon_core.package_identification:_identify(src) by extensions ['python_setup_py']
[0.416s] Level 1:colcon.colcon_core.package_identification:_identify(src) by extension 'python_setup_py'
[0.417s] Level 1:colcon.colcon_core.package_identification:_identify(src/build) by extensions ['ignore', 'ignore_ament_install']
[0.417s] Level 1:colcon.colcon_core.package_identification:_identify(src/build) by extension 'ignore'
[0.417s] Level 1:colcon.colcon_core.package_identification:_identify(src/build) ignored
[0.417s] Level 1:colcon.colcon_core.package_identification:_identify(src/gear_manipulator_moveit_config) by extensions ['ignore', 'ignore_ament_install']
[0.417s] Level 1:colcon.colcon_core.package_identification:_identify(src/gear_manipulator_moveit_config) by extension 'ignore'
[0.417s] Level 1:colcon.colcon_core.package_identification:_identify(src/gear_manipulator_moveit_config) by extension 'ignore_ament_install'
[0.417s] Level 1:colcon.colcon_core.package_identification:_identify(src/gear_manipulator_moveit_config) by extensions ['colcon_pkg']
[0.417s] Level 1:colcon.colcon_core.package_identification:_identify(src/gear_manipulator_moveit_config) by extension 'colcon_pkg'
[0.417s] Level 1:colcon.colcon_core.package_identification:_identify(src/gear_manipulator_moveit_config) by extensions ['colcon_meta']
[0.417s] Level 1:colcon.colcon_core.package_identification:_identify(src/gear_manipulator_moveit_config) by extension 'colcon_meta'
[0.417s] Level 1:colcon.colcon_core.package_identification:_identify(src/gear_manipulator_moveit_config) by extensions ['ros']
[0.417s] Level 1:colcon.colcon_core.package_identification:_identify(src/gear_manipulator_moveit_config) by extension 'ros'
[0.421s] DEBUG:colcon.colcon_core.package_identification:Package 'src/gear_manipulator_moveit_config' with type 'ros.ament_cmake' and name 'gear_manipulator_moveit_config'
[0.422s] Level 1:colcon.colcon_core.package_identification:_identify(src/install) by extensions ['ignore', 'ignore_ament_install']
[0.422s] Level 1:colcon.colcon_core.package_identification:_identify(src/install) by extension 'ignore'
[0.422s] Level 1:colcon.colcon_core.package_identification:_identify(src/install) ignored
[0.423s] Level 1:colcon.colcon_core.package_identification:_identify(src/log) by extensions ['ignore', 'ignore_ament_install']
[0.423s] Level 1:colcon.colcon_core.package_identification:_identify(src/log) by extension 'ignore'
[0.423s] Level 1:colcon.colcon_core.package_identification:_identify(src/log) ignored
[0.423s] Level 1:colcon.colcon_core.package_identification:_identify(src/marge) by extensions ['ignore', 'ignore_ament_install']
[0.423s] Level 1:colcon.colcon_core.package_identification:_identify(src/marge) by extension 'ignore'
[0.423s] Level 1:colcon.colcon_core.package_identification:_identify(src/marge) by extension 'ignore_ament_install'
[0.424s] Level 1:colcon.colcon_core.package_identification:_identify(src/marge) by extensions ['colcon_pkg']
[0.424s] Level 1:colcon.colcon_core.package_identification:_identify(src/marge) by extension 'colcon_pkg'
[0.424s] Level 1:colcon.colcon_core.package_identification:_identify(src/marge) by extensions ['colcon_meta']
[0.424s] Level 1:colcon.colcon_core.package_identification:_identify(src/marge) by extension 'colcon_meta'
[0.424s] Level 1:colcon.colcon_core.package_identification:_identify(src/marge) by extensions ['ros']
[0.424s] Level 1:colcon.colcon_core.package_identification:_identify(src/marge) by extension 'ros'
[0.424s] DEBUG:colcon.colcon_core.package_identification:Package 'src/marge' with type 'ros.ament_cmake' and name 'marge'
[0.425s] Level 1:colcon.colcon_core.package_identification:_identify(src/my_robot) by extensions ['ignore', 'ignore_ament_install']
[0.425s] Level 1:colcon.colcon_core.package_identification:_identify(src/my_robot) by extension 'ignore'
[0.425s] Level 1:colcon.colcon_core.package_identification:_identify(src/my_robot) by extension 'ignore_ament_install'
[0.425s] Level 1:colcon.colcon_core.package_identification:_identify(src/my_robot) by extensions ['colcon_pkg']
[0.425s] Level 1:colcon.colcon_core.package_identification:_identify(src/my_robot) by extension 'colcon_pkg'
[0.425s] Level 1:colcon.colcon_core.package_identification:_identify(src/my_robot) by extensions ['colcon_meta']
[0.425s] Level 1:colcon.colcon_core.package_identification:_identify(src/my_robot) by extension 'colcon_meta'
[0.425s] Level 1:colcon.colcon_core.package_identification:_identify(src/my_robot) by extensions ['ros']
[0.425s] Level 1:colcon.colcon_core.package_identification:_identify(src/my_robot) by extension 'ros'
[0.426s] DEBUG:colcon.colcon_core.package_identification:Package 'src/my_robot' with type 'ros.ament_cmake' and name 'my_robot'
[0.426s] Level 1:colcon.colcon_core.package_identification:_identify(src/robot_bringup) by extensions ['ignore', 'ignore_ament_install']
[0.426s] Level 1:colcon.colcon_core.package_identification:_identify(src/robot_bringup) by extension 'ignore'
[0.426s] Level 1:colcon.colcon_core.package_identification:_identify(src/robot_bringup) by extension 'ignore_ament_install'
[0.426s] Level 1:colcon.colcon_core.package_identification:_identify(src/robot_bringup) by extensions ['colcon_pkg']
[0.426s] Level 1:colcon.colcon_core.package_identification:_identify(src/robot_bringup) by extension 'colcon_pkg'
[0.426s] Level 1:colcon.colcon_core.package_identification:_identify(src/robot_bringup) by extensions ['colcon_meta']
[0.426s] Level 1:colcon.colcon_core.package_identification:_identify(src/robot_bringup) by extension 'colcon_meta'
[0.426s] Level 1:colcon.colcon_core.package_identification:_identify(src/robot_bringup) by extensions ['ros']
[0.427s] Level 1:colcon.colcon_core.package_identification:_identify(src/robot_bringup) by extension 'ros'
[0.427s] DEBUG:colcon.colcon_core.package_identification:Package 'src/robot_bringup' with type 'ros.ament_cmake' and name 'robot_bringup'
[0.428s] Level 1:colcon.colcon_core.package_identification:_identify(src/robot_commander) by extensions ['ignore', 'ignore_ament_install']
[0.428s] Level 1:colcon.colcon_core.package_identification:_identify(src/robot_commander) by extension 'ignore'
[0.428s] Level 1:colcon.colcon_core.package_identification:_identify(src/robot_commander) by extension 'ignore_ament_install'
[0.428s] Level 1:colcon.colcon_core.package_identification:_identify(src/robot_commander) by extensions ['colcon_pkg']
[0.428s] Level 1:colcon.colcon_core.package_identification:_identify(src/robot_commander) by extension 'colcon_pkg'
[0.428s] Level 1:colcon.colcon_core.package_identification:_identify(src/robot_commander) by extensions ['colcon_meta']
[0.428s] Level 1:colcon.colcon_core.package_identification:_identify(src/robot_commander) by extension 'colcon_meta'
[0.428s] Level 1:colcon.colcon_core.package_identification:_identify(src/robot_commander) by extensions ['ros']
[0.428s] Level 1:colcon.colcon_core.package_identification:_identify(src/robot_commander) by extension 'ros'
[0.429s] DEBUG:colcon.colcon_core.package_identification:Package 'src/robot_commander' with type 'ros.ament_cmake' and name 'robot_commander'
[0.429s] Level 1:colcon.colcon_core.package_identification:_identify(src/robot_hardware) by extensions ['ignore', 'ignore_ament_install']
[0.429s] Level 1:colcon.colcon_core.package_identification:_identify(src/robot_hardware) by extension 'ignore'
[0.429s] Level 1:colcon.colcon_core.package_identification:_identify(src/robot_hardware) by extension 'ignore_ament_install'
[0.429s] Level 1:colcon.colcon_core.package_identification:_identify(src/robot_hardware) by extensions ['colcon_pkg']
[0.429s] Level 1:colcon.colcon_core.package_identification:_identify(src/robot_hardware) by extension 'colcon_pkg'
[0.430s] Level 1:colcon.colcon_core.package_identification:_identify(src/robot_hardware) by extensions ['colcon_meta']
[0.430s] Level 1:colcon.colcon_core.package_identification:_identify(src/robot_hardware) by extension 'colcon_meta'
[0.430s] Level 1:colcon.colcon_core.package_identification:_identify(src/robot_hardware) by extensions ['ros']
[0.430s] Level 1:colcon.colcon_core.package_identification:_identify(src/robot_hardware) by extension 'ros'
[0.431s] DEBUG:colcon.colcon_core.package_identification:Package 'src/robot_hardware' with type 'ros.ament_cmake' and name 'robot_hardware'
[0.431s] Level 1:colcon.colcon_core.package_identification:_identify(src/robot_moveit_config) by extensions ['ignore', 'ignore_ament_install']
[0.431s] Level 1:colcon.colcon_core.package_identification:_identify(src/robot_moveit_config) by extension 'ignore'
[0.431s] Level 1:colcon.colcon_core.package_identification:_identify(src/robot_moveit_config) by extension 'ignore_ament_install'
[0.431s] Level 1:colcon.colcon_core.package_identification:_identify(src/robot_moveit_config) by extensions ['colcon_pkg']
[0.431s] Level 1:colcon.colcon_core.package_identification:_identify(src/robot_moveit_config) by extension 'colcon_pkg'
[0.431s] Level 1:colcon.colcon_core.package_identification:_identify(src/robot_moveit_config) by extensions ['colcon_meta']
[0.431s] Level 1:colcon.colcon_core.package_identification:_identify(src/robot_moveit_config) by extension 'colcon_meta'
[0.431s] Level 1:colcon.colcon_core.package_identification:_identify(src/robot_moveit_config) by extensions ['ros']
[0.431s] Level 1:colcon.colcon_core.package_identification:_identify(src/robot_moveit_config) by extension 'ros'
[0.432s] DEBUG:colcon.colcon_core.package_identification:Package 'src/robot_moveit_config' with type 'ros.ament_cmake' and name 'robot_moveit_config'
[0.433s] Level 1:colcon.colcon_core.package_identification:_identify(src/robot_servoing) by extensions ['ignore', 'ignore_ament_install']
[0.433s] Level 1:colcon.colcon_core.package_identification:_identify(src/robot_servoing) by extension 'ignore'
[0.433s] Level 1:colcon.colcon_core.package_identification:_identify(src/robot_servoing) by extension 'ignore_ament_install'
[0.433s] Level 1:colcon.colcon_core.package_identification:_identify(src/robot_servoing) by extensions ['colcon_pkg']
[0.433s] Level 1:colcon.colcon_core.package_identification:_identify(src/robot_servoing) by extension 'colcon_pkg'
[0.433s] Level 1:colcon.colcon_core.package_identification:_identify(src/robot_servoing) by extensions ['colcon_meta']
[0.433s] Level 1:colcon.colcon_core.package_identification:_identify(src/robot_servoing) by extension 'colcon_meta'
[0.433s] Level 1:colcon.colcon_core.package_identification:_identify(src/robot_servoing) by extensions ['ros']
[0.433s] Level 1:colcon.colcon_core.package_identification:_identify(src/robot_servoing) by extension 'ros'
[0.435s] DEBUG:colcon.colcon_core.package_identification:Package 'src/robot_servoing' with type 'ros.ament_cmake' and name 'robot_servoing'
[0.435s] Level 1:colcon.colcon_core.package_identification:_identify(src/robot_status_leds) by extensions ['ignore', 'ignore_ament_install']
[0.435s] Level 1:colcon.colcon_core.package_identification:_identify(src/robot_status_leds) by extension 'ignore'
[0.435s] Level 1:colcon.colcon_core.package_identification:_identify(src/robot_status_leds) by extension 'ignore_ament_install'
[0.435s] Level 1:colcon.colcon_core.package_identification:_identify(src/robot_status_leds) by extensions ['colcon_pkg']
[0.435s] Level 1:colcon.colcon_core.package_identification:_identify(src/robot_status_leds) by extension 'colcon_pkg'
[0.435s] Level 1:colcon.colcon_core.package_identification:_identify(src/robot_status_leds) by extensions ['colcon_meta']
[0.435s] Level 1:colcon.colcon_core.package_identification:_identify(src/robot_status_leds) by extension 'colcon_meta'
[0.435s] Level 1:colcon.colcon_core.package_identification:_identify(src/robot_status_leds) by extensions ['ros']
[0.436s] Level 1:colcon.colcon_core.package_identification:_identify(src/robot_status_leds) by extension 'ros'
[0.436s] DEBUG:colcon.colcon_core.package_identification:Package 'src/robot_status_leds' with type 'ros.ament_python' and name 'robot_status_leds'
[0.436s] Level 1:colcon.colcon_core.package_identification:_identify(src/spotarm_assembly_description) by extensions ['ignore', 'ignore_ament_install']
[0.436s] Level 1:colcon.colcon_core.package_identification:_identify(src/spotarm_assembly_description) by extension 'ignore'
[0.437s] Level 1:colcon.colcon_core.package_identification:_identify(src/spotarm_assembly_description) by extension 'ignore_ament_install'
[0.437s] Level 1:colcon.colcon_core.package_identification:_identify(src/spotarm_assembly_description) by extensions ['colcon_pkg']
[0.437s] Level 1:colcon.colcon_core.package_identification:_identify(src/spotarm_assembly_description) by extension 'colcon_pkg'
[0.437s] Level 1:colcon.colcon_core.package_identification:_identify(src/spotarm_assembly_description) by extensions ['colcon_meta']
[0.437s] Level 1:colcon.colcon_core.package_identification:_identify(src/spotarm_assembly_description) by extension 'colcon_meta'
[0.437s] Level 1:colcon.colcon_core.package_identification:_identify(src/spotarm_assembly_description) by extensions ['ros']
[0.437s] Level 1:colcon.colcon_core.package_identification:_identify(src/spotarm_assembly_description) by extension 'ros'
[0.438s] DEBUG:colcon.colcon_core.package_identification:Package 'src/spotarm_assembly_description' with type 'ros.ament_python' and name 'spotarm_assembly_description'
[0.438s] Level 1:colcon.colcon_core.package_identification:_identify(src/stepper_test) by extensions ['ignore', 'ignore_ament_install']
[0.438s] Level 1:colcon.colcon_core.package_identification:_identify(src/stepper_test) by extension 'ignore'
[0.438s] Level 1:colcon.colcon_core.package_identification:_identify(src/stepper_test) by extension 'ignore_ament_install'
[0.438s] Level 1:colcon.colcon_core.package_identification:_identify(src/stepper_test) by extensions ['colcon_pkg']
[0.438s] Level 1:colcon.colcon_core.package_identification:_identify(src/stepper_test) by extension 'colcon_pkg'
[0.438s] Level 1:colcon.colcon_core.package_identification:_identify(src/stepper_test) by extensions ['colcon_meta']
[0.438s] Level 1:colcon.colcon_core.package_identification:_identify(src/stepper_test) by extension 'colcon_meta'
[0.438s] Level 1:colcon.colcon_core.package_identification:_identify(src/stepper_test) by extensions ['ros']
[0.438s] Level 1:colcon.colcon_core.package_identification:_identify(src/stepper_test) by extension 'ros'
[0.439s] DEBUG:colcon.colcon_core.package_identification:Package 'src/stepper_test' with type 'ros.ament_cmake' and name 'stepper_test'
[0.439s] Level 1:colcon.colcon_core.package_discovery:discover_packages(recursive) using defaults
[0.439s] Level 1:colcon.colcon_core.package_discovery:discover_packages(ignore) discover
[0.439s] Level 1:colcon.colcon_core.package_discovery:discover_packages(ignore) using defaults
[0.439s] Level 1:colcon.colcon_core.package_discovery:discover_packages(path) discover
[0.439s] Level 1:colcon.colcon_core.package_discovery:discover_packages(path) using defaults
[0.478s] Level 1:colcon.colcon_core.package_discovery:discover_packages(prefix_path) check parameters
[0.478s] Level 1:colcon.colcon_core.package_discovery:discover_packages(prefix_path) discover
[0.481s] DEBUG:colcon.colcon_installed_package_information.package_discovery:Found 357 installed packages in /opt/ros/humble
[0.483s] Level 1:colcon.colcon_core.package_discovery:discover_packages(prefix_path) using defaults
[0.531s] Level 5:colcon.colcon_core.verb:set package 'marge' build argument 'cmake_args' from command line to 'None'
[0.531s] Level 5:colcon.colcon_core.verb:set package 'marge' build argument 'cmake_target' from command line to 'None'
[0.531s] Level 5:colcon.colcon_core.verb:set package 'marge' build argument 'cmake_target_skip_unavailable' from command line to 'False'
[0.531s] Level 5:colcon.colcon_core.verb:set package 'marge' build argument 'cmake_clean_cache' from command line to 'False'
[0.531s] Level 5:colcon.colcon_core.verb:set package 'marge' build argument 'cmake_clean_first' from command line to 'False'
[0.531s] Level 5:colcon.colcon_core.verb:set package 'marge' build argument 'cmake_force_configure' from command line to 'False'
[0.531s] Level 5:colcon.colcon_core.verb:set package 'marge' build argument 'ament_cmake_args' from command line to 'None'
[0.531s] Level 5:colcon.colcon_core.verb:set package 'marge' build argument 'catkin_cmake_args' from command line to 'None'
[0.531s] Level 5:colcon.colcon_core.verb:set package 'marge' build argument 'catkin_skip_building_tests' from command line to 'False'
[0.532s] DEBUG:colcon.colcon_core.verb:Building package 'marge' with the following arguments: {'ament_cmake_args': None, 'build_base': '/home/msd/MSD2/REV4/build/marge', 'catkin_cmake_args': None, 'catkin_skip_building_tests': False, 'cmake_args': None, 'cmake_clean_cache': False, 'cmake_clean_first': False, 'cmake_force_configure': False, 'cmake_target': None, 'cmake_target_skip_unavailable': False, 'install_base': '/home/msd/MSD2/REV4/install/marge', 'merge_install': False, 'path': '/home/msd/MSD2/REV4/src/marge', 'symlink_install': False, 'test_result_base': None}
[0.532s] Level 5:colcon.colcon_core.verb:set package 'my_robot' build argument 'cmake_args' from command line to 'None'
[0.532s] Level 5:colcon.colcon_core.verb:set package 'my_robot' build argument 'cmake_target' from command line to 'None'
[0.532s] Level 5:colcon.colcon_core.verb:set package 'my_robot' build argument 'cmake_target_skip_unavailable' from command line to 'False'
[0.532s] Level 5:colcon.colcon_core.verb:set package 'my_robot' build argument 'cmake_clean_cache' from command line to 'False'
[0.532s] Level 5:colcon.colcon_core.verb:set package 'my_robot' build argument 'cmake_clean_first' from command line to 'False'
[0.532s] Level 5:colcon.colcon_core.verb:set package 'my_robot' build argument 'cmake_force_configure' from command line to 'False'
[0.532s] Level 5:colcon.colcon_core.verb:set package 'my_robot' build argument 'ament_cmake_args' from command line to 'None'
[0.532s] Level 5:colcon.colcon_core.verb:set package 'my_robot' build argument 'catkin_cmake_args' from command line to 'None'
[0.532s] Level 5:colcon.colcon_core.verb:set package 'my_robot' build argument 'catkin_skip_building_tests' from command line to 'False'
[0.532s] DEBUG:colcon.colcon_core.verb:Building package 'my_robot' with the following arguments: {'ament_cmake_args': None, 'build_base': '/home/msd/MSD2/REV4/build/my_robot', 'catkin_cmake_args': None, 'catkin_skip_building_tests': False, 'cmake_args': None, 'cmake_clean_cache': False, 'cmake_clean_first': False, 'cmake_force_configure': False, 'cmake_target': None, 'cmake_target_skip_unavailable': False, 'install_base': '/home/msd/MSD2/REV4/install/my_robot', 'merge_install': False, 'path': '/home/msd/MSD2/REV4/src/my_robot', 'symlink_install': False, 'test_result_base': None}
[0.533s] Level 5:colcon.colcon_core.verb:set package 'robot_commander' build argument 'cmake_args' from command line to 'None'
[0.533s] Level 5:colcon.colcon_core.verb:set package 'robot_commander' build argument 'cmake_target' from command line to 'None'
[0.533s] Level 5:colcon.colcon_core.verb:set package 'robot_commander' build argument 'cmake_target_skip_unavailable' from command line to 'False'
[0.533s] Level 5:colcon.colcon_core.verb:set package 'robot_commander' build argument 'cmake_clean_cache' from command line to 'False'
[0.533s] Level 5:colcon.colcon_core.verb:set package 'robot_commander' build argument 'cmake_clean_first' from command line to 'False'
[0.533s] Level 5:colcon.colcon_core.verb:set package 'robot_commander' build argument 'cmake_force_configure' from command line to 'False'
[0.533s] Level 5:colcon.colcon_core.verb:set package 'robot_commander' build argument 'ament_cmake_args' from command line to 'None'
[0.533s] Level 5:colcon.colcon_core.verb:set package 'robot_commander' build argument 'catkin_cmake_args' from command line to 'None'
[0.533s] Level 5:colcon.colcon_core.verb:set package 'robot_commander' build argument 'catkin_skip_building_tests' from command line to 'False'
[0.533s] DEBUG:colcon.colcon_core.verb:Building package 'robot_commander' with the following arguments: {'ament_cmake_args': None, 'build_base': '/home/msd/MSD2/REV4/build/robot_commander', 'catkin_cmake_args': None, 'catkin_skip_building_tests': False, 'cmake_args': None, 'cmake_clean_cache': False, 'cmake_clean_first': False, 'cmake_force_configure': False, 'cmake_target': None, 'cmake_target_skip_unavailable': False, 'install_base': '/home/msd/MSD2/REV4/install/robot_commander', 'merge_install': False, 'path': '/home/msd/MSD2/REV4/src/robot_commander', 'symlink_install': False, 'test_result_base': None}
[0.533s] Level 5:colcon.colcon_core.verb:set package 'robot_hardware' build argument 'cmake_args' from command line to 'None'
[0.533s] Level 5:colcon.colcon_core.verb:set package 'robot_hardware' build argument 'cmake_target' from command line to 'None'
[0.533s] Level 5:colcon.colcon_core.verb:set package 'robot_hardware' build argument 'cmake_target_skip_unavailable' from command line to 'False'
[0.533s] Level 5:colcon.colcon_core.verb:set package 'robot_hardware' build argument 'cmake_clean_cache' from command line to 'False'
[0.533s] Level 5:colcon.colcon_core.verb:set package 'robot_hardware' build argument 'cmake_clean_first' from command line to 'False'
[0.533s] Level 5:colcon.colcon_core.verb:set package 'robot_hardware' build argument 'cmake_force_configure' from command line to 'False'
[0.533s] Level 5:colcon.colcon_core.verb:set package 'robot_hardware' build argument 'ament_cmake_args' from command line to 'None'
[0.533s] Level 5:colcon.colcon_core.verb:set package 'robot_hardware' build argument 'catkin_cmake_args' from command line to 'None'
[0.533s] Level 5:colcon.colcon_core.verb:set package 'robot_hardware' build argument 'catkin_skip_building_tests' from command line to 'False'
[0.533s] DEBUG:colcon.colcon_core.verb:Building package 'robot_hardware' with the following arguments: {'ament_cmake_args': None, 'build_base': '/home/msd/MSD2/REV4/build/robot_hardware', 'catkin_cmake_args': None, 'catkin_skip_building_tests': False, 'cmake_args': None, 'cmake_clean_cache': False, 'cmake_clean_first': False, 'cmake_force_configure': False, 'cmake_target': None, 'cmake_target_skip_unavailable': False, 'install_base': '/home/msd/MSD2/REV4/install/robot_hardware', 'merge_install': False, 'path': '/home/msd/MSD2/REV4/src/robot_hardware', 'symlink_install': False, 'test_result_base': None}
[0.534s] Level 5:colcon.colcon_core.verb:set package 'robot_servoing' build argument 'cmake_args' from command line to 'None'
[0.534s] Level 5:colcon.colcon_core.verb:set package 'robot_servoing' build argument 'cmake_target' from command line to 'None'
[0.534s] Level 5:colcon.colcon_core.verb:set package 'robot_servoing' build argument 'cmake_target_skip_unavailable' from command line to 'False'
[0.534s] Level 5:colcon.colcon_core.verb:set package 'robot_servoing' build argument 'cmake_clean_cache' from command line to 'False'
[0.534s] Level 5:colcon.colcon_core.verb:set package 'robot_servoing' build argument 'cmake_clean_first' from command line to 'False'
[0.534s] Level 5:colcon.colcon_core.verb:set package 'robot_servoing' build argument 'cmake_force_configure' from command line to 'False'
[0.534s] Level 5:colcon.colcon_core.verb:set package 'robot_servoing' build argument 'ament_cmake_args' from command line to 'None'
[0.534s] Level 5:colcon.colcon_core.verb:set package 'robot_servoing' build argument 'catkin_cmake_args' from command line to 'None'
[0.534s] Level 5:colcon.colcon_core.verb:set package 'robot_servoing' build argument 'catkin_skip_building_tests' from command line to 'False'
[0.534s] DEBUG:colcon.colcon_core.verb:Building package 'robot_servoing' with the following arguments: {'ament_cmake_args': None, 'build_base': '/home/msd/MSD2/REV4/build/robot_servoing', 'catkin_cmake_args': None, 'catkin_skip_building_tests': False, 'cmake_args': None, 'cmake_clean_cache': False, 'cmake_clean_first': False, 'cmake_force_configure': False, 'cmake_target': None, 'cmake_target_skip_unavailable': False, 'install_base': '/home/msd/MSD2/REV4/install/robot_servoing', 'merge_install': False, 'path': '/home/msd/MSD2/REV4/src/robot_servoing', 'symlink_install': False, 'test_result_base': None}
[0.534s] Level 5:colcon.colcon_core.verb:set package 'robot_status_leds' build argument 'cmake_args' from command line to 'None'
[0.534s] Level 5:colcon.colcon_core.verb:set package 'robot_status_leds' build argument 'cmake_target' from command line to 'None'
[0.534s] Level 5:colcon.colcon_core.verb:set package 'robot_status_leds' build argument 'cmake_target_skip_unavailable' from command line to 'False'
[0.534s] Level 5:colcon.colcon_core.verb:set package 'robot_status_leds' build argument 'cmake_clean_cache' from command line to 'False'
[0.534s] Level 5:colcon.colcon_core.verb:set package 'robot_status_leds' build argument 'cmake_clean_first' from command line to 'False'
[0.534s] Level 5:colcon.colcon_core.verb:set package 'robot_status_leds' build argument 'cmake_force_configure' from command line to 'False'
[0.534s] Level 5:colcon.colcon_core.verb:set package 'robot_status_leds' build argument 'ament_cmake_args' from command line to 'None'
[0.535s] Level 5:colcon.colcon_core.verb:set package 'robot_status_leds' build argument 'catkin_cmake_args' from command line to 'None'
[0.535s] Level 5:colcon.colcon_core.verb:set package 'robot_status_leds' build argument 'catkin_skip_building_tests' from command line to 'False'
[0.535s] DEBUG:colcon.colcon_core.verb:Building package 'robot_status_leds' with the following arguments: {'ament_cmake_args': None, 'build_base': '/home/msd/MSD2/REV4/build/robot_status_leds', 'catkin_cmake_args': None, 'catkin_skip_building_tests': False, 'cmake_args': None, 'cmake_clean_cache': False, 'cmake_clean_first': False, 'cmake_force_configure': False, 'cmake_target': None, 'cmake_target_skip_unavailable': False, 'install_base': '/home/msd/MSD2/REV4/install/robot_status_leds', 'merge_install': False, 'path': '/home/msd/MSD2/REV4/src/robot_status_leds', 'symlink_install': False, 'test_result_base': None}
[0.535s] Level 5:colcon.colcon_core.verb:set package 'spotarm_assembly_description' build argument 'cmake_args' from command line to 'None'
[0.535s] Level 5:colcon.colcon_core.verb:set package 'spotarm_assembly_description' build argument 'cmake_target' from command line to 'None'
[0.535s] Level 5:colcon.colcon_core.verb:set package 'spotarm_assembly_description' build argument 'cmake_target_skip_unavailable' from command line to 'False'
[0.535s] Level 5:colcon.colcon_core.verb:set package 'spotarm_assembly_description' build argument 'cmake_clean_cache' from command line to 'False'
[0.535s] Level 5:colcon.colcon_core.verb:set package 'spotarm_assembly_description' build argument 'cmake_clean_first' from command line to 'False'
[0.535s] Level 5:colcon.colcon_core.verb:set package 'spotarm_assembly_description' build argument 'cmake_force_configure' from command line to 'False'
[0.535s] Level 5:colcon.colcon_core.verb:set package 'spotarm_assembly_description' build argument 'ament_cmake_args' from command line to 'None'
[0.535s] Level 5:colcon.colcon_core.verb:set package 'spotarm_assembly_description' build argument 'catkin_cmake_args' from command line to 'None'
[0.535s] Level 5:colcon.colcon_core.verb:set package 'spotarm_assembly_description' build argument 'catkin_skip_building_tests' from command line to 'False'
[0.535s] DEBUG:colcon.colcon_core.verb:Building package 'spotarm_assembly_description' with the following arguments: {'ament_cmake_args': None, 'build_base': '/home/msd/MSD2/REV4/build/spotarm_assembly_description', 'catkin_cmake_args': None, 'catkin_skip_building_tests': False, 'cmake_args': None, 'cmake_clean_cache': False, 'cmake_clean_first': False, 'cmake_force_configure': False, 'cmake_target': None, 'cmake_target_skip_unavailable': False, 'install_base': '/home/msd/MSD2/REV4/install/spotarm_assembly_description', 'merge_install': False, 'path': '/home/msd/MSD2/REV4/src/spotarm_assembly_description', 'symlink_install': False, 'test_result_base': None}
[0.536s] Level 5:colcon.colcon_core.verb:set package 'stepper_test' build argument 'cmake_args' from command line to 'None'
[0.536s] Level 5:colcon.colcon_core.verb:set package 'stepper_test' build argument 'cmake_target' from command line to 'None'
[0.536s] Level 5:colcon.colcon_core.verb:set package 'stepper_test' build argument 'cmake_target_skip_unavailable' from command line to 'False'
[0.536s] Level 5:colcon.colcon_core.verb:set package 'stepper_test' build argument 'cmake_clean_cache' from command line to 'False'
[0.536s] Level 5:colcon.colcon_core.verb:set package 'stepper_test' build argument 'cmake_clean_first' from command line to 'False'
[0.536s] Level 5:colcon.colcon_core.verb:set package 'stepper_test' build argument 'cmake_force_configure' from command line to 'False'
[0.536s] Level 5:colcon.colcon_core.verb:set package 'stepper_test' build argument 'ament_cmake_args' from command line to 'None'
[0.536s] Level 5:colcon.colcon_core.verb:set package 'stepper_test' build argument 'catkin_cmake_args' from command line to 'None'
[0.536s] Level 5:colcon.colcon_core.verb:set package 'stepper_test' build argument 'catkin_skip_building_tests' from command line to 'False'
[0.536s] DEBUG:colcon.colcon_core.verb:Building package 'stepper_test' with the following arguments: {'ament_cmake_args': None, 'build_base': '/home/msd/MSD2/REV4/build/stepper_test', 'catkin_cmake_args': None, 'catkin_skip_building_tests': False, 'cmake_args': None, 'cmake_clean_cache': False, 'cmake_clean_first': False, 'cmake_force_configure': False, 'cmake_target': None, 'cmake_target_skip_unavailable': False, 'install_base': '/home/msd/MSD2/REV4/install/stepper_test', 'merge_install': False, 'path': '/home/msd/MSD2/REV4/src/stepper_test', 'symlink_install': False, 'test_result_base': None}
[0.536s] Level 5:colcon.colcon_core.verb:set package 'gear_manipulator_moveit_config' build argument 'cmake_args' from command line to 'None'
[0.536s] Level 5:colcon.colcon_core.verb:set package 'gear_manipulator_moveit_config' build argument 'cmake_target' from command line to 'None'
[0.536s] Level 5:colcon.colcon_core.verb:set package 'gear_manipulator_moveit_config' build argument 'cmake_target_skip_unavailable' from command line to 'False'
[0.536s] Level 5:colcon.colcon_core.verb:set package 'gear_manipulator_moveit_config' build argument 'cmake_clean_cache' from command line to 'False'
[0.536s] Level 5:colcon.colcon_core.verb:set package 'gear_manipulator_moveit_config' build argument 'cmake_clean_first' from command line to 'False'
[0.536s] Level 5:colcon.colcon_core.verb:set package 'gear_manipulator_moveit_config' build argument 'cmake_force_configure' from command line to 'False'
[0.536s] Level 5:colcon.colcon_core.verb:set package 'gear_manipulator_moveit_config' build argument 'ament_cmake_args' from command line to 'None'
[0.536s] Level 5:colcon.colcon_core.verb:set package 'gear_manipulator_moveit_config' build argument 'catkin_cmake_args' from command line to 'None'
[0.536s] Level 5:colcon.colcon_core.verb:set package 'gear_manipulator_moveit_config' build argument 'catkin_skip_building_tests' from command line to 'False'
[0.536s] DEBUG:colcon.colcon_core.verb:Building package 'gear_manipulator_moveit_config' with the following arguments: {'ament_cmake_args': None, 'build_base': '/home/msd/MSD2/REV4/build/gear_manipulator_moveit_config', 'catkin_cmake_args': None, 'catkin_skip_building_tests': False, 'cmake_args': None, 'cmake_clean_cache': False, 'cmake_clean_first': False, 'cmake_force_configure': False, 'cmake_target': None, 'cmake_target_skip_unavailable': False, 'install_base': '/home/msd/MSD2/REV4/install/gear_manipulator_moveit_config', 'merge_install': False, 'path': '/home/msd/MSD2/REV4/src/gear_manipulator_moveit_config', 'symlink_install': False, 'test_result_base': None}
[0.537s] Level 5:colcon.colcon_core.verb:set package 'robot_moveit_config' build argument 'cmake_args' from command line to 'None'
[0.537s] Level 5:colcon.colcon_core.verb:set package 'robot_moveit_config' build argument 'cmake_target' from command line to 'None'
[0.537s] Level 5:colcon.colcon_core.verb:set package 'robot_moveit_config' build argument 'cmake_target_skip_unavailable' from command line to 'False'
[0.537s] Level 5:colcon.colcon_core.verb:set package 'robot_moveit_config' build argument 'cmake_clean_cache' from command line to 'False'
[0.537s] Level 5:colcon.colcon_core.verb:set package 'robot_moveit_config' build argument 'cmake_clean_first' from command line to 'False'
[0.537s] Level 5:colcon.colcon_core.verb:set package 'robot_moveit_config' build argument 'cmake_force_configure' from command line to 'False'
[0.537s] Level 5:colcon.colcon_core.verb:set package 'robot_moveit_config' build argument 'ament_cmake_args' from command line to 'None'
[0.537s] Level 5:colcon.colcon_core.verb:set package 'robot_moveit_config' build argument 'catkin_cmake_args' from command line to 'None'
[0.537s] Level 5:colcon.colcon_core.verb:set package 'robot_moveit_config' build argument 'catkin_skip_building_tests' from command line to 'False'
[0.537s] DEBUG:colcon.colcon_core.verb:Building package 'robot_moveit_config' with the following arguments: {'ament_cmake_args': None, 'build_base': '/home/msd/MSD2/REV4/build/robot_moveit_config', 'catkin_cmake_args': None, 'catkin_skip_building_tests': False, 'cmake_args': None, 'cmake_clean_cache': False, 'cmake_clean_first': False, 'cmake_force_configure': False, 'cmake_target': None, 'cmake_target_skip_unavailable': False, 'install_base': '/home/msd/MSD2/REV4/install/robot_moveit_config', 'merge_install': False, 'path': '/home/msd/MSD2/REV4/src/robot_moveit_config', 'symlink_install': False, 'test_result_base': None}
[0.537s] Level 5:colcon.colcon_core.verb:set package 'robot_bringup' build argument 'cmake_args' from command line to 'None'
[0.537s] Level 5:colcon.colcon_core.verb:set package 'robot_bringup' build argument 'cmake_target' from command line to 'None'
[0.537s] Level 5:colcon.colcon_core.verb:set package 'robot_bringup' build argument 'cmake_target_skip_unavailable' from command line to 'False'
[0.537s] Level 5:colcon.colcon_core.verb:set package 'robot_bringup' build argument 'cmake_clean_cache' from command line to 'False'
[0.537s] Level 5:colcon.colcon_core.verb:set package 'robot_bringup' build argument 'cmake_clean_first' from command line to 'False'
[0.537s] Level 5:colcon.colcon_core.verb:set package 'robot_bringup' build argument 'cmake_force_configure' from command line to 'False'
[0.537s] Level 5:colcon.colcon_core.verb:set package 'robot_bringup' build argument 'ament_cmake_args' from command line to 'None'
[0.537s] Level 5:colcon.colcon_core.verb:set package 'robot_bringup' build argument 'catkin_cmake_args' from command line to 'None'
[0.537s] Level 5:colcon.colcon_core.verb:set package 'robot_bringup' build argument 'catkin_skip_building_tests' from command line to 'False'
[0.538s] DEBUG:colcon.colcon_core.verb:Building package 'robot_bringup' with the following arguments: {'ament_cmake_args': None, 'build_base': '/home/msd/MSD2/REV4/build/robot_bringup', 'catkin_cmake_args': None, 'catkin_skip_building_tests': False, 'cmake_args': None, 'cmake_clean_cache': False, 'cmake_clean_first': False, 'cmake_force_configure': False, 'cmake_target': None, 'cmake_target_skip_unavailable': False, 'install_base': '/home/msd/MSD2/REV4/install/robot_bringup', 'merge_install': False, 'path': '/home/msd/MSD2/REV4/src/robot_bringup', 'symlink_install': False, 'test_result_base': None}
[0.538s] INFO:colcon.colcon_core.executor:Executing jobs using 'parallel' executor
[0.539s] DEBUG:colcon.colcon_parallel_executor.executor.parallel:run_until_complete
[0.539s] INFO:colcon.colcon_ros.task.ament_python.build:Building ROS package in '/home/msd/MSD2/REV4/src/spotarm_assembly_description' with build type 'ament_python'
[0.539s] Level 1:colcon.colcon_core.shell:create_environment_hook('spotarm_assembly_description', 'ament_prefix_path')
[0.543s] INFO:colcon.colcon_core.plugin_system:Skipping extension 'colcon_core.shell.bat': Not used on non-Windows systems
[0.543s] INFO:colcon.colcon_core.shell:Creating environment hook '/home/msd/MSD2/REV4/install/spotarm_assembly_description/share/spotarm_assembly_description/hook/ament_prefix_path.ps1'
[0.544s] INFO:colcon.colcon_core.shell:Creating environment descriptor '/home/msd/MSD2/REV4/install/spotarm_assembly_description/share/spotarm_assembly_description/hook/ament_prefix_path.dsv'
[0.545s] INFO:colcon.colcon_core.shell:Creating environment hook '/home/msd/MSD2/REV4/install/spotarm_assembly_description/share/spotarm_assembly_description/hook/ament_prefix_path.sh'
[0.546s] INFO:colcon.colcon_core.shell:Skip shell extension 'powershell' for command environment: Not usable outside of PowerShell
[0.546s] DEBUG:colcon.colcon_core.shell:Skip shell extension 'dsv' for command environment
[0.549s] INFO:colcon.colcon_ros.task.ament_cmake.build:Building ROS package in '/home/msd/MSD2/REV4/src/my_robot' with build type 'ament_cmake'
[0.549s] INFO:colcon.colcon_cmake.task.cmake.build:Building CMake package in '/home/msd/MSD2/REV4/src/my_robot'
[0.549s] INFO:colcon.colcon_core.shell:Skip shell extension 'powershell' for command environment: Not usable outside of PowerShell
[0.549s] DEBUG:colcon.colcon_core.shell:Skip shell extension 'dsv' for command environment
[0.552s] INFO:colcon.colcon_ros.task.ament_cmake.build:Building ROS package in '/home/msd/MSD2/REV4/src/marge' with build type 'ament_cmake'
[0.553s] INFO:colcon.colcon_cmake.task.cmake.build:Building CMake package in '/home/msd/MSD2/REV4/src/marge'
[0.553s] INFO:colcon.colcon_core.shell:Skip shell extension 'powershell' for command environment: Not usable outside of PowerShell
[0.553s] DEBUG:colcon.colcon_core.shell:Skip shell extension 'dsv' for command environment
[0.555s] INFO:colcon.colcon_ros.task.ament_cmake.build:Building ROS package in '/home/msd/MSD2/REV4/src/robot_commander' with build type 'ament_cmake'
[0.555s] INFO:colcon.colcon_cmake.task.cmake.build:Building CMake package in '/home/msd/MSD2/REV4/src/robot_commander'
[0.556s] INFO:colcon.colcon_core.shell:Skip shell extension 'powershell' for command environment: Not usable outside of PowerShell
[0.556s] DEBUG:colcon.colcon_core.shell:Skip shell extension 'dsv' for command environment
[0.558s] INFO:colcon.colcon_ros.task.ament_cmake.build:Building ROS package in '/home/msd/MSD2/REV4/src/robot_hardware' with build type 'ament_cmake'
[0.559s] INFO:colcon.colcon_cmake.task.cmake.build:Building CMake package in '/home/msd/MSD2/REV4/src/robot_hardware'
[0.559s] INFO:colcon.colcon_core.shell:Skip shell extension 'powershell' for command environment: Not usable outside of PowerShell
[0.559s] DEBUG:colcon.colcon_core.shell:Skip shell extension 'dsv' for command environment
[0.561s] INFO:colcon.colcon_ros.task.ament_cmake.build:Building ROS package in '/home/msd/MSD2/REV4/src/robot_servoing' with build type 'ament_cmake'
[0.561s] INFO:colcon.colcon_cmake.task.cmake.build:Building CMake package in '/home/msd/MSD2/REV4/src/robot_servoing'
[0.562s] INFO:colcon.colcon_core.shell:Skip shell extension 'powershell' for command environment: Not usable outside of PowerShell
[0.562s] DEBUG:colcon.colcon_core.shell:Skip shell extension 'dsv' for command environment
[0.564s] INFO:colcon.colcon_ros.task.ament_python.build:Building ROS package in '/home/msd/MSD2/REV4/src/robot_status_leds' with build type 'ament_python'
[0.564s] Level 1:colcon.colcon_core.shell:create_environment_hook('robot_status_leds', 'ament_prefix_path')
[0.565s] INFO:colcon.colcon_core.shell:Creating environment hook '/home/msd/MSD2/REV4/install/robot_status_leds/share/robot_status_leds/hook/ament_prefix_path.ps1'
[0.566s] INFO:colcon.colcon_core.shell:Creating environment descriptor '/home/msd/MSD2/REV4/install/robot_status_leds/share/robot_status_leds/hook/ament_prefix_path.dsv'
[0.567s] INFO:colcon.colcon_core.shell:Creating environment hook '/home/msd/MSD2/REV4/install/robot_status_leds/share/robot_status_leds/hook/ament_prefix_path.sh'
[0.568s] INFO:colcon.colcon_core.shell:Skip shell extension 'powershell' for command environment: Not usable outside of PowerShell
[0.568s] DEBUG:colcon.colcon_core.shell:Skip shell extension 'dsv' for command environment
[0.571s] INFO:colcon.colcon_ros.task.ament_cmake.build:Building ROS package in '/home/msd/MSD2/REV4/src/stepper_test' with build type 'ament_cmake'
[0.571s] INFO:colcon.colcon_cmake.task.cmake.build:Building CMake package in '/home/msd/MSD2/REV4/src/stepper_test'
[0.571s] INFO:colcon.colcon_core.shell:Skip shell extension 'powershell' for command environment: Not usable outside of PowerShell
[0.571s] DEBUG:colcon.colcon_core.shell:Skip shell extension 'dsv' for command environment
[0.828s] INFO:colcon.colcon_core.task.python.build:Building Python package in '/home/msd/MSD2/REV4/src/spotarm_assembly_description'
[0.829s] INFO:colcon.colcon_core.shell:Skip shell extension 'powershell' for command environment: Not usable outside of PowerShell
[0.829s] DEBUG:colcon.colcon_core.shell:Skip shell extension 'dsv' for command environment
[0.834s] DEBUG:colcon.colcon_core.event_handler.log_command:Invoking command in '/home/msd/MSD2/REV4/build/my_robot': CMAKE_PREFIX_PATH=/opt/ros/humble /usr/bin/cmake /home/msd/MSD2/REV4/src/my_robot -DCMAKE_INSTALL_PREFIX=/home/msd/MSD2/REV4/install/my_robot
[0.839s] DEBUG:colcon.colcon_core.event_handler.log_command:Invoking command in '/home/msd/MSD2/REV4/build/marge': CMAKE_PREFIX_PATH=/opt/ros/humble /usr/bin/cmake /home/msd/MSD2/REV4/src/marge -DCMAKE_INSTALL_PREFIX=/home/msd/MSD2/REV4/install/marge
[0.843s] DEBUG:colcon.colcon_core.event_handler.log_command:Invoking command in '/home/msd/MSD2/REV4/build/robot_commander': CMAKE_PREFIX_PATH=/opt/ros/humble /usr/bin/cmake /home/msd/MSD2/REV4/src/robot_commander -DCMAKE_INSTALL_PREFIX=/home/msd/MSD2/REV4/install/robot_commander
[0.846s] DEBUG:colcon.colcon_core.event_handler.log_command:Invoking command in '/home/msd/MSD2/REV4/build/robot_hardware': CMAKE_PREFIX_PATH=/opt/ros/humble /usr/bin/cmake /home/msd/MSD2/REV4/src/robot_hardware -DCMAKE_INSTALL_PREFIX=/home/msd/MSD2/REV4/install/robot_hardware
[0.851s] DEBUG:colcon.colcon_core.event_handler.log_command:Invoking command in '/home/msd/MSD2/REV4/build/robot_servoing': CMAKE_PREFIX_PATH=/opt/ros/humble /usr/bin/cmake /home/msd/MSD2/REV4/src/robot_servoing -DCMAKE_INSTALL_PREFIX=/home/msd/MSD2/REV4/install/robot_servoing
[1.223s] INFO:colcon.colcon_core.task.python.build:Building Python package in '/home/msd/MSD2/REV4/src/robot_status_leds'
[1.223s] INFO:colcon.colcon_core.shell:Skip shell extension 'powershell' for command environment: Not usable outside of PowerShell
[1.223s] DEBUG:colcon.colcon_core.shell:Skip shell extension 'dsv' for command environment
[1.232s] DEBUG:colcon.colcon_core.event_handler.log_command:Invoking command in '/home/msd/MSD2/REV4/build/stepper_test': CMAKE_PREFIX_PATH=/opt/ros/humble /usr/bin/cmake /home/msd/MSD2/REV4/src/stepper_test -DCMAKE_INSTALL_PREFIX=/home/msd/MSD2/REV4/install/stepper_test
[1.240s] DEBUG:colcon.colcon_core.event_handler.log_command:Invoked command in '/home/msd/MSD2/REV4/build/marge' returned '0': CMAKE_PREFIX_PATH=/opt/ros/humble /usr/bin/cmake /home/msd/MSD2/REV4/src/marge -DCMAKE_INSTALL_PREFIX=/home/msd/MSD2/REV4/install/marge
[1.241s] DEBUG:colcon.colcon_core.event_handler.log_command:Invoking command in '/home/msd/MSD2/REV4/build/marge': CMAKE_PREFIX_PATH=/opt/ros/humble /usr/bin/cmake --build /home/msd/MSD2/REV4/build/marge -- -j8 -l8
[1.244s] DEBUG:colcon.colcon_core.event_handler.log_command:Invoked command in '/home/msd/MSD2/REV4/build/my_robot' returned '0': CMAKE_PREFIX_PATH=/opt/ros/humble /usr/bin/cmake /home/msd/MSD2/REV4/src/my_robot -DCMAKE_INSTALL_PREFIX=/home/msd/MSD2/REV4/install/my_robot
[1.244s] DEBUG:colcon.colcon_core.event_handler.log_command:Invoking command in '/home/msd/MSD2/REV4/build/my_robot': CMAKE_PREFIX_PATH=/opt/ros/humble /usr/bin/cmake --build /home/msd/MSD2/REV4/build/my_robot -- -j8 -l8
[1.297s] DEBUG:colcon.colcon_core.event_handler.log_command:Invoked command in '/home/msd/MSD2/REV4/build/my_robot' returned '0': CMAKE_PREFIX_PATH=/opt/ros/humble /usr/bin/cmake --build /home/msd/MSD2/REV4/build/my_robot -- -j8 -l8
[1.311s] DEBUG:colcon.colcon_core.event_handler.log_command:Invoking command in '/home/msd/MSD2/REV4/build/my_robot': CMAKE_PREFIX_PATH=/opt/ros/humble /usr/bin/cmake --install /home/msd/MSD2/REV4/build/my_robot
[1.346s] Level 1:colcon.colcon_core.environment:create_environment_scripts_only(my_robot)
[1.347s] DEBUG:colcon.colcon_core.event_handler.log_command:Invoked command in '/home/msd/MSD2/REV4/build/my_robot' returned '0': CMAKE_PREFIX_PATH=/opt/ros/humble /usr/bin/cmake --install /home/msd/MSD2/REV4/build/my_robot
[1.354s] Level 1:colcon.colcon_core.environment:checking '/home/msd/MSD2/REV4/install/my_robot' for CMake module files
[1.355s] Level 1:colcon.colcon_core.environment:checking '/home/msd/MSD2/REV4/install/my_robot' for CMake config files
[1.356s] Level 1:colcon.colcon_core.shell:create_environment_hook('my_robot', 'cmake_prefix_path')
[1.356s] INFO:colcon.colcon_core.shell:Creating environment hook '/home/msd/MSD2/REV4/install/my_robot/share/my_robot/hook/cmake_prefix_path.ps1'
[1.357s] INFO:colcon.colcon_core.shell:Creating environment descriptor '/home/msd/MSD2/REV4/install/my_robot/share/my_robot/hook/cmake_prefix_path.dsv'
[1.358s] INFO:colcon.colcon_core.shell:Creating environment hook '/home/msd/MSD2/REV4/install/my_robot/share/my_robot/hook/cmake_prefix_path.sh'
[1.360s] Level 1:colcon.colcon_core.environment:checking '/home/msd/MSD2/REV4/install/my_robot/bin'
[1.360s] Level 1:colcon.colcon_core.environment:checking '/home/msd/MSD2/REV4/install/my_robot/lib/pkgconfig/my_robot.pc'
[1.361s] Level 1:colcon.colcon_core.environment:checking '/home/msd/MSD2/REV4/install/my_robot/lib/python3.10/site-packages'
[1.362s] Level 1:colcon.colcon_core.environment:checking '/home/msd/MSD2/REV4/install/my_robot/bin'
[1.363s] INFO:colcon.colcon_core.shell:Creating package script '/home/msd/MSD2/REV4/install/my_robot/share/my_robot/package.ps1'
[1.365s] INFO:colcon.colcon_core.shell:Creating package descriptor '/home/msd/MSD2/REV4/install/my_robot/share/my_robot/package.dsv'
[1.367s] INFO:colcon.colcon_core.shell:Creating package script '/home/msd/MSD2/REV4/install/my_robot/share/my_robot/package.sh'
[1.368s] INFO:colcon.colcon_core.shell:Creating package script '/home/msd/MSD2/REV4/install/my_robot/share/my_robot/package.bash'
[1.370s] INFO:colcon.colcon_core.shell:Creating package script '/home/msd/MSD2/REV4/install/my_robot/share/my_robot/package.zsh'
[1.372s] Level 1:colcon.colcon_core.environment:create_file_with_runtime_dependencies(/home/msd/MSD2/REV4/install/my_robot/share/colcon-core/packages/my_robot)
[1.373s] Level 1:colcon.colcon_core.environment:create_environment_scripts_only(my_robot)
[1.374s] Level 1:colcon.colcon_core.environment:checking '/home/msd/MSD2/REV4/install/my_robot' for CMake module files
[1.375s] Level 1:colcon.colcon_core.environment:checking '/home/msd/MSD2/REV4/install/my_robot' for CMake config files
[1.375s] Level 1:colcon.colcon_core.shell:create_environment_hook('my_robot', 'cmake_prefix_path')
[1.376s] INFO:colcon.colcon_core.shell:Creating environment hook '/home/msd/MSD2/REV4/install/my_robot/share/my_robot/hook/cmake_prefix_path.ps1'
[1.377s] INFO:colcon.colcon_core.shell:Creating environment descriptor '/home/msd/MSD2/REV4/install/my_robot/share/my_robot/hook/cmake_prefix_path.dsv'
[1.378s] INFO:colcon.colcon_core.shell:Creating environment hook '/home/msd/MSD2/REV4/install/my_robot/share/my_robot/hook/cmake_prefix_path.sh'
[1.379s] Level 1:colcon.colcon_core.environment:checking '/home/msd/MSD2/REV4/install/my_robot/bin'
[1.379s] Level 1:colcon.colcon_core.environment:checking '/home/msd/MSD2/REV4/install/my_robot/lib/pkgconfig/my_robot.pc'
[1.380s] Level 1:colcon.colcon_core.environment:checking '/home/msd/MSD2/REV4/install/my_robot/lib/python3.10/site-packages'
[1.380s] Level 1:colcon.colcon_core.environment:checking '/home/msd/MSD2/REV4/install/my_robot/bin'
[1.381s] INFO:colcon.colcon_core.shell:Creating package script '/home/msd/MSD2/REV4/install/my_robot/share/my_robot/package.ps1'
[1.382s] INFO:colcon.colcon_core.shell:Creating package descriptor '/home/msd/MSD2/REV4/install/my_robot/share/my_robot/package.dsv'
[1.382s] INFO:colcon.colcon_core.shell:Creating package script '/home/msd/MSD2/REV4/install/my_robot/share/my_robot/package.sh'
[1.383s] INFO:colcon.colcon_core.shell:Creating package script '/home/msd/MSD2/REV4/install/my_robot/share/my_robot/package.bash'
[1.383s] INFO:colcon.colcon_core.shell:Creating package script '/home/msd/MSD2/REV4/install/my_robot/share/my_robot/package.zsh'
[1.384s] Level 1:colcon.colcon_core.environment:create_file_with_runtime_dependencies(/home/msd/MSD2/REV4/install/my_robot/share/colcon-core/packages/my_robot)
[1.385s] INFO:colcon.colcon_ros.task.ament_cmake.build:Building ROS package in '/home/msd/MSD2/REV4/src/gear_manipulator_moveit_config' with build type 'ament_cmake'
[1.385s] INFO:colcon.colcon_cmake.task.cmake.build:Building CMake package in '/home/msd/MSD2/REV4/src/gear_manipulator_moveit_config'
[1.385s] INFO:colcon.colcon_core.shell:Skip shell extension 'powershell' for command environment: Not usable outside of PowerShell
[1.386s] DEBUG:colcon.colcon_core.shell:Skip shell extension 'dsv' for command environment
[1.395s] DEBUG:colcon.colcon_core.event_handler.log_command:Invoked command in '/home/msd/MSD2/REV4/build/marge' returned '0': CMAKE_PREFIX_PATH=/opt/ros/humble /usr/bin/cmake --build /home/msd/MSD2/REV4/build/marge -- -j8 -l8
[1.397s] DEBUG:colcon.colcon_core.event_handler.log_command:Invoking command in '/home/msd/MSD2/REV4/build/marge': CMAKE_PREFIX_PATH=/opt/ros/humble /usr/bin/cmake --install /home/msd/MSD2/REV4/build/marge
[1.406s] DEBUG:colcon.colcon_core.event_handler.log_command:Invoking command in '/home/msd/MSD2/REV4/build/gear_manipulator_moveit_config': AMENT_PREFIX_PATH=/home/msd/MSD2/REV4/install/my_robot:${AMENT_PREFIX_PATH} CMAKE_PREFIX_PATH=/home/msd/MSD2/REV4/install/my_robot:/opt/ros/humble /usr/bin/cmake /home/msd/MSD2/REV4/src/gear_manipulator_moveit_config -DCMAKE_INSTALL_PREFIX=/home/msd/MSD2/REV4/install/gear_manipulator_moveit_config
[1.443s] Level 1:colcon.colcon_core.environment:create_environment_scripts_only(marge)
[1.444s] Level 1:colcon.colcon_core.environment:checking '/home/msd/MSD2/REV4/install/marge' for CMake module files
[1.444s] DEBUG:colcon.colcon_core.event_handler.log_command:Invoked command in '/home/msd/MSD2/REV4/build/marge' returned '0': CMAKE_PREFIX_PATH=/opt/ros/humble /usr/bin/cmake --install /home/msd/MSD2/REV4/build/marge
[1.448s] Level 1:colcon.colcon_core.environment:checking '/home/msd/MSD2/REV4/install/marge' for CMake config files
[1.449s] Level 1:colcon.colcon_core.shell:create_environment_hook('marge', 'cmake_prefix_path')
[1.449s] INFO:colcon.colcon_core.shell:Creating environment hook '/home/msd/MSD2/REV4/install/marge/share/marge/hook/cmake_prefix_path.ps1'
[1.450s] INFO:colcon.colcon_core.shell:Creating environment descriptor '/home/msd/MSD2/REV4/install/marge/share/marge/hook/cmake_prefix_path.dsv'
[1.451s] INFO:colcon.colcon_core.shell:Creating environment hook '/home/msd/MSD2/REV4/install/marge/share/marge/hook/cmake_prefix_path.sh'
[1.455s] Level 1:colcon.colcon_core.environment:checking '/home/msd/MSD2/REV4/install/marge/lib'
[1.456s] Level 1:colcon.colcon_core.shell:create_environment_hook('marge', 'ld_library_path_lib')
[1.456s] INFO:colcon.colcon_core.shell:Creating environment hook '/home/msd/MSD2/REV4/install/marge/share/marge/hook/ld_library_path_lib.ps1'
[1.457s] INFO:colcon.colcon_core.shell:Creating environment descriptor '/home/msd/MSD2/REV4/install/marge/share/marge/hook/ld_library_path_lib.dsv'
[1.458s] INFO:colcon.colcon_core.shell:Creating environment hook '/home/msd/MSD2/REV4/install/marge/share/marge/hook/ld_library_path_lib.sh'
[1.459s] Level 1:colcon.colcon_core.environment:checking '/home/msd/MSD2/REV4/install/marge/bin'
[1.459s] Level 1:colcon.colcon_core.environment:checking '/home/msd/MSD2/REV4/install/marge/lib/pkgconfig/marge.pc'
[1.459s] Level 1:colcon.colcon_core.environment:checking '/home/msd/MSD2/REV4/install/marge/lib/python3.10/site-packages'
[1.460s] Level 1:colcon.colcon_core.environment:checking '/home/msd/MSD2/REV4/install/marge/bin'
[1.461s] INFO:colcon.colcon_core.shell:Creating package script '/home/msd/MSD2/REV4/install/marge/share/marge/package.ps1'
[1.462s] INFO:colcon.colcon_core.shell:Creating package descriptor '/home/msd/MSD2/REV4/install/marge/share/marge/package.dsv'
[1.463s] INFO:colcon.colcon_core.shell:Creating package script '/home/msd/MSD2/REV4/install/marge/share/marge/package.sh'
[1.464s] INFO:colcon.colcon_core.shell:Creating package script '/home/msd/MSD2/REV4/install/marge/share/marge/package.bash'
[1.464s] INFO:colcon.colcon_core.shell:Creating package script '/home/msd/MSD2/REV4/install/marge/share/marge/package.zsh'
[1.465s] Level 1:colcon.colcon_core.environment:create_file_with_runtime_dependencies(/home/msd/MSD2/REV4/install/marge/share/colcon-core/packages/marge)
[1.466s] Level 1:colcon.colcon_core.environment:create_environment_scripts_only(marge)
[1.466s] Level 1:colcon.colcon_core.environment:checking '/home/msd/MSD2/REV4/install/marge' for CMake module files
[1.467s] Level 1:colcon.colcon_core.environment:checking '/home/msd/MSD2/REV4/install/marge' for CMake config files
[1.468s] Level 1:colcon.colcon_core.shell:create_environment_hook('marge', 'cmake_prefix_path')
[1.468s] INFO:colcon.colcon_core.shell:Creating environment hook '/home/msd/MSD2/REV4/install/marge/share/marge/hook/cmake_prefix_path.ps1'
[1.469s] INFO:colcon.colcon_core.shell:Creating environment descriptor '/home/msd/MSD2/REV4/install/marge/share/marge/hook/cmake_prefix_path.dsv'
[1.470s] INFO:colcon.colcon_core.shell:Creating environment hook '/home/msd/MSD2/REV4/install/marge/share/marge/hook/cmake_prefix_path.sh'
[1.472s] Level 1:colcon.colcon_core.environment:checking '/home/msd/MSD2/REV4/install/marge/lib'
[1.472s] Level 1:colcon.colcon_core.shell:create_environment_hook('marge', 'ld_library_path_lib')
[1.472s] INFO:colcon.colcon_core.shell:Creating environment hook '/home/msd/MSD2/REV4/install/marge/share/marge/hook/ld_library_path_lib.ps1'
[1.473s] INFO:colcon.colcon_core.shell:Creating environment descriptor '/home/msd/MSD2/REV4/install/marge/share/marge/hook/ld_library_path_lib.dsv'
[1.474s] INFO:colcon.colcon_core.shell:Creating environment hook '/home/msd/MSD2/REV4/install/marge/share/marge/hook/ld_library_path_lib.sh'
[1.475s] Level 1:colcon.colcon_core.environment:checking '/home/msd/MSD2/REV4/install/marge/bin'
[1.475s] Level 1:colcon.colcon_core.environment:checking '/home/msd/MSD2/REV4/install/marge/lib/pkgconfig/marge.pc'
[1.475s] Level 1:colcon.colcon_core.environment:checking '/home/msd/MSD2/REV4/install/marge/lib/python3.10/site-packages'
[1.476s] Level 1:colcon.colcon_core.environment:checking '/home/msd/MSD2/REV4/install/marge/bin'
[1.477s] INFO:colcon.colcon_core.shell:Creating package script '/home/msd/MSD2/REV4/install/marge/share/marge/package.ps1'
[1.478s] INFO:colcon.colcon_core.shell:Creating package descriptor '/home/msd/MSD2/REV4/install/marge/share/marge/package.dsv'
[1.479s] INFO:colcon.colcon_core.shell:Creating package script '/home/msd/MSD2/REV4/install/marge/share/marge/package.sh'
[1.480s] INFO:colcon.colcon_core.shell:Creating package script '/home/msd/MSD2/REV4/install/marge/share/marge/package.bash'
[1.481s] INFO:colcon.colcon_core.shell:Creating package script '/home/msd/MSD2/REV4/install/marge/share/marge/package.zsh'
[1.482s] Level 1:colcon.colcon_core.environment:create_file_with_runtime_dependencies(/home/msd/MSD2/REV4/install/marge/share/colcon-core/packages/marge)
[1.785s] DEBUG:colcon.colcon_core.event_handler.log_command:Invoked command in '/home/msd/MSD2/REV4/build/gear_manipulator_moveit_config' returned '0': AMENT_PREFIX_PATH=/home/msd/MSD2/REV4/install/my_robot:${AMENT_PREFIX_PATH} CMAKE_PREFIX_PATH=/home/msd/MSD2/REV4/install/my_robot:/opt/ros/humble /usr/bin/cmake /home/msd/MSD2/REV4/src/gear_manipulator_moveit_config -DCMAKE_INSTALL_PREFIX=/home/msd/MSD2/REV4/install/gear_manipulator_moveit_config
[1.787s] DEBUG:colcon.colcon_core.event_handler.log_command:Invoking command in '/home/msd/MSD2/REV4/build/gear_manipulator_moveit_config': AMENT_PREFIX_PATH=/home/msd/MSD2/REV4/install/my_robot:${AMENT_PREFIX_PATH} CMAKE_PREFIX_PATH=/home/msd/MSD2/REV4/install/my_robot:/opt/ros/humble /usr/bin/cmake --build /home/msd/MSD2/REV4/build/gear_manipulator_moveit_config -- -j8 -l8
[1.828s] DEBUG:colcon.colcon_core.event_handler.log_command:Invoked command in '/home/msd/MSD2/REV4/build/gear_manipulator_moveit_config' returned '0': AMENT_PREFIX_PATH=/home/msd/MSD2/REV4/install/my_robot:${AMENT_PREFIX_PATH} CMAKE_PREFIX_PATH=/home/msd/MSD2/REV4/install/my_robot:/opt/ros/humble /usr/bin/cmake --build /home/msd/MSD2/REV4/build/gear_manipulator_moveit_config -- -j8 -l8
[1.830s] DEBUG:colcon.colcon_core.event_handler.log_command:Invoking command in '/home/msd/MSD2/REV4/build/gear_manipulator_moveit_config': AMENT_PREFIX_PATH=/home/msd/MSD2/REV4/install/my_robot:${AMENT_PREFIX_PATH} CMAKE_PREFIX_PATH=/home/msd/MSD2/REV4/install/my_robot:/opt/ros/humble /usr/bin/cmake --install /home/msd/MSD2/REV4/build/gear_manipulator_moveit_config
[1.865s] DEBUG:colcon.colcon_core.event_handler.log_command:Invoked command in '/home/msd/MSD2/REV4/build/robot_hardware' returned '0': CMAKE_PREFIX_PATH=/opt/ros/humble /usr/bin/cmake /home/msd/MSD2/REV4/src/robot_hardware -DCMAKE_INSTALL_PREFIX=/home/msd/MSD2/REV4/install/robot_hardware
[1.868s] DEBUG:colcon.colcon_core.event_handler.log_command:Invoking command in '/home/msd/MSD2/REV4/build/robot_hardware': CMAKE_PREFIX_PATH=/opt/ros/humble /usr/bin/cmake --build /home/msd/MSD2/REV4/build/robot_hardware -- -j8 -l8
[1.872s] Level 1:colcon.colcon_core.environment:create_environment_scripts_only(gear_manipulator_moveit_config)
[1.872s] Level 1:colcon.colcon_core.environment:checking '/home/msd/MSD2/REV4/install/gear_manipulator_moveit_config' for CMake module files
[1.873s] Level 1:colcon.colcon_core.environment:checking '/home/msd/MSD2/REV4/install/gear_manipulator_moveit_config' for CMake config files
[1.874s] DEBUG:colcon.colcon_core.event_handler.log_command:Invoked command in '/home/msd/MSD2/REV4/build/gear_manipulator_moveit_config' returned '0': AMENT_PREFIX_PATH=/home/msd/MSD2/REV4/install/my_robot:${AMENT_PREFIX_PATH} CMAKE_PREFIX_PATH=/home/msd/MSD2/REV4/install/my_robot:/opt/ros/humble /usr/bin/cmake --install /home/msd/MSD2/REV4/build/gear_manipulator_moveit_config
[1.875s] Level 1:colcon.colcon_core.shell:create_environment_hook('gear_manipulator_moveit_config', 'cmake_prefix_path')
[1.875s] INFO:colcon.colcon_core.shell:Creating environment hook '/home/msd/MSD2/REV4/install/gear_manipulator_moveit_config/share/gear_manipulator_moveit_config/hook/cmake_prefix_path.ps1'
[1.876s] INFO:colcon.colcon_core.shell:Creating environment descriptor '/home/msd/MSD2/REV4/install/gear_manipulator_moveit_config/share/gear_manipulator_moveit_config/hook/cmake_prefix_path.dsv'
[1.877s] INFO:colcon.colcon_core.shell:Creating environment hook '/home/msd/MSD2/REV4/install/gear_manipulator_moveit_config/share/gear_manipulator_moveit_config/hook/cmake_prefix_path.sh'
[1.878s] Level 1:colcon.colcon_core.environment:checking '/home/msd/MSD2/REV4/install/gear_manipulator_moveit_config/bin'
[1.878s] Level 1:colcon.colcon_core.environment:checking '/home/msd/MSD2/REV4/install/gear_manipulator_moveit_config/lib/pkgconfig/gear_manipulator_moveit_config.pc'
[1.878s] Level 1:colcon.colcon_core.environment:checking '/home/msd/MSD2/REV4/install/gear_manipulator_moveit_config/lib/python3.10/site-packages'
[1.879s] Level 1:colcon.colcon_core.environment:checking '/home/msd/MSD2/REV4/install/gear_manipulator_moveit_config/bin'
[1.879s] INFO:colcon.colcon_core.shell:Creating package script '/home/msd/MSD2/REV4/install/gear_manipulator_moveit_config/share/gear_manipulator_moveit_config/package.ps1'
[1.880s] INFO:colcon.colcon_core.shell:Creating package descriptor '/home/msd/MSD2/REV4/install/gear_manipulator_moveit_config/share/gear_manipulator_moveit_config/package.dsv'
[1.881s] INFO:colcon.colcon_core.shell:Creating package script '/home/msd/MSD2/REV4/install/gear_manipulator_moveit_config/share/gear_manipulator_moveit_config/package.sh'
[1.881s] INFO:colcon.colcon_core.shell:Creating package script '/home/msd/MSD2/REV4/install/gear_manipulator_moveit_config/share/gear_manipulator_moveit_config/package.bash'
[1.882s] INFO:colcon.colcon_core.shell:Creating package script '/home/msd/MSD2/REV4/install/gear_manipulator_moveit_config/share/gear_manipulator_moveit_config/package.zsh'
[1.883s] Level 1:colcon.colcon_core.environment:create_file_with_runtime_dependencies(/home/msd/MSD2/REV4/install/gear_manipulator_moveit_config/share/colcon-core/packages/gear_manipulator_moveit_config)
[1.884s] Level 1:colcon.colcon_core.environment:create_environment_scripts_only(gear_manipulator_moveit_config)
[1.884s] Level 1:colcon.colcon_core.environment:checking '/home/msd/MSD2/REV4/install/gear_manipulator_moveit_config' for CMake module files
[1.885s] Level 1:colcon.colcon_core.environment:checking '/home/msd/MSD2/REV4/install/gear_manipulator_moveit_config' for CMake config files
[1.886s] Level 1:colcon.colcon_core.shell:create_environment_hook('gear_manipulator_moveit_config', 'cmake_prefix_path')
[1.886s] INFO:colcon.colcon_core.shell:Creating environment hook '/home/msd/MSD2/REV4/install/gear_manipulator_moveit_config/share/gear_manipulator_moveit_config/hook/cmake_prefix_path.ps1'
[1.887s] INFO:colcon.colcon_core.shell:Creating environment descriptor '/home/msd/MSD2/REV4/install/gear_manipulator_moveit_config/share/gear_manipulator_moveit_config/hook/cmake_prefix_path.dsv'
[1.888s] INFO:colcon.colcon_core.shell:Creating environment hook '/home/msd/MSD2/REV4/install/gear_manipulator_moveit_config/share/gear_manipulator_moveit_config/hook/cmake_prefix_path.sh'
[1.889s] Level 1:colcon.colcon_core.environment:checking '/home/msd/MSD2/REV4/install/gear_manipulator_moveit_config/bin'
[1.889s] Level 1:colcon.colcon_core.environment:checking '/home/msd/MSD2/REV4/install/gear_manipulator_moveit_config/lib/pkgconfig/gear_manipulator_moveit_config.pc'
[1.890s] Level 1:colcon.colcon_core.environment:checking '/home/msd/MSD2/REV4/install/gear_manipulator_moveit_config/lib/python3.10/site-packages'
[1.890s] Level 1:colcon.colcon_core.environment:checking '/home/msd/MSD2/REV4/install/gear_manipulator_moveit_config/bin'
[1.891s] INFO:colcon.colcon_core.shell:Creating package script '/home/msd/MSD2/REV4/install/gear_manipulator_moveit_config/share/gear_manipulator_moveit_config/package.ps1'
[1.893s] INFO:colcon.colcon_core.shell:Creating package descriptor '/home/msd/MSD2/REV4/install/gear_manipulator_moveit_config/share/gear_manipulator_moveit_config/package.dsv'
[1.894s] INFO:colcon.colcon_core.shell:Creating package script '/home/msd/MSD2/REV4/install/gear_manipulator_moveit_config/share/gear_manipulator_moveit_config/package.sh'
[1.895s] INFO:colcon.colcon_core.shell:Creating package script '/home/msd/MSD2/REV4/install/gear_manipulator_moveit_config/share/gear_manipulator_moveit_config/package.bash'
[1.895s] INFO:colcon.colcon_core.shell:Creating package script '/home/msd/MSD2/REV4/install/gear_manipulator_moveit_config/share/gear_manipulator_moveit_config/package.zsh'
[1.896s] Level 1:colcon.colcon_core.environment:create_file_with_runtime_dependencies(/home/msd/MSD2/REV4/install/gear_manipulator_moveit_config/share/colcon-core/packages/gear_manipulator_moveit_config)
[1.964s] DEBUG:colcon.colcon_core.event_handler.log_command:Invoking command in '/home/msd/MSD2/REV4/build/spotarm_assembly_description': PYTHONPATH=/home/msd/MSD2/REV4/build/spotarm_assembly_description/prefix_override:/usr/lib/python3/dist-packages/colcon_core/task/python/colcon_distutils_commands:/home/msd/MSD2/REV4/install/spotarm_assembly_description/lib/python3.10/site-packages:${PYTHONPATH} /usr/bin/python3 -W ignore:setup.py install is deprecated -W ignore:easy_install command is deprecated setup.py develop --uninstall --editable --build-directory /home/msd/MSD2/REV4/build/spotarm_assembly_description/build
[1.966s] DEBUG:colcon.colcon_core.event_handler.log_command:Invoking command in '/home/msd/MSD2/REV4/build/robot_status_leds': PYTHONPATH=/home/msd/MSD2/REV4/build/robot_status_leds/prefix_override:/usr/lib/python3/dist-packages/colcon_core/task/python/colcon_distutils_commands:/home/msd/MSD2/REV4/install/robot_status_leds/lib/python3.10/site-packages:${PYTHONPATH} /usr/bin/python3 -W ignore:setup.py install is deprecated -W ignore:easy_install command is deprecated setup.py develop --uninstall --editable --build-directory /home/msd/MSD2/REV4/build/robot_status_leds/build
[1.966s] DEBUG:colcon.colcon_core.event_handler.log_command:Invoked command in '/home/msd/MSD2/REV4/build/robot_hardware' returned '0': CMAKE_PREFIX_PATH=/opt/ros/humble /usr/bin/cmake --build /home/msd/MSD2/REV4/build/robot_hardware -- -j8 -l8
[1.968s] DEBUG:colcon.colcon_core.event_handler.log_command:Invoking command in '/home/msd/MSD2/REV4/build/robot_hardware': CMAKE_PREFIX_PATH=/opt/ros/humble /usr/bin/cmake --install /home/msd/MSD2/REV4/build/robot_hardware
[1.998s] Level 1:colcon.colcon_core.environment:create_environment_scripts_only(robot_hardware)
[1.999s] Level 1:colcon.colcon_core.environment:checking '/home/msd/MSD2/REV4/install/robot_hardware' for CMake module files
[1.999s] DEBUG:colcon.colcon_core.event_handler.log_command:Invoked command in '/home/msd/MSD2/REV4/build/robot_hardware' returned '0': CMAKE_PREFIX_PATH=/opt/ros/humble /usr/bin/cmake --install /home/msd/MSD2/REV4/build/robot_hardware
[2.000s] Level 1:colcon.colcon_core.environment:checking '/home/msd/MSD2/REV4/install/robot_hardware' for CMake config files
[2.001s] Level 1:colcon.colcon_core.shell:create_environment_hook('robot_hardware', 'cmake_prefix_path')
[2.001s] INFO:colcon.colcon_core.shell:Creating environment hook '/home/msd/MSD2/REV4/install/robot_hardware/share/robot_hardware/hook/cmake_prefix_path.ps1'
[2.002s] INFO:colcon.colcon_core.shell:Creating environment descriptor '/home/msd/MSD2/REV4/install/robot_hardware/share/robot_hardware/hook/cmake_prefix_path.dsv'
[2.003s] INFO:colcon.colcon_core.shell:Creating environment hook '/home/msd/MSD2/REV4/install/robot_hardware/share/robot_hardware/hook/cmake_prefix_path.sh'
[2.004s] Level 1:colcon.colcon_core.environment:checking '/home/msd/MSD2/REV4/install/robot_hardware/lib'
[2.004s] Level 1:colcon.colcon_core.shell:create_environment_hook('robot_hardware', 'ld_library_path_lib')
[2.004s] INFO:colcon.colcon_core.shell:Creating environment hook '/home/msd/MSD2/REV4/install/robot_hardware/share/robot_hardware/hook/ld_library_path_lib.ps1'
[2.005s] INFO:colcon.colcon_core.shell:Creating environment descriptor '/home/msd/MSD2/REV4/install/robot_hardware/share/robot_hardware/hook/ld_library_path_lib.dsv'
[2.005s] INFO:colcon.colcon_core.shell:Creating environment hook '/home/msd/MSD2/REV4/install/robot_hardware/share/robot_hardware/hook/ld_library_path_lib.sh'
[2.006s] Level 1:colcon.colcon_core.environment:checking '/home/msd/MSD2/REV4/install/robot_hardware/bin'
[2.006s] Level 1:colcon.colcon_core.environment:checking '/home/msd/MSD2/REV4/install/robot_hardware/lib/pkgconfig/robot_hardware.pc'
[2.007s] Level 1:colcon.colcon_core.environment:checking '/home/msd/MSD2/REV4/install/robot_hardware/lib/python3.10/site-packages'
[2.008s] Level 1:colcon.colcon_core.environment:checking '/home/msd/MSD2/REV4/install/robot_hardware/bin'
[2.009s] INFO:colcon.colcon_core.shell:Creating package script '/home/msd/MSD2/REV4/install/robot_hardware/share/robot_hardware/package.ps1'
[2.010s] INFO:colcon.colcon_core.shell:Creating package descriptor '/home/msd/MSD2/REV4/install/robot_hardware/share/robot_hardware/package.dsv'
[2.011s] INFO:colcon.colcon_core.shell:Creating package script '/home/msd/MSD2/REV4/install/robot_hardware/share/robot_hardware/package.sh'
[2.011s] INFO:colcon.colcon_core.shell:Creating package script '/home/msd/MSD2/REV4/install/robot_hardware/share/robot_hardware/package.bash'
[2.012s] INFO:colcon.colcon_core.shell:Creating package script '/home/msd/MSD2/REV4/install/robot_hardware/share/robot_hardware/package.zsh'
[2.013s] Level 1:colcon.colcon_core.environment:create_file_with_runtime_dependencies(/home/msd/MSD2/REV4/install/robot_hardware/share/colcon-core/packages/robot_hardware)
[2.014s] Level 1:colcon.colcon_core.environment:create_environment_scripts_only(robot_hardware)
[2.014s] Level 1:colcon.colcon_core.environment:checking '/home/msd/MSD2/REV4/install/robot_hardware' for CMake module files
[2.015s] Level 1:colcon.colcon_core.environment:checking '/home/msd/MSD2/REV4/install/robot_hardware' for CMake config files
[2.016s] Level 1:colcon.colcon_core.shell:create_environment_hook('robot_hardware', 'cmake_prefix_path')
[2.017s] INFO:colcon.colcon_core.shell:Creating environment hook '/home/msd/MSD2/REV4/install/robot_hardware/share/robot_hardware/hook/cmake_prefix_path.ps1'
[2.017s] INFO:colcon.colcon_core.shell:Creating environment descriptor '/home/msd/MSD2/REV4/install/robot_hardware/share/robot_hardware/hook/cmake_prefix_path.dsv'
[2.018s] INFO:colcon.colcon_core.shell:Creating environment hook '/home/msd/MSD2/REV4/install/robot_hardware/share/robot_hardware/hook/cmake_prefix_path.sh'
[2.019s] Level 1:colcon.colcon_core.environment:checking '/home/msd/MSD2/REV4/install/robot_hardware/lib'
[2.019s] Level 1:colcon.colcon_core.shell:create_environment_hook('robot_hardware', 'ld_library_path_lib')
[2.020s] INFO:colcon.colcon_core.shell:Creating environment hook '/home/msd/MSD2/REV4/install/robot_hardware/share/robot_hardware/hook/ld_library_path_lib.ps1'
[2.020s] INFO:colcon.colcon_core.shell:Creating environment descriptor '/home/msd/MSD2/REV4/install/robot_hardware/share/robot_hardware/hook/ld_library_path_lib.dsv'
[2.021s] INFO:colcon.colcon_core.shell:Creating environment hook '/home/msd/MSD2/REV4/install/robot_hardware/share/robot_hardware/hook/ld_library_path_lib.sh'
[2.022s] Level 1:colcon.colcon_core.environment:checking '/home/msd/MSD2/REV4/install/robot_hardware/bin'
[2.022s] Level 1:colcon.colcon_core.environment:checking '/home/msd/MSD2/REV4/install/robot_hardware/lib/pkgconfig/robot_hardware.pc'
[2.022s] Level 1:colcon.colcon_core.environment:checking '/home/msd/MSD2/REV4/install/robot_hardware/lib/python3.10/site-packages'
[2.024s] Level 1:colcon.colcon_core.environment:checking '/home/msd/MSD2/REV4/install/robot_hardware/bin'
[2.024s] INFO:colcon.colcon_core.shell:Creating package script '/home/msd/MSD2/REV4/install/robot_hardware/share/robot_hardware/package.ps1'
[2.026s] INFO:colcon.colcon_core.shell:Creating package descriptor '/home/msd/MSD2/REV4/install/robot_hardware/share/robot_hardware/package.dsv'
[2.027s] INFO:colcon.colcon_core.shell:Creating package script '/home/msd/MSD2/REV4/install/robot_hardware/share/robot_hardware/package.sh'
[2.028s] INFO:colcon.colcon_core.shell:Creating package script '/home/msd/MSD2/REV4/install/robot_hardware/share/robot_hardware/package.bash'
[2.029s] INFO:colcon.colcon_core.shell:Creating package script '/home/msd/MSD2/REV4/install/robot_hardware/share/robot_hardware/package.zsh'
[2.030s] Level 1:colcon.colcon_core.environment:create_file_with_runtime_dependencies(/home/msd/MSD2/REV4/install/robot_hardware/share/colcon-core/packages/robot_hardware)
[2.032s] DEBUG:colcon.colcon_core.event_handler.log_command:Invoked command in '/home/msd/MSD2/REV4/build/stepper_test' returned '0': CMAKE_PREFIX_PATH=/opt/ros/humble /usr/bin/cmake /home/msd/MSD2/REV4/src/stepper_test -DCMAKE_INSTALL_PREFIX=/home/msd/MSD2/REV4/install/stepper_test
[2.034s] DEBUG:colcon.colcon_core.event_handler.log_command:Invoking command in '/home/msd/MSD2/REV4/build/stepper_test': CMAKE_PREFIX_PATH=/opt/ros/humble /usr/bin/cmake --build /home/msd/MSD2/REV4/build/stepper_test -- -j8 -l8
[2.110s] DEBUG:colcon.colcon_core.event_handler.log_command:Invoked command in '/home/msd/MSD2/REV4/build/stepper_test' returned '0': CMAKE_PREFIX_PATH=/opt/ros/humble /usr/bin/cmake --build /home/msd/MSD2/REV4/build/stepper_test -- -j8 -l8
[2.112s] DEBUG:colcon.colcon_core.event_handler.log_command:Invoking command in '/home/msd/MSD2/REV4/build/stepper_test': CMAKE_PREFIX_PATH=/opt/ros/humble /usr/bin/cmake --install /home/msd/MSD2/REV4/build/stepper_test
[2.134s] Level 1:colcon.colcon_core.environment:create_environment_scripts_only(stepper_test)
[2.135s] DEBUG:colcon.colcon_core.event_handler.log_command:Invoked command in '/home/msd/MSD2/REV4/build/stepper_test' returned '0': CMAKE_PREFIX_PATH=/opt/ros/humble /usr/bin/cmake --install /home/msd/MSD2/REV4/build/stepper_test
[2.135s] Level 1:colcon.colcon_core.environment:checking '/home/msd/MSD2/REV4/install/stepper_test' for CMake module files
[2.135s] Level 1:colcon.colcon_core.environment:checking '/home/msd/MSD2/REV4/install/stepper_test' for CMake config files
[2.136s] Level 1:colcon.colcon_core.shell:create_environment_hook('stepper_test', 'cmake_prefix_path')
[2.136s] INFO:colcon.colcon_core.shell:Creating environment hook '/home/msd/MSD2/REV4/install/stepper_test/share/stepper_test/hook/cmake_prefix_path.ps1'
[2.136s] INFO:colcon.colcon_core.shell:Creating environment descriptor '/home/msd/MSD2/REV4/install/stepper_test/share/stepper_test/hook/cmake_prefix_path.dsv'
[2.137s] INFO:colcon.colcon_core.shell:Creating environment hook '/home/msd/MSD2/REV4/install/stepper_test/share/stepper_test/hook/cmake_prefix_path.sh'
[2.137s] Level 1:colcon.colcon_core.environment:checking '/home/msd/MSD2/REV4/install/stepper_test/lib'
[2.137s] Level 1:colcon.colcon_core.environment:checking '/home/msd/MSD2/REV4/install/stepper_test/bin'
[2.137s] Level 1:colcon.colcon_core.environment:checking '/home/msd/MSD2/REV4/install/stepper_test/lib/pkgconfig/stepper_test.pc'
[2.138s] Level 1:colcon.colcon_core.environment:checking '/home/msd/MSD2/REV4/install/stepper_test/lib/python3.10/site-packages'
[2.138s] Level 1:colcon.colcon_core.environment:checking '/home/msd/MSD2/REV4/install/stepper_test/bin'
[2.139s] INFO:colcon.colcon_core.shell:Creating package script '/home/msd/MSD2/REV4/install/stepper_test/share/stepper_test/package.ps1'
[2.139s] INFO:colcon.colcon_core.shell:Creating package descriptor '/home/msd/MSD2/REV4/install/stepper_test/share/stepper_test/package.dsv'
[2.140s] INFO:colcon.colcon_core.shell:Creating package script '/home/msd/MSD2/REV4/install/stepper_test/share/stepper_test/package.sh'
[2.140s] INFO:colcon.colcon_core.shell:Creating package script '/home/msd/MSD2/REV4/install/stepper_test/share/stepper_test/package.bash'
[2.140s] INFO:colcon.colcon_core.shell:Creating package script '/home/msd/MSD2/REV4/install/stepper_test/share/stepper_test/package.zsh'
[2.141s] Level 1:colcon.colcon_core.environment:create_file_with_runtime_dependencies(/home/msd/MSD2/REV4/install/stepper_test/share/colcon-core/packages/stepper_test)
[2.141s] Level 1:colcon.colcon_core.environment:create_environment_scripts_only(stepper_test)
[2.142s] Level 1:colcon.colcon_core.environment:checking '/home/msd/MSD2/REV4/install/stepper_test' for CMake module files
[2.142s] Level 1:colcon.colcon_core.environment:checking '/home/msd/MSD2/REV4/install/stepper_test' for CMake config files
[2.143s] Level 1:colcon.colcon_core.shell:create_environment_hook('stepper_test', 'cmake_prefix_path')
[2.143s] INFO:colcon.colcon_core.shell:Creating environment hook '/home/msd/MSD2/REV4/install/stepper_test/share/stepper_test/hook/cmake_prefix_path.ps1'
[2.143s] INFO:colcon.colcon_core.shell:Creating environment descriptor '/home/msd/MSD2/REV4/install/stepper_test/share/stepper_test/hook/cmake_prefix_path.dsv'
[2.144s] INFO:colcon.colcon_core.shell:Creating environment hook '/home/msd/MSD2/REV4/install/stepper_test/share/stepper_test/hook/cmake_prefix_path.sh'
[2.144s] Level 1:colcon.colcon_core.environment:checking '/home/msd/MSD2/REV4/install/stepper_test/lib'
[2.144s] Level 1:colcon.colcon_core.environment:checking '/home/msd/MSD2/REV4/install/stepper_test/bin'
[2.144s] Level 1:colcon.colcon_core.environment:checking '/home/msd/MSD2/REV4/install/stepper_test/lib/pkgconfig/stepper_test.pc'
[2.145s] Level 1:colcon.colcon_core.environment:checking '/home/msd/MSD2/REV4/install/stepper_test/lib/python3.10/site-packages'
[2.145s] Level 1:colcon.colcon_core.environment:checking '/home/msd/MSD2/REV4/install/stepper_test/bin'
[2.145s] INFO:colcon.colcon_core.shell:Creating package script '/home/msd/MSD2/REV4/install/stepper_test/share/stepper_test/package.ps1'
[2.146s] INFO:colcon.colcon_core.shell:Creating package descriptor '/home/msd/MSD2/REV4/install/stepper_test/share/stepper_test/package.dsv'
[2.146s] INFO:colcon.colcon_core.shell:Creating package script '/home/msd/MSD2/REV4/install/stepper_test/share/stepper_test/package.sh'
[2.147s] INFO:colcon.colcon_core.shell:Creating package script '/home/msd/MSD2/REV4/install/stepper_test/share/stepper_test/package.bash'
[2.147s] INFO:colcon.colcon_core.shell:Creating package script '/home/msd/MSD2/REV4/install/stepper_test/share/stepper_test/package.zsh'
[2.148s] Level 1:colcon.colcon_core.environment:create_file_with_runtime_dependencies(/home/msd/MSD2/REV4/install/stepper_test/share/colcon-core/packages/stepper_test)
[2.499s] DEBUG:colcon.colcon_core.event_handler.log_command:Invoked command in '/home/msd/MSD2/REV4/build/spotarm_assembly_description' returned '0': PYTHONPATH=/home/msd/MSD2/REV4/build/spotarm_assembly_description/prefix_override:/usr/lib/python3/dist-packages/colcon_core/task/python/colcon_distutils_commands:/home/msd/MSD2/REV4/install/spotarm_assembly_description/lib/python3.10/site-packages:${PYTHONPATH} /usr/bin/python3 -W ignore:setup.py install is deprecated -W ignore:easy_install command is deprecated setup.py develop --uninstall --editable --build-directory /home/msd/MSD2/REV4/build/spotarm_assembly_description/build
[2.499s] DEBUG:colcon.colcon_core.event_handler.log_command:Invoking command in '/home/msd/MSD2/REV4/src/spotarm_assembly_description': PYTHONPATH=/home/msd/MSD2/REV4/build/spotarm_assembly_description/prefix_override:/usr/lib/python3/dist-packages/colcon_core/task/python/colcon_distutils_commands:/home/msd/MSD2/REV4/install/spotarm_assembly_description/lib/python3.10/site-packages:${PYTHONPATH} /usr/bin/python3 -W ignore:setup.py install is deprecated -W ignore:easy_install command is deprecated setup.py egg_info --egg-base ../../build/spotarm_assembly_description build --build-base /home/msd/MSD2/REV4/build/spotarm_assembly_description/build install --record /home/msd/MSD2/REV4/build/spotarm_assembly_description/install.log --install-scripts $base/lib/spotarm_assembly_description --single-version-externally-managed install_data --force
[2.500s] DEBUG:colcon.colcon_core.event_handler.log_command:Invoked command in '/home/msd/MSD2/REV4/build/robot_commander' returned '0': CMAKE_PREFIX_PATH=/opt/ros/humble /usr/bin/cmake /home/msd/MSD2/REV4/src/robot_commander -DCMAKE_INSTALL_PREFIX=/home/msd/MSD2/REV4/install/robot_commander
[2.502s] DEBUG:colcon.colcon_core.event_handler.log_command:Invoking command in '/home/msd/MSD2/REV4/build/robot_commander': CMAKE_PREFIX_PATH=/opt/ros/humble /usr/bin/cmake --build /home/msd/MSD2/REV4/build/robot_commander -- -j8 -l8
[2.595s] DEBUG:colcon.colcon_core.event_handler.log_command:Invoked command in '/home/msd/MSD2/REV4/build/robot_servoing' returned '0': CMAKE_PREFIX_PATH=/opt/ros/humble /usr/bin/cmake /home/msd/MSD2/REV4/src/robot_servoing -DCMAKE_INSTALL_PREFIX=/home/msd/MSD2/REV4/install/robot_servoing
[2.597s] DEBUG:colcon.colcon_core.event_handler.log_command:Invoking command in '/home/msd/MSD2/REV4/build/robot_servoing': CMAKE_PREFIX_PATH=/opt/ros/humble /usr/bin/cmake --build /home/msd/MSD2/REV4/build/robot_servoing -- -j8 -l8
[2.600s] DEBUG:colcon.colcon_core.event_handler.log_command:Invoked command in '/home/msd/MSD2/REV4/build/robot_commander' returned '0': CMAKE_PREFIX_PATH=/opt/ros/humble /usr/bin/cmake --build /home/msd/MSD2/REV4/build/robot_commander -- -j8 -l8
[2.602s] DEBUG:colcon.colcon_core.event_handler.log_command:Invoking command in '/home/msd/MSD2/REV4/build/robot_commander': CMAKE_PREFIX_PATH=/opt/ros/humble /usr/bin/cmake --install /home/msd/MSD2/REV4/build/robot_commander
[2.626s] Level 1:colcon.colcon_core.environment:create_environment_scripts_only(robot_commander)
[2.626s] Level 1:colcon.colcon_core.environment:checking '/home/msd/MSD2/REV4/install/robot_commander' for CMake module files
[2.627s] DEBUG:colcon.colcon_core.event_handler.log_command:Invoked command in '/home/msd/MSD2/REV4/build/robot_commander' returned '0': CMAKE_PREFIX_PATH=/opt/ros/humble /usr/bin/cmake --install /home/msd/MSD2/REV4/build/robot_commander
[2.628s] Level 1:colcon.colcon_core.environment:checking '/home/msd/MSD2/REV4/install/robot_commander' for CMake config files
[2.628s] Level 1:colcon.colcon_core.shell:create_environment_hook('robot_commander', 'cmake_prefix_path')
[2.629s] INFO:colcon.colcon_core.shell:Creating environment hook '/home/msd/MSD2/REV4/install/robot_commander/share/robot_commander/hook/cmake_prefix_path.ps1'
[2.629s] INFO:colcon.colcon_core.shell:Creating environment descriptor '/home/msd/MSD2/REV4/install/robot_commander/share/robot_commander/hook/cmake_prefix_path.dsv'
[2.630s] INFO:colcon.colcon_core.shell:Creating environment hook '/home/msd/MSD2/REV4/install/robot_commander/share/robot_commander/hook/cmake_prefix_path.sh'
[2.631s] Level 1:colcon.colcon_core.environment:checking '/home/msd/MSD2/REV4/install/robot_commander/lib'
[2.631s] Level 1:colcon.colcon_core.environment:checking '/home/msd/MSD2/REV4/install/robot_commander/bin'
[2.631s] Level 1:colcon.colcon_core.environment:checking '/home/msd/MSD2/REV4/install/robot_commander/lib/pkgconfig/robot_commander.pc'
[2.631s] Level 1:colcon.colcon_core.environment:checking '/home/msd/MSD2/REV4/install/robot_commander/lib/python3.10/site-packages'
[2.632s] Level 1:colcon.colcon_core.environment:checking '/home/msd/MSD2/REV4/install/robot_commander/bin'
[2.633s] INFO:colcon.colcon_core.shell:Creating package script '/home/msd/MSD2/REV4/install/robot_commander/share/robot_commander/package.ps1'
[2.633s] INFO:colcon.colcon_core.shell:Creating package descriptor '/home/msd/MSD2/REV4/install/robot_commander/share/robot_commander/package.dsv'
[2.634s] INFO:colcon.colcon_core.shell:Creating package script '/home/msd/MSD2/REV4/install/robot_commander/share/robot_commander/package.sh'
[2.634s] INFO:colcon.colcon_core.shell:Creating package script '/home/msd/MSD2/REV4/install/robot_commander/share/robot_commander/package.bash'
[2.634s] INFO:colcon.colcon_core.shell:Creating package script '/home/msd/MSD2/REV4/install/robot_commander/share/robot_commander/package.zsh'
[2.635s] Level 1:colcon.colcon_core.environment:create_file_with_runtime_dependencies(/home/msd/MSD2/REV4/install/robot_commander/share/colcon-core/packages/robot_commander)
[2.636s] Level 1:colcon.colcon_core.environment:create_environment_scripts_only(robot_commander)
[2.636s] Level 1:colcon.colcon_core.environment:checking '/home/msd/MSD2/REV4/install/robot_commander' for CMake module files
[2.636s] Level 1:colcon.colcon_core.environment:checking '/home/msd/MSD2/REV4/install/robot_commander' for CMake config files
[2.637s] Level 1:colcon.colcon_core.shell:create_environment_hook('robot_commander', 'cmake_prefix_path')
[2.637s] INFO:colcon.colcon_core.shell:Creating environment hook '/home/msd/MSD2/REV4/install/robot_commander/share/robot_commander/hook/cmake_prefix_path.ps1'
[2.637s] INFO:colcon.colcon_core.shell:Creating environment descriptor '/home/msd/MSD2/REV4/install/robot_commander/share/robot_commander/hook/cmake_prefix_path.dsv'
[2.638s] INFO:colcon.colcon_core.shell:Creating environment hook '/home/msd/MSD2/REV4/install/robot_commander/share/robot_commander/hook/cmake_prefix_path.sh'
[2.638s] Level 1:colcon.colcon_core.environment:checking '/home/msd/MSD2/REV4/install/robot_commander/lib'
[2.638s] Level 1:colcon.colcon_core.environment:checking '/home/msd/MSD2/REV4/install/robot_commander/bin'
[2.638s] Level 1:colcon.colcon_core.environment:checking '/home/msd/MSD2/REV4/install/robot_commander/lib/pkgconfig/robot_commander.pc'
[2.639s] Level 1:colcon.colcon_core.environment:checking '/home/msd/MSD2/REV4/install/robot_commander/lib/python3.10/site-packages'
[2.639s] Level 1:colcon.colcon_core.environment:checking '/home/msd/MSD2/REV4/install/robot_commander/bin'
[2.639s] INFO:colcon.colcon_core.shell:Creating package script '/home/msd/MSD2/REV4/install/robot_commander/share/robot_commander/package.ps1'
[2.640s] INFO:colcon.colcon_core.shell:Creating package descriptor '/home/msd/MSD2/REV4/install/robot_commander/share/robot_commander/package.dsv'
[2.641s] INFO:colcon.colcon_core.shell:Creating package script '/home/msd/MSD2/REV4/install/robot_commander/share/robot_commander/package.sh'
[2.641s] INFO:colcon.colcon_core.shell:Creating package script '/home/msd/MSD2/REV4/install/robot_commander/share/robot_commander/package.bash'
[2.641s] INFO:colcon.colcon_core.shell:Creating package script '/home/msd/MSD2/REV4/install/robot_commander/share/robot_commander/package.zsh'
[2.642s] Level 1:colcon.colcon_core.environment:create_file_with_runtime_dependencies(/home/msd/MSD2/REV4/install/robot_commander/share/colcon-core/packages/robot_commander)
[2.645s] DEBUG:colcon.colcon_core.event_handler.log_command:Invoked command in '/home/msd/MSD2/REV4/build/robot_status_leds' returned '0': PYTHONPATH=/home/msd/MSD2/REV4/build/robot_status_leds/prefix_override:/usr/lib/python3/dist-packages/colcon_core/task/python/colcon_distutils_commands:/home/msd/MSD2/REV4/install/robot_status_leds/lib/python3.10/site-packages:${PYTHONPATH} /usr/bin/python3 -W ignore:setup.py install is deprecated -W ignore:easy_install command is deprecated setup.py develop --uninstall --editable --build-directory /home/msd/MSD2/REV4/build/robot_status_leds/build
[2.646s] DEBUG:colcon.colcon_core.event_handler.log_command:Invoking command in '/home/msd/MSD2/REV4/src/robot_status_leds': PYTHONPATH=/home/msd/MSD2/REV4/build/robot_status_leds/prefix_override:/usr/lib/python3/dist-packages/colcon_core/task/python/colcon_distutils_commands:/home/msd/MSD2/REV4/install/robot_status_leds/lib/python3.10/site-packages:${PYTHONPATH} /usr/bin/python3 -W ignore:setup.py install is deprecated -W ignore:easy_install command is deprecated setup.py egg_info --egg-base ../../build/robot_status_leds build --build-base /home/msd/MSD2/REV4/build/robot_status_leds/build install --record /home/msd/MSD2/REV4/build/robot_status_leds/install.log --single-version-externally-managed install_data --force
[2.670s] DEBUG:colcon.colcon_core.event_handler.log_command:Invoked command in '/home/msd/MSD2/REV4/build/robot_servoing' returned '0': CMAKE_PREFIX_PATH=/opt/ros/humble /usr/bin/cmake --build /home/msd/MSD2/REV4/build/robot_servoing -- -j8 -l8
[2.673s] DEBUG:colcon.colcon_core.event_handler.log_command:Invoking command in '/home/msd/MSD2/REV4/build/robot_servoing': CMAKE_PREFIX_PATH=/opt/ros/humble /usr/bin/cmake --install /home/msd/MSD2/REV4/build/robot_servoing
[2.695s] Level 1:colcon.colcon_core.environment:create_environment_scripts_only(robot_servoing)
[2.695s] DEBUG:colcon.colcon_core.event_handler.log_command:Invoked command in '/home/msd/MSD2/REV4/build/robot_servoing' returned '0': CMAKE_PREFIX_PATH=/opt/ros/humble /usr/bin/cmake --install /home/msd/MSD2/REV4/build/robot_servoing
[2.695s] Level 1:colcon.colcon_core.environment:checking '/home/msd/MSD2/REV4/install/robot_servoing' for CMake module files
[2.696s] Level 1:colcon.colcon_core.environment:checking '/home/msd/MSD2/REV4/install/robot_servoing' for CMake config files
[2.697s] Level 1:colcon.colcon_core.shell:create_environment_hook('robot_servoing', 'cmake_prefix_path')
[2.698s] INFO:colcon.colcon_core.shell:Creating environment hook '/home/msd/MSD2/REV4/install/robot_servoing/share/robot_servoing/hook/cmake_prefix_path.ps1'
[2.698s] INFO:colcon.colcon_core.shell:Creating environment descriptor '/home/msd/MSD2/REV4/install/robot_servoing/share/robot_servoing/hook/cmake_prefix_path.dsv'
[2.699s] INFO:colcon.colcon_core.shell:Creating environment hook '/home/msd/MSD2/REV4/install/robot_servoing/share/robot_servoing/hook/cmake_prefix_path.sh'
[2.699s] Level 1:colcon.colcon_core.environment:checking '/home/msd/MSD2/REV4/install/robot_servoing/lib'
[2.700s] Level 1:colcon.colcon_core.shell:create_environment_hook('robot_servoing', 'ld_library_path_lib')
[2.700s] INFO:colcon.colcon_core.shell:Creating environment hook '/home/msd/MSD2/REV4/install/robot_servoing/share/robot_servoing/hook/ld_library_path_lib.ps1'
[2.700s] INFO:colcon.colcon_core.shell:Creating environment descriptor '/home/msd/MSD2/REV4/install/robot_servoing/share/robot_servoing/hook/ld_library_path_lib.dsv'
[2.701s] INFO:colcon.colcon_core.shell:Creating environment hook '/home/msd/MSD2/REV4/install/robot_servoing/share/robot_servoing/hook/ld_library_path_lib.sh'
[2.702s] Level 1:colcon.colcon_core.environment:checking '/home/msd/MSD2/REV4/install/robot_servoing/bin'
[2.702s] Level 1:colcon.colcon_core.environment:checking '/home/msd/MSD2/REV4/install/robot_servoing/lib/pkgconfig/robot_servoing.pc'
[2.702s] Level 1:colcon.colcon_core.environment:checking '/home/msd/MSD2/REV4/install/robot_servoing/lib/python3.10/site-packages'
[2.703s] Level 1:colcon.colcon_core.environment:checking '/home/msd/MSD2/REV4/install/robot_servoing/bin'
[2.703s] INFO:colcon.colcon_core.shell:Creating package script '/home/msd/MSD2/REV4/install/robot_servoing/share/robot_servoing/package.ps1'
[2.704s] INFO:colcon.colcon_core.shell:Creating package descriptor '/home/msd/MSD2/REV4/install/robot_servoing/share/robot_servoing/package.dsv'
[2.705s] INFO:colcon.colcon_core.shell:Creating package script '/home/msd/MSD2/REV4/install/robot_servoing/share/robot_servoing/package.sh'
[2.706s] INFO:colcon.colcon_core.shell:Creating package script '/home/msd/MSD2/REV4/install/robot_servoing/share/robot_servoing/package.bash'
[2.706s] INFO:colcon.colcon_core.shell:Creating package script '/home/msd/MSD2/REV4/install/robot_servoing/share/robot_servoing/package.zsh'
[2.707s] Level 1:colcon.colcon_core.environment:create_file_with_runtime_dependencies(/home/msd/MSD2/REV4/install/robot_servoing/share/colcon-core/packages/robot_servoing)
[2.708s] Level 1:colcon.colcon_core.environment:create_environment_scripts_only(robot_servoing)
[2.708s] Level 1:colcon.colcon_core.environment:checking '/home/msd/MSD2/REV4/install/robot_servoing' for CMake module files
[2.709s] Level 1:colcon.colcon_core.environment:checking '/home/msd/MSD2/REV4/install/robot_servoing' for CMake config files
[2.709s] Level 1:colcon.colcon_core.shell:create_environment_hook('robot_servoing', 'cmake_prefix_path')
[2.710s] INFO:colcon.colcon_core.shell:Creating environment hook '/home/msd/MSD2/REV4/install/robot_servoing/share/robot_servoing/hook/cmake_prefix_path.ps1'
[2.710s] INFO:colcon.colcon_core.shell:Creating environment descriptor '/home/msd/MSD2/REV4/install/robot_servoing/share/robot_servoing/hook/cmake_prefix_path.dsv'
[2.711s] INFO:colcon.colcon_core.shell:Creating environment hook '/home/msd/MSD2/REV4/install/robot_servoing/share/robot_servoing/hook/cmake_prefix_path.sh'
[2.712s] Level 1:colcon.colcon_core.environment:checking '/home/msd/MSD2/REV4/install/robot_servoing/lib'
[2.712s] Level 1:colcon.colcon_core.shell:create_environment_hook('robot_servoing', 'ld_library_path_lib')
[2.712s] INFO:colcon.colcon_core.shell:Creating environment hook '/home/msd/MSD2/REV4/install/robot_servoing/share/robot_servoing/hook/ld_library_path_lib.ps1'
[2.713s] INFO:colcon.colcon_core.shell:Creating environment descriptor '/home/msd/MSD2/REV4/install/robot_servoing/share/robot_servoing/hook/ld_library_path_lib.dsv'
[2.713s] INFO:colcon.colcon_core.shell:Creating environment hook '/home/msd/MSD2/REV4/install/robot_servoing/share/robot_servoing/hook/ld_library_path_lib.sh'
[2.714s] Level 1:colcon.colcon_core.environment:checking '/home/msd/MSD2/REV4/install/robot_servoing/bin'
[2.714s] Level 1:colcon.colcon_core.environment:checking '/home/msd/MSD2/REV4/install/robot_servoing/lib/pkgconfig/robot_servoing.pc'
[2.714s] Level 1:colcon.colcon_core.environment:checking '/home/msd/MSD2/REV4/install/robot_servoing/lib/python3.10/site-packages'
[2.715s] Level 1:colcon.colcon_core.environment:checking '/home/msd/MSD2/REV4/install/robot_servoing/bin'
[2.715s] INFO:colcon.colcon_core.shell:Creating package script '/home/msd/MSD2/REV4/install/robot_servoing/share/robot_servoing/package.ps1'
[2.717s] INFO:colcon.colcon_core.shell:Creating package descriptor '/home/msd/MSD2/REV4/install/robot_servoing/share/robot_servoing/package.dsv'
[2.717s] INFO:colcon.colcon_core.shell:Creating package script '/home/msd/MSD2/REV4/install/robot_servoing/share/robot_servoing/package.sh'
[2.718s] INFO:colcon.colcon_core.shell:Creating package script '/home/msd/MSD2/REV4/install/robot_servoing/share/robot_servoing/package.bash'
[2.719s] INFO:colcon.colcon_core.shell:Creating package script '/home/msd/MSD2/REV4/install/robot_servoing/share/robot_servoing/package.zsh'
[2.720s] Level 1:colcon.colcon_core.environment:create_file_with_runtime_dependencies(/home/msd/MSD2/REV4/install/robot_servoing/share/colcon-core/packages/robot_servoing)
[2.867s] Level 1:colcon.colcon_core.environment:checking '/home/msd/MSD2/REV4/install/spotarm_assembly_description' for CMake module files
[2.868s] DEBUG:colcon.colcon_core.event_handler.log_command:Invoked command in '/home/msd/MSD2/REV4/src/spotarm_assembly_description' returned '0': PYTHONPATH=/home/msd/MSD2/REV4/build/spotarm_assembly_description/prefix_override:/usr/lib/python3/dist-packages/colcon_core/task/python/colcon_distutils_commands:/home/msd/MSD2/REV4/install/spotarm_assembly_description/lib/python3.10/site-packages:${PYTHONPATH} /usr/bin/python3 -W ignore:setup.py install is deprecated -W ignore:easy_install command is deprecated setup.py egg_info --egg-base ../../build/spotarm_assembly_description build --build-base /home/msd/MSD2/REV4/build/spotarm_assembly_description/build install --record /home/msd/MSD2/REV4/build/spotarm_assembly_description/install.log --install-scripts $base/lib/spotarm_assembly_description --single-version-externally-managed install_data --force
[2.868s] Level 1:colcon.colcon_core.environment:checking '/home/msd/MSD2/REV4/install/spotarm_assembly_description' for CMake config files
[2.869s] Level 1:colcon.colcon_core.environment:checking '/home/msd/MSD2/REV4/install/spotarm_assembly_description/lib'
[2.869s] Level 1:colcon.colcon_core.environment:checking '/home/msd/MSD2/REV4/install/spotarm_assembly_description/bin'
[2.869s] Level 1:colcon.colcon_core.environment:checking '/home/msd/MSD2/REV4/install/spotarm_assembly_description/lib/pkgconfig/spotarm_assembly_description.pc'
[2.869s] Level 1:colcon.colcon_core.environment:checking '/home/msd/MSD2/REV4/install/spotarm_assembly_description/lib/python3.10/site-packages'
[2.869s] Level 1:colcon.colcon_core.shell:create_environment_hook('spotarm_assembly_description', 'pythonpath')
[2.870s] INFO:colcon.colcon_core.shell:Creating environment hook '/home/msd/MSD2/REV4/install/spotarm_assembly_description/share/spotarm_assembly_description/hook/pythonpath.ps1'
[2.870s] INFO:colcon.colcon_core.shell:Creating environment descriptor '/home/msd/MSD2/REV4/install/spotarm_assembly_description/share/spotarm_assembly_description/hook/pythonpath.dsv'
[2.871s] INFO:colcon.colcon_core.shell:Creating environment hook '/home/msd/MSD2/REV4/install/spotarm_assembly_description/share/spotarm_assembly_description/hook/pythonpath.sh'
[2.871s] Level 1:colcon.colcon_core.environment:checking '/home/msd/MSD2/REV4/install/spotarm_assembly_description/bin'
[2.871s] Level 1:colcon.colcon_core.environment:create_environment_scripts_only(spotarm_assembly_description)
[2.872s] INFO:colcon.colcon_core.shell:Creating package script '/home/msd/MSD2/REV4/install/spotarm_assembly_description/share/spotarm_assembly_description/package.ps1'
[2.872s] INFO:colcon.colcon_core.shell:Creating package descriptor '/home/msd/MSD2/REV4/install/spotarm_assembly_description/share/spotarm_assembly_description/package.dsv'
[2.873s] INFO:colcon.colcon_core.shell:Creating package script '/home/msd/MSD2/REV4/install/spotarm_assembly_description/share/spotarm_assembly_description/package.sh'
[2.873s] INFO:colcon.colcon_core.shell:Creating package script '/home/msd/MSD2/REV4/install/spotarm_assembly_description/share/spotarm_assembly_description/package.bash'
[2.874s] INFO:colcon.colcon_core.shell:Creating package script '/home/msd/MSD2/REV4/install/spotarm_assembly_description/share/spotarm_assembly_description/package.zsh'
[2.874s] Level 1:colcon.colcon_core.environment:create_file_with_runtime_dependencies(/home/msd/MSD2/REV4/install/spotarm_assembly_description/share/colcon-core/packages/spotarm_assembly_description)
[2.874s] INFO:colcon.colcon_ros.task.ament_cmake.build:Building ROS package in '/home/msd/MSD2/REV4/src/robot_moveit_config' with build type 'ament_cmake'
[2.874s] INFO:colcon.colcon_cmake.task.cmake.build:Building CMake package in '/home/msd/MSD2/REV4/src/robot_moveit_config'
[2.874s] INFO:colcon.colcon_core.shell:Skip shell extension 'powershell' for command environment: Not usable outside of PowerShell
[2.875s] DEBUG:colcon.colcon_core.shell:Skip shell extension 'dsv' for command environment
[2.883s] DEBUG:colcon.colcon_core.event_handler.log_command:Invoking command in '/home/msd/MSD2/REV4/build/robot_moveit_config': AMENT_PREFIX_PATH=/home/msd/MSD2/REV4/install/spotarm_assembly_description:${AMENT_PREFIX_PATH} CMAKE_PREFIX_PATH=/opt/ros/humble PYTHONPATH=/home/msd/MSD2/REV4/install/spotarm_assembly_description/lib/python3.10/site-packages:${PYTHONPATH} /usr/bin/cmake /home/msd/MSD2/REV4/src/robot_moveit_config -DCMAKE_INSTALL_PREFIX=/home/msd/MSD2/REV4/install/robot_moveit_config
[2.983s] Level 1:colcon.colcon_core.environment:checking '/home/msd/MSD2/REV4/install/robot_status_leds' for CMake module files
[2.983s] DEBUG:colcon.colcon_core.event_handler.log_command:Invoked command in '/home/msd/MSD2/REV4/src/robot_status_leds' returned '0': PYTHONPATH=/home/msd/MSD2/REV4/build/robot_status_leds/prefix_override:/usr/lib/python3/dist-packages/colcon_core/task/python/colcon_distutils_commands:/home/msd/MSD2/REV4/install/robot_status_leds/lib/python3.10/site-packages:${PYTHONPATH} /usr/bin/python3 -W ignore:setup.py install is deprecated -W ignore:easy_install command is deprecated setup.py egg_info --egg-base ../../build/robot_status_leds build --build-base /home/msd/MSD2/REV4/build/robot_status_leds/build install --record /home/msd/MSD2/REV4/build/robot_status_leds/install.log --single-version-externally-managed install_data --force
[2.983s] Level 1:colcon.colcon_core.environment:checking '/home/msd/MSD2/REV4/install/robot_status_leds' for CMake config files
[2.984s] Level 1:colcon.colcon_core.environment:checking '/home/msd/MSD2/REV4/install/robot_status_leds/lib'
[2.984s] Level 1:colcon.colcon_core.environment:checking '/home/msd/MSD2/REV4/install/robot_status_leds/bin'
[2.984s] Level 1:colcon.colcon_core.environment:checking '/home/msd/MSD2/REV4/install/robot_status_leds/lib/pkgconfig/robot_status_leds.pc'
[2.985s] Level 1:colcon.colcon_core.environment:checking '/home/msd/MSD2/REV4/install/robot_status_leds/lib/python3.10/site-packages'
[2.985s] Level 1:colcon.colcon_core.shell:create_environment_hook('robot_status_leds', 'pythonpath')
[2.985s] INFO:colcon.colcon_core.shell:Creating environment hook '/home/msd/MSD2/REV4/install/robot_status_leds/share/robot_status_leds/hook/pythonpath.ps1'
[2.985s] INFO:colcon.colcon_core.shell:Creating environment descriptor '/home/msd/MSD2/REV4/install/robot_status_leds/share/robot_status_leds/hook/pythonpath.dsv'
[2.986s] INFO:colcon.colcon_core.shell:Creating environment hook '/home/msd/MSD2/REV4/install/robot_status_leds/share/robot_status_leds/hook/pythonpath.sh'
[2.986s] Level 1:colcon.colcon_core.environment:checking '/home/msd/MSD2/REV4/install/robot_status_leds/bin'
[2.986s] Level 1:colcon.colcon_core.environment:create_environment_scripts_only(robot_status_leds)
[2.987s] INFO:colcon.colcon_core.shell:Creating package script '/home/msd/MSD2/REV4/install/robot_status_leds/share/robot_status_leds/package.ps1'
[2.988s] INFO:colcon.colcon_core.shell:Creating package descriptor '/home/msd/MSD2/REV4/install/robot_status_leds/share/robot_status_leds/package.dsv'
[2.988s] INFO:colcon.colcon_core.shell:Creating package script '/home/msd/MSD2/REV4/install/robot_status_leds/share/robot_status_leds/package.sh'
[2.988s] INFO:colcon.colcon_core.shell:Creating package script '/home/msd/MSD2/REV4/install/robot_status_leds/share/robot_status_leds/package.bash'
[2.989s] INFO:colcon.colcon_core.shell:Creating package script '/home/msd/MSD2/REV4/install/robot_status_leds/share/robot_status_leds/package.zsh'
[2.989s] Level 1:colcon.colcon_core.environment:create_file_with_runtime_dependencies(/home/msd/MSD2/REV4/install/robot_status_leds/share/colcon-core/packages/robot_status_leds)
[3.101s] DEBUG:colcon.colcon_core.event_handler.log_command:Invoked command in '/home/msd/MSD2/REV4/build/robot_moveit_config' returned '0': AMENT_PREFIX_PATH=/home/msd/MSD2/REV4/install/spotarm_assembly_description:${AMENT_PREFIX_PATH} CMAKE_PREFIX_PATH=/opt/ros/humble PYTHONPATH=/home/msd/MSD2/REV4/install/spotarm_assembly_description/lib/python3.10/site-packages:${PYTHONPATH} /usr/bin/cmake /home/msd/MSD2/REV4/src/robot_moveit_config -DCMAKE_INSTALL_PREFIX=/home/msd/MSD2/REV4/install/robot_moveit_config
[3.102s] DEBUG:colcon.colcon_core.event_handler.log_command:Invoking command in '/home/msd/MSD2/REV4/build/robot_moveit_config': AMENT_PREFIX_PATH=/home/msd/MSD2/REV4/install/spotarm_assembly_description:${AMENT_PREFIX_PATH} CMAKE_PREFIX_PATH=/opt/ros/humble PYTHONPATH=/home/msd/MSD2/REV4/install/spotarm_assembly_description/lib/python3.10/site-packages:${PYTHONPATH} /usr/bin/cmake --build /home/msd/MSD2/REV4/build/robot_moveit_config -- -j8 -l8
[3.134s] DEBUG:colcon.colcon_core.event_handler.log_command:Invoked command in '/home/msd/MSD2/REV4/build/robot_moveit_config' returned '0': AMENT_PREFIX_PATH=/home/msd/MSD2/REV4/install/spotarm_assembly_description:${AMENT_PREFIX_PATH} CMAKE_PREFIX_PATH=/opt/ros/humble PYTHONPATH=/home/msd/MSD2/REV4/install/spotarm_assembly_description/lib/python3.10/site-packages:${PYTHONPATH} /usr/bin/cmake --build /home/msd/MSD2/REV4/build/robot_moveit_config -- -j8 -l8
[3.136s] DEBUG:colcon.colcon_core.event_handler.log_command:Invoking command in '/home/msd/MSD2/REV4/build/robot_moveit_config': AMENT_PREFIX_PATH=/home/msd/MSD2/REV4/install/spotarm_assembly_description:${AMENT_PREFIX_PATH} CMAKE_PREFIX_PATH=/opt/ros/humble PYTHONPATH=/home/msd/MSD2/REV4/install/spotarm_assembly_description/lib/python3.10/site-packages:${PYTHONPATH} /usr/bin/cmake --install /home/msd/MSD2/REV4/build/robot_moveit_config
[3.160s] Level 1:colcon.colcon_core.environment:create_environment_scripts_only(robot_moveit_config)
[3.160s] Level 1:colcon.colcon_core.environment:checking '/home/msd/MSD2/REV4/install/robot_moveit_config' for CMake module files
[3.160s] DEBUG:colcon.colcon_core.event_handler.log_command:Invoked command in '/home/msd/MSD2/REV4/build/robot_moveit_config' returned '0': AMENT_PREFIX_PATH=/home/msd/MSD2/REV4/install/spotarm_assembly_description:${AMENT_PREFIX_PATH} CMAKE_PREFIX_PATH=/opt/ros/humble PYTHONPATH=/home/msd/MSD2/REV4/install/spotarm_assembly_description/lib/python3.10/site-packages:${PYTHONPATH} /usr/bin/cmake --install /home/msd/MSD2/REV4/build/robot_moveit_config
[3.161s] Level 1:colcon.colcon_core.environment:checking '/home/msd/MSD2/REV4/install/robot_moveit_config' for CMake config files
[3.161s] Level 1:colcon.colcon_core.shell:create_environment_hook('robot_moveit_config', 'cmake_prefix_path')
[3.161s] INFO:colcon.colcon_core.shell:Creating environment hook '/home/msd/MSD2/REV4/install/robot_moveit_config/share/robot_moveit_config/hook/cmake_prefix_path.ps1'
[3.162s] INFO:colcon.colcon_core.shell:Creating environment descriptor '/home/msd/MSD2/REV4/install/robot_moveit_config/share/robot_moveit_config/hook/cmake_prefix_path.dsv'
[3.162s] INFO:colcon.colcon_core.shell:Creating environment hook '/home/msd/MSD2/REV4/install/robot_moveit_config/share/robot_moveit_config/hook/cmake_prefix_path.sh'
[3.163s] Level 1:colcon.colcon_core.environment:checking '/home/msd/MSD2/REV4/install/robot_moveit_config/bin'
[3.163s] Level 1:colcon.colcon_core.environment:checking '/home/msd/MSD2/REV4/install/robot_moveit_config/lib/pkgconfig/robot_moveit_config.pc'
[3.163s] Level 1:colcon.colcon_core.environment:checking '/home/msd/MSD2/REV4/install/robot_moveit_config/lib/python3.10/site-packages'
[3.163s] Level 1:colcon.colcon_core.environment:checking '/home/msd/MSD2/REV4/install/robot_moveit_config/bin'
[3.164s] INFO:colcon.colcon_core.shell:Creating package script '/home/msd/MSD2/REV4/install/robot_moveit_config/share/robot_moveit_config/package.ps1'
[3.164s] INFO:colcon.colcon_core.shell:Creating package descriptor '/home/msd/MSD2/REV4/install/robot_moveit_config/share/robot_moveit_config/package.dsv'
[3.165s] INFO:colcon.colcon_core.shell:Creating package script '/home/msd/MSD2/REV4/install/robot_moveit_config/share/robot_moveit_config/package.sh'
[3.165s] INFO:colcon.colcon_core.shell:Creating package script '/home/msd/MSD2/REV4/install/robot_moveit_config/share/robot_moveit_config/package.bash'
[3.165s] INFO:colcon.colcon_core.shell:Creating package script '/home/msd/MSD2/REV4/install/robot_moveit_config/share/robot_moveit_config/package.zsh'
[3.166s] Level 1:colcon.colcon_core.environment:create_file_with_runtime_dependencies(/home/msd/MSD2/REV4/install/robot_moveit_config/share/colcon-core/packages/robot_moveit_config)
[3.166s] Level 1:colcon.colcon_core.environment:create_environment_scripts_only(robot_moveit_config)
[3.166s] Level 1:colcon.colcon_core.environment:checking '/home/msd/MSD2/REV4/install/robot_moveit_config' for CMake module files
[3.167s] Level 1:colcon.colcon_core.environment:checking '/home/msd/MSD2/REV4/install/robot_moveit_config' for CMake config files
[3.167s] Level 1:colcon.colcon_core.shell:create_environment_hook('robot_moveit_config', 'cmake_prefix_path')
[3.167s] INFO:colcon.colcon_core.shell:Creating environment hook '/home/msd/MSD2/REV4/install/robot_moveit_config/share/robot_moveit_config/hook/cmake_prefix_path.ps1'
[3.168s] INFO:colcon.colcon_core.shell:Creating environment descriptor '/home/msd/MSD2/REV4/install/robot_moveit_config/share/robot_moveit_config/hook/cmake_prefix_path.dsv'
[3.168s] INFO:colcon.colcon_core.shell:Creating environment hook '/home/msd/MSD2/REV4/install/robot_moveit_config/share/robot_moveit_config/hook/cmake_prefix_path.sh'
[3.168s] Level 1:colcon.colcon_core.environment:checking '/home/msd/MSD2/REV4/install/robot_moveit_config/bin'
[3.168s] Level 1:colcon.colcon_core.environment:checking '/home/msd/MSD2/REV4/install/robot_moveit_config/lib/pkgconfig/robot_moveit_config.pc'
[3.169s] Level 1:colcon.colcon_core.environment:checking '/home/msd/MSD2/REV4/install/robot_moveit_config/lib/python3.10/site-packages'
[3.169s] Level 1:colcon.colcon_core.environment:checking '/home/msd/MSD2/REV4/install/robot_moveit_config/bin'
[3.169s] INFO:colcon.colcon_core.shell:Creating package script '/home/msd/MSD2/REV4/install/robot_moveit_config/share/robot_moveit_config/package.ps1'
[3.170s] INFO:colcon.colcon_core.shell:Creating package descriptor '/home/msd/MSD2/REV4/install/robot_moveit_config/share/robot_moveit_config/package.dsv'
[3.170s] INFO:colcon.colcon_core.shell:Creating package script '/home/msd/MSD2/REV4/install/robot_moveit_config/share/robot_moveit_config/package.sh'
[3.171s] INFO:colcon.colcon_core.shell:Creating package script '/home/msd/MSD2/REV4/install/robot_moveit_config/share/robot_moveit_config/package.bash'
[3.171s] INFO:colcon.colcon_core.shell:Creating package script '/home/msd/MSD2/REV4/install/robot_moveit_config/share/robot_moveit_config/package.zsh'
[3.172s] Level 1:colcon.colcon_core.environment:create_file_with_runtime_dependencies(/home/msd/MSD2/REV4/install/robot_moveit_config/share/colcon-core/packages/robot_moveit_config)
[3.172s] INFO:colcon.colcon_ros.task.ament_cmake.build:Building ROS package in '/home/msd/MSD2/REV4/src/robot_bringup' with build type 'ament_cmake'
[3.172s] INFO:colcon.colcon_cmake.task.cmake.build:Building CMake package in '/home/msd/MSD2/REV4/src/robot_bringup'
[3.172s] INFO:colcon.colcon_core.shell:Skip shell extension 'powershell' for command environment: Not usable outside of PowerShell
[3.172s] DEBUG:colcon.colcon_core.shell:Skip shell extension 'dsv' for command environment
[3.181s] DEBUG:colcon.colcon_core.event_handler.log_command:Invoking command in '/home/msd/MSD2/REV4/build/robot_bringup': AMENT_PREFIX_PATH=/home/msd/MSD2/REV4/install/robot_moveit_config:/home/msd/MSD2/REV4/install/spotarm_assembly_description:${AMENT_PREFIX_PATH} CMAKE_PREFIX_PATH=/home/msd/MSD2/REV4/install/robot_moveit_config:/opt/ros/humble PYTHONPATH=/home/msd/MSD2/REV4/install/spotarm_assembly_description/lib/python3.10/site-packages:${PYTHONPATH} /usr/bin/cmake /home/msd/MSD2/REV4/src/robot_bringup -DCMAKE_INSTALL_PREFIX=/home/msd/MSD2/REV4/install/robot_bringup
[3.394s] DEBUG:colcon.colcon_core.event_handler.log_command:Invoked command in '/home/msd/MSD2/REV4/build/robot_bringup' returned '0': AMENT_PREFIX_PATH=/home/msd/MSD2/REV4/install/robot_moveit_config:/home/msd/MSD2/REV4/install/spotarm_assembly_description:${AMENT_PREFIX_PATH} CMAKE_PREFIX_PATH=/home/msd/MSD2/REV4/install/robot_moveit_config:/opt/ros/humble PYTHONPATH=/home/msd/MSD2/REV4/install/spotarm_assembly_description/lib/python3.10/site-packages:${PYTHONPATH} /usr/bin/cmake /home/msd/MSD2/REV4/src/robot_bringup -DCMAKE_INSTALL_PREFIX=/home/msd/MSD2/REV4/install/robot_bringup
[3.395s] DEBUG:colcon.colcon_core.event_handler.log_command:Invoking command in '/home/msd/MSD2/REV4/build/robot_bringup': AMENT_PREFIX_PATH=/home/msd/MSD2/REV4/install/robot_moveit_config:/home/msd/MSD2/REV4/install/spotarm_assembly_description:${AMENT_PREFIX_PATH} CMAKE_PREFIX_PATH=/home/msd/MSD2/REV4/install/robot_moveit_config:/opt/ros/humble PYTHONPATH=/home/msd/MSD2/REV4/install/spotarm_assembly_description/lib/python3.10/site-packages:${PYTHONPATH} /usr/bin/cmake --build /home/msd/MSD2/REV4/build/robot_bringup -- -j8 -l8
[3.428s] DEBUG:colcon.colcon_core.event_handler.log_command:Invoked command in '/home/msd/MSD2/REV4/build/robot_bringup' returned '0': AMENT_PREFIX_PATH=/home/msd/MSD2/REV4/install/robot_moveit_config:/home/msd/MSD2/REV4/install/spotarm_assembly_description:${AMENT_PREFIX_PATH} CMAKE_PREFIX_PATH=/home/msd/MSD2/REV4/install/robot_moveit_config:/opt/ros/humble PYTHONPATH=/home/msd/MSD2/REV4/install/spotarm_assembly_description/lib/python3.10/site-packages:${PYTHONPATH} /usr/bin/cmake --build /home/msd/MSD2/REV4/build/robot_bringup -- -j8 -l8
[3.430s] DEBUG:colcon.colcon_core.event_handler.log_command:Invoking command in '/home/msd/MSD2/REV4/build/robot_bringup': AMENT_PREFIX_PATH=/home/msd/MSD2/REV4/install/robot_moveit_config:/home/msd/MSD2/REV4/install/spotarm_assembly_description:${AMENT_PREFIX_PATH} CMAKE_PREFIX_PATH=/home/msd/MSD2/REV4/install/robot_moveit_config:/opt/ros/humble PYTHONPATH=/home/msd/MSD2/REV4/install/spotarm_assembly_description/lib/python3.10/site-packages:${PYTHONPATH} /usr/bin/cmake --install /home/msd/MSD2/REV4/build/robot_bringup
[3.451s] Level 1:colcon.colcon_core.environment:create_environment_scripts_only(robot_bringup)
[3.451s] Level 1:colcon.colcon_core.environment:checking '/home/msd/MSD2/REV4/install/robot_bringup' for CMake module files
[3.452s] DEBUG:colcon.colcon_core.event_handler.log_command:Invoked command in '/home/msd/MSD2/REV4/build/robot_bringup' returned '0': AMENT_PREFIX_PATH=/home/msd/MSD2/REV4/install/robot_moveit_config:/home/msd/MSD2/REV4/install/spotarm_assembly_description:${AMENT_PREFIX_PATH} CMAKE_PREFIX_PATH=/home/msd/MSD2/REV4/install/robot_moveit_config:/opt/ros/humble PYTHONPATH=/home/msd/MSD2/REV4/install/spotarm_assembly_description/lib/python3.10/site-packages:${PYTHONPATH} /usr/bin/cmake --install /home/msd/MSD2/REV4/build/robot_bringup
[3.452s] Level 1:colcon.colcon_core.environment:checking '/home/msd/MSD2/REV4/install/robot_bringup' for CMake config files
[3.452s] Level 1:colcon.colcon_core.shell:create_environment_hook('robot_bringup', 'cmake_prefix_path')
[3.453s] INFO:colcon.colcon_core.shell:Creating environment hook '/home/msd/MSD2/REV4/install/robot_bringup/share/robot_bringup/hook/cmake_prefix_path.ps1'
[3.453s] INFO:colcon.colcon_core.shell:Creating environment descriptor '/home/msd/MSD2/REV4/install/robot_bringup/share/robot_bringup/hook/cmake_prefix_path.dsv'
[3.453s] INFO:colcon.colcon_core.shell:Creating environment hook '/home/msd/MSD2/REV4/install/robot_bringup/share/robot_bringup/hook/cmake_prefix_path.sh'
[3.454s] Level 1:colcon.colcon_core.environment:checking '/home/msd/MSD2/REV4/install/robot_bringup/bin'
[3.454s] Level 1:colcon.colcon_core.environment:checking '/home/msd/MSD2/REV4/install/robot_bringup/lib/pkgconfig/robot_bringup.pc'
[3.454s] Level 1:colcon.colcon_core.environment:checking '/home/msd/MSD2/REV4/install/robot_bringup/lib/python3.10/site-packages'
[3.455s] Level 1:colcon.colcon_core.environment:checking '/home/msd/MSD2/REV4/install/robot_bringup/bin'
[3.455s] INFO:colcon.colcon_core.shell:Creating package script '/home/msd/MSD2/REV4/install/robot_bringup/share/robot_bringup/package.ps1'
[3.455s] INFO:colcon.colcon_core.shell:Creating package descriptor '/home/msd/MSD2/REV4/install/robot_bringup/share/robot_bringup/package.dsv'
[3.456s] INFO:colcon.colcon_core.shell:Creating package script '/home/msd/MSD2/REV4/install/robot_bringup/share/robot_bringup/package.sh'
[3.456s] INFO:colcon.colcon_core.shell:Creating package script '/home/msd/MSD2/REV4/install/robot_bringup/share/robot_bringup/package.bash'
[3.456s] INFO:colcon.colcon_core.shell:Creating package script '/home/msd/MSD2/REV4/install/robot_bringup/share/robot_bringup/package.zsh'
[3.457s] Level 1:colcon.colcon_core.environment:create_file_with_runtime_dependencies(/home/msd/MSD2/REV4/install/robot_bringup/share/colcon-core/packages/robot_bringup)
[3.457s] Level 1:colcon.colcon_core.environment:create_environment_scripts_only(robot_bringup)
[3.458s] Level 1:colcon.colcon_core.environment:checking '/home/msd/MSD2/REV4/install/robot_bringup' for CMake module files
[3.458s] Level 1:colcon.colcon_core.environment:checking '/home/msd/MSD2/REV4/install/robot_bringup' for CMake config files
[3.458s] Level 1:colcon.colcon_core.shell:create_environment_hook('robot_bringup', 'cmake_prefix_path')
[3.458s] INFO:colcon.colcon_core.shell:Creating environment hook '/home/msd/MSD2/REV4/install/robot_bringup/share/robot_bringup/hook/cmake_prefix_path.ps1'
[3.459s] INFO:colcon.colcon_core.shell:Creating environment descriptor '/home/msd/MSD2/REV4/install/robot_bringup/share/robot_bringup/hook/cmake_prefix_path.dsv'
[3.459s] INFO:colcon.colcon_core.shell:Creating environment hook '/home/msd/MSD2/REV4/install/robot_bringup/share/robot_bringup/hook/cmake_prefix_path.sh'
[3.460s] Level 1:colcon.colcon_core.environment:checking '/home/msd/MSD2/REV4/install/robot_bringup/bin'
[3.460s] Level 1:colcon.colcon_core.environment:checking '/home/msd/MSD2/REV4/install/robot_bringup/lib/pkgconfig/robot_bringup.pc'
[3.460s] Level 1:colcon.colcon_core.environment:checking '/home/msd/MSD2/REV4/install/robot_bringup/lib/python3.10/site-packages'
[3.460s] Level 1:colcon.colcon_core.environment:checking '/home/msd/MSD2/REV4/install/robot_bringup/bin'
[3.461s] INFO:colcon.colcon_core.shell:Creating package script '/home/msd/MSD2/REV4/install/robot_bringup/share/robot_bringup/package.ps1'
[3.461s] INFO:colcon.colcon_core.shell:Creating package descriptor '/home/msd/MSD2/REV4/install/robot_bringup/share/robot_bringup/package.dsv'
[3.462s] INFO:colcon.colcon_core.shell:Creating package script '/home/msd/MSD2/REV4/install/robot_bringup/share/robot_bringup/package.sh'
[3.462s] INFO:colcon.colcon_core.shell:Creating package script '/home/msd/MSD2/REV4/install/robot_bringup/share/robot_bringup/package.bash'
[3.462s] INFO:colcon.colcon_core.shell:Creating package script '/home/msd/MSD2/REV4/install/robot_bringup/share/robot_bringup/package.zsh'
[3.463s] Level 1:colcon.colcon_core.environment:create_file_with_runtime_dependencies(/home/msd/MSD2/REV4/install/robot_bringup/share/colcon-core/packages/robot_bringup)
[3.463s] DEBUG:colcon.colcon_parallel_executor.executor.parallel:closing loop
[3.463s] DEBUG:colcon.colcon_parallel_executor.executor.parallel:loop closed
[3.463s] DEBUG:colcon.colcon_parallel_executor.executor.parallel:run_until_complete finished with '0'
[3.463s] DEBUG:colcon.colcon_core.event_reactor:joining thread
[3.469s] INFO:colcon.colcon_core.plugin_system:Skipping extension 'colcon_notification.desktop_notification.terminal_notifier': Not used on non-Darwin systems
[3.469s] INFO:colcon.colcon_core.plugin_system:Skipping extension 'colcon_notification.desktop_notification.win32': Not used on non-Windows systems
[3.469s] INFO:colcon.colcon_notification.desktop_notification:Sending desktop notification using 'notify2'
[3.492s] DEBUG:colcon.colcon_core.event_reactor:joined thread
[3.492s] INFO:colcon.colcon_core.shell:Creating prefix script '/home/msd/MSD2/REV4/install/local_setup.ps1'
[3.493s] INFO:colcon.colcon_core.shell:Creating prefix util module '/home/msd/MSD2/REV4/install/_local_setup_util_ps1.py'
[3.495s] INFO:colcon.colcon_core.shell:Creating prefix chain script '/home/msd/MSD2/REV4/install/setup.ps1'
[3.497s] INFO:colcon.colcon_core.shell:Creating prefix script '/home/msd/MSD2/REV4/install/local_setup.sh'
[3.498s] INFO:colcon.colcon_core.shell:Creating prefix util module '/home/msd/MSD2/REV4/install/_local_setup_util_sh.py'
[3.499s] INFO:colcon.colcon_core.shell:Creating prefix chain script '/home/msd/MSD2/REV4/install/setup.sh'
[3.500s] INFO:colcon.colcon_core.shell:Creating prefix script '/home/msd/MSD2/REV4/install/local_setup.bash'
[3.501s] INFO:colcon.colcon_core.shell:Creating prefix chain script '/home/msd/MSD2/REV4/install/setup.bash'
[3.502s] INFO:colcon.colcon_core.shell:Creating prefix script '/home/msd/MSD2/REV4/install/local_setup.zsh'
[3.502s] INFO:colcon.colcon_core.shell:Creating prefix chain script '/home/msd/MSD2/REV4/install/setup.zsh'
