[0.000000] (-) TimerEvent: {}
[0.000115] (marge) JobQueued: {'identifier': 'marge', 'dependencies': OrderedDict()}
[0.000142] (my_robot) JobQueued: {'identifier': 'my_robot', 'dependencies': OrderedDict()}
[0.000161] (robot_commander) JobQueued: {'identifier': 'robot_commander', 'dependencies': OrderedDict()}
[0.000176] (robot_hardware) JobQueued: {'identifier': 'robot_hardware', 'dependencies': OrderedDict()}
[0.000190] (robot_servoing) JobQueued: {'identifier': 'robot_servoing', 'dependencies': OrderedDict()}
[0.000206] (robot_status_leds) JobQueued: {'identifier': 'robot_status_leds', 'dependencies': OrderedDict()}
[0.000221] (spotarm_assembly_description) JobQueued: {'identifier': 'spotarm_assembly_description', 'dependencies': OrderedDict()}
[0.000236] (stepper_test) JobQueued: {'identifier': 'stepper_test', 'dependencies': OrderedDict()}
[0.000251] (gear_manipulator_moveit_config) JobQueued: {'identifier': 'gear_manipulator_moveit_config', 'dependencies': OrderedDict([('my_robot', '/home/msd/MSD2/REV4/install/my_robot')])}
[0.000268] (robot_moveit_config) JobQueued: {'identifier': 'robot_moveit_config', 'dependencies': OrderedDict([('spotarm_assembly_description', '/home/msd/MSD2/REV4/install/spotarm_assembly_description')])}
[0.000286] (robot_bringup) JobQueued: {'identifier': 'robot_bringup', 'dependencies': OrderedDict([('spotarm_assembly_description', '/home/msd/MSD2/REV4/install/spotarm_assembly_description'), ('robot_moveit_config', '/home/msd/MSD2/REV4/install/robot_moveit_config')])}
[0.000304] (spotarm_assembly_description) JobStarted: {'identifier': 'spotarm_assembly_description'}
[0.009761] (my_robot) JobStarted: {'identifier': 'my_robot'}
[0.012447] (marge) JobStarted: {'identifier': 'marge'}
[0.016402] (robot_commander) JobStarted: {'identifier': 'robot_commander'}
[0.020283] (robot_hardware) JobStarted: {'identifier': 'robot_hardware'}
[0.023344] (robot_servoing) JobStarted: {'identifier': 'robot_servoing'}
[0.026423] (robot_status_leds) JobStarted: {'identifier': 'robot_status_leds'}
[0.032143] (stepper_test) JobStarted: {'identifier': 'stepper_test'}
[0.099163] (-) TimerEvent: {}
[0.199447] (-) TimerEvent: {}
[0.299739] (-) TimerEvent: {}
[0.310623] (my_robot) JobProgress: {'identifier': 'my_robot', 'progress': 'cmake'}
[0.311491] (my_robot) Command: {'cmd': ['/usr/bin/cmake', '/home/msd/MSD2/REV4/src/my_robot', '-DAMENT_CMAKE_SYMLINK_INSTALL=1', '-DCMAKE_INSTALL_PREFIX=/home/msd/MSD2/REV4/install/my_robot'], 'cwd': '/home/msd/MSD2/REV4/build/my_robot', 'env': OrderedDict([('LESSOPEN', '| /usr/bin/lesspipe %s'), ('USER', 'msd'), ('XDG_SESSION_TYPE', 'wayland'), ('SHLVL', '1'), ('LD_LIBRARY_PATH', '/opt/ros/humble/opt/rviz_ogre_vendor/lib:/opt/ros/humble/lib/x86_64-linux-gnu:/opt/ros/humble/lib'), ('HOME', '/home/msd'), ('OLDPWD', '/home/msd/MSD2/REV4'), ('DESKTOP_SESSION', 'ubuntu'), ('ROS_PYTHON_VERSION', '3'), ('GNOME_SHELL_SESSION_MODE', 'ubuntu'), ('GTK_MODULES', 'gail:atk-bridge'), ('SYSTEMD_EXEC_PID', '1554'), ('DBUS_SESSION_BUS_ADDRESS', 'unix:path=/run/user/1000/bus'), ('COLORTERM', 'truecolor'), ('IM_CONFIG_PHASE', '1'), ('WAYLAND_DISPLAY', 'wayland-0'), ('COLCON_PREFIX_PATH', '/home/msd/MSD2/REV4/install'), ('ROS_DISTRO', 'humble'), ('LOGNAME', 'msd'), ('_', '/usr/bin/colcon'), ('ROS_VERSION', '2'), ('XDG_SESSION_CLASS', 'user'), ('USERNAME', 'msd'), ('TERM', 'xterm-256color'), ('GNOME_DESKTOP_SESSION_ID', 'this-is-deprecated'), ('ROS_LOCALHOST_ONLY', '0'), ('PATH', '/opt/ros/humble/bin:/usr/local/sbin:/usr/local/bin:/usr/sbin:/usr/bin:/sbin:/bin:/usr/games:/usr/local/games:/snap/bin:/snap/bin'), ('SESSION_MANAGER', 'local/msd-ThinkPad-E14:@/tmp/.ICE-unix/1525,unix/msd-ThinkPad-E14:/tmp/.ICE-unix/1525'), ('XDG_MENU_PREFIX', 'gnome-'), ('GNOME_TERMINAL_SCREEN', '/org/gnome/Terminal/screen/7158f50d_a2ac_433b_a426_8c4df8937725'), ('GNOME_SETUP_DISPLAY', ':1'), ('XDG_RUNTIME_DIR', '/run/user/1000'), ('DISPLAY', ':0'), ('LANG', 'en_US.UTF-8'), ('XDG_CURRENT_DESKTOP', 'ubuntu:GNOME'), ('XMODIFIERS', '@im=ibus'), ('XDG_SESSION_DESKTOP', 'ubuntu'), ('XAUTHORITY', '/run/user/1000/.mutter-Xwaylandauth.Q9KNN3'), ('LS_COLORS', 'rs=0:di=01;34:ln=01;36:mh=00:pi=40;33:so=01;35:do=01;35:bd=40;33;01:cd=40;33;01:or=40;31;01:mi=00:su=37;41:sg=30;43:ca=30;41:tw=30;42:ow=34;42:st=37;44:ex=01;32:*.tar=01;31:*.tgz=01;31:*.arc=01;31:*.arj=01;31:*.taz=01;31:*.lha=01;31:*.lz4=01;31:*.lzh=01;31:*.lzma=01;31:*.tlz=01;31:*.txz=01;31:*.tzo=01;31:*.t7z=01;31:*.zip=01;31:*.z=01;31:*.dz=01;31:*.gz=01;31:*.lrz=01;31:*.lz=01;31:*.lzo=01;31:*.xz=01;31:*.zst=01;31:*.tzst=01;31:*.bz2=01;31:*.bz=01;31:*.tbz=01;31:*.tbz2=01;31:*.tz=01;31:*.deb=01;31:*.rpm=01;31:*.jar=01;31:*.war=01;31:*.ear=01;31:*.sar=01;31:*.rar=01;31:*.alz=01;31:*.ace=01;31:*.zoo=01;31:*.cpio=01;31:*.7z=01;31:*.rz=01;31:*.cab=01;31:*.wim=01;31:*.swm=01;31:*.dwm=01;31:*.esd=01;31:*.jpg=01;35:*.jpeg=01;35:*.mjpg=01;35:*.mjpeg=01;35:*.gif=01;35:*.bmp=01;35:*.pbm=01;35:*.pgm=01;35:*.ppm=01;35:*.tga=01;35:*.xbm=01;35:*.xpm=01;35:*.tif=01;35:*.tiff=01;35:*.png=01;35:*.svg=01;35:*.svgz=01;35:*.mng=01;35:*.pcx=01;35:*.mov=01;35:*.mpg=01;35:*.mpeg=01;35:*.m2v=01;35:*.mkv=01;35:*.webm=01;35:*.webp=01;35:*.ogm=01;35:*.mp4=01;35:*.m4v=01;35:*.mp4v=01;35:*.vob=01;35:*.qt=01;35:*.nuv=01;35:*.wmv=01;35:*.asf=01;35:*.rm=01;35:*.rmvb=01;35:*.flc=01;35:*.avi=01;35:*.fli=01;35:*.flv=01;35:*.gl=01;35:*.dl=01;35:*.xcf=01;35:*.xwd=01;35:*.yuv=01;35:*.cgm=01;35:*.emf=01;35:*.ogv=01;35:*.ogx=01;35:*.aac=00;36:*.au=00;36:*.flac=00;36:*.m4a=00;36:*.mid=00;36:*.midi=00;36:*.mka=00;36:*.mp3=00;36:*.mpc=00;36:*.ogg=00;36:*.ra=00;36:*.wav=00;36:*.oga=00;36:*.opus=00;36:*.spx=00;36:*.xspf=00;36:'), ('GNOME_TERMINAL_SERVICE', ':1.325'), ('SSH_AGENT_LAUNCHER', 'gnome-keyring'), ('SSH_AUTH_SOCK', '/run/user/1000/keyring/ssh'), ('AMENT_PREFIX_PATH', '/home/msd/MSD2/REV4/install/gear_manipulator_moveit_config:/home/msd/MSD2/REV4/install/my_robot:/home/msd/MSD2/REV4/install/motor_bridge:/opt/ros/humble'), ('SHELL', '/bin/bash'), ('QT_ACCESSIBILITY', '1'), ('GDMSESSION', 'ubuntu'), ('LESSCLOSE', '/usr/bin/lesspipe %s %s'), ('QT_IM_MODULE', 'ibus'), ('PWD', '/home/msd/MSD2/REV4/build/my_robot'), ('XDG_CONFIG_DIRS', '/etc/xdg/xdg-ubuntu:/etc/xdg'), ('XDG_DATA_DIRS', '/usr/share/ubuntu:/usr/local/share/:/usr/share/:/var/lib/snapd/desktop'), ('PYTHONPATH', '/opt/ros/humble/lib/python3.10/site-packages:/opt/ros/humble/local/lib/python3.10/dist-packages'), ('COLCON', '1'), ('VTE_VERSION', '6800'), ('CMAKE_PREFIX_PATH', '/home/msd/MSD2/REV4/install/gear_manipulator_moveit_config:/home/msd/MSD2/REV4/install/motor_bridge:/home/msd/MSD2/REV4/install/my_robot:/opt/ros/humble')]), 'shell': False}
[0.314247] (marge) JobProgress: {'identifier': 'marge', 'progress': 'cmake'}
[0.315383] (marge) Command: {'cmd': ['/usr/bin/cmake', '/home/msd/MSD2/REV4/src/marge', '-DAMENT_CMAKE_SYMLINK_INSTALL=1', '-DCMAKE_INSTALL_PREFIX=/home/msd/MSD2/REV4/install/marge'], 'cwd': '/home/msd/MSD2/REV4/build/marge', 'env': OrderedDict([('LESSOPEN', '| /usr/bin/lesspipe %s'), ('USER', 'msd'), ('XDG_SESSION_TYPE', 'wayland'), ('SHLVL', '1'), ('LD_LIBRARY_PATH', '/opt/ros/humble/opt/rviz_ogre_vendor/lib:/opt/ros/humble/lib/x86_64-linux-gnu:/opt/ros/humble/lib'), ('HOME', '/home/msd'), ('OLDPWD', '/home/msd/MSD2/REV4'), ('DESKTOP_SESSION', 'ubuntu'), ('ROS_PYTHON_VERSION', '3'), ('GNOME_SHELL_SESSION_MODE', 'ubuntu'), ('GTK_MODULES', 'gail:atk-bridge'), ('SYSTEMD_EXEC_PID', '1554'), ('DBUS_SESSION_BUS_ADDRESS', 'unix:path=/run/user/1000/bus'), ('COLORTERM', 'truecolor'), ('IM_CONFIG_PHASE', '1'), ('WAYLAND_DISPLAY', 'wayland-0'), ('COLCON_PREFIX_PATH', '/home/msd/MSD2/REV4/install'), ('ROS_DISTRO', 'humble'), ('LOGNAME', 'msd'), ('_', '/usr/bin/colcon'), ('ROS_VERSION', '2'), ('XDG_SESSION_CLASS', 'user'), ('USERNAME', 'msd'), ('TERM', 'xterm-256color'), ('GNOME_DESKTOP_SESSION_ID', 'this-is-deprecated'), ('ROS_LOCALHOST_ONLY', '0'), ('PATH', '/opt/ros/humble/bin:/usr/local/sbin:/usr/local/bin:/usr/sbin:/usr/bin:/sbin:/bin:/usr/games:/usr/local/games:/snap/bin:/snap/bin'), ('SESSION_MANAGER', 'local/msd-ThinkPad-E14:@/tmp/.ICE-unix/1525,unix/msd-ThinkPad-E14:/tmp/.ICE-unix/1525'), ('XDG_MENU_PREFIX', 'gnome-'), ('GNOME_TERMINAL_SCREEN', '/org/gnome/Terminal/screen/7158f50d_a2ac_433b_a426_8c4df8937725'), ('GNOME_SETUP_DISPLAY', ':1'), ('XDG_RUNTIME_DIR', '/run/user/1000'), ('DISPLAY', ':0'), ('LANG', 'en_US.UTF-8'), ('XDG_CURRENT_DESKTOP', 'ubuntu:GNOME'), ('XMODIFIERS', '@im=ibus'), ('XDG_SESSION_DESKTOP', 'ubuntu'), ('XAUTHORITY', '/run/user/1000/.mutter-Xwaylandauth.Q9KNN3'), ('LS_COLORS', 'rs=0:di=01;34:ln=01;36:mh=00:pi=40;33:so=01;35:do=01;35:bd=40;33;01:cd=40;33;01:or=40;31;01:mi=00:su=37;41:sg=30;43:ca=30;41:tw=30;42:ow=34;42:st=37;44:ex=01;32:*.tar=01;31:*.tgz=01;31:*.arc=01;31:*.arj=01;31:*.taz=01;31:*.lha=01;31:*.lz4=01;31:*.lzh=01;31:*.lzma=01;31:*.tlz=01;31:*.txz=01;31:*.tzo=01;31:*.t7z=01;31:*.zip=01;31:*.z=01;31:*.dz=01;31:*.gz=01;31:*.lrz=01;31:*.lz=01;31:*.lzo=01;31:*.xz=01;31:*.zst=01;31:*.tzst=01;31:*.bz2=01;31:*.bz=01;31:*.tbz=01;31:*.tbz2=01;31:*.tz=01;31:*.deb=01;31:*.rpm=01;31:*.jar=01;31:*.war=01;31:*.ear=01;31:*.sar=01;31:*.rar=01;31:*.alz=01;31:*.ace=01;31:*.zoo=01;31:*.cpio=01;31:*.7z=01;31:*.rz=01;31:*.cab=01;31:*.wim=01;31:*.swm=01;31:*.dwm=01;31:*.esd=01;31:*.jpg=01;35:*.jpeg=01;35:*.mjpg=01;35:*.mjpeg=01;35:*.gif=01;35:*.bmp=01;35:*.pbm=01;35:*.pgm=01;35:*.ppm=01;35:*.tga=01;35:*.xbm=01;35:*.xpm=01;35:*.tif=01;35:*.tiff=01;35:*.png=01;35:*.svg=01;35:*.svgz=01;35:*.mng=01;35:*.pcx=01;35:*.mov=01;35:*.mpg=01;35:*.mpeg=01;35:*.m2v=01;35:*.mkv=01;35:*.webm=01;35:*.webp=01;35:*.ogm=01;35:*.mp4=01;35:*.m4v=01;35:*.mp4v=01;35:*.vob=01;35:*.qt=01;35:*.nuv=01;35:*.wmv=01;35:*.asf=01;35:*.rm=01;35:*.rmvb=01;35:*.flc=01;35:*.avi=01;35:*.fli=01;35:*.flv=01;35:*.gl=01;35:*.dl=01;35:*.xcf=01;35:*.xwd=01;35:*.yuv=01;35:*.cgm=01;35:*.emf=01;35:*.ogv=01;35:*.ogx=01;35:*.aac=00;36:*.au=00;36:*.flac=00;36:*.m4a=00;36:*.mid=00;36:*.midi=00;36:*.mka=00;36:*.mp3=00;36:*.mpc=00;36:*.ogg=00;36:*.ra=00;36:*.wav=00;36:*.oga=00;36:*.opus=00;36:*.spx=00;36:*.xspf=00;36:'), ('GNOME_TERMINAL_SERVICE', ':1.325'), ('SSH_AGENT_LAUNCHER', 'gnome-keyring'), ('SSH_AUTH_SOCK', '/run/user/1000/keyring/ssh'), ('AMENT_PREFIX_PATH', '/home/msd/MSD2/REV4/install/gear_manipulator_moveit_config:/home/msd/MSD2/REV4/install/my_robot:/home/msd/MSD2/REV4/install/motor_bridge:/opt/ros/humble'), ('SHELL', '/bin/bash'), ('QT_ACCESSIBILITY', '1'), ('GDMSESSION', 'ubuntu'), ('LESSCLOSE', '/usr/bin/lesspipe %s %s'), ('QT_IM_MODULE', 'ibus'), ('PWD', '/home/msd/MSD2/REV4/build/marge'), ('XDG_CONFIG_DIRS', '/etc/xdg/xdg-ubuntu:/etc/xdg'), ('XDG_DATA_DIRS', '/usr/share/ubuntu:/usr/local/share/:/usr/share/:/var/lib/snapd/desktop'), ('PYTHONPATH', '/opt/ros/humble/lib/python3.10/site-packages:/opt/ros/humble/local/lib/python3.10/dist-packages'), ('COLCON', '1'), ('VTE_VERSION', '6800'), ('CMAKE_PREFIX_PATH', '/home/msd/MSD2/REV4/install/gear_manipulator_moveit_config:/home/msd/MSD2/REV4/install/motor_bridge:/home/msd/MSD2/REV4/install/my_robot:/opt/ros/humble')]), 'shell': False}
[0.316857] (robot_commander) JobProgress: {'identifier': 'robot_commander', 'progress': 'cmake'}
[0.316967] (robot_commander) Command: {'cmd': ['/usr/bin/cmake', '/home/msd/MSD2/REV4/src/robot_commander', '-DAMENT_CMAKE_SYMLINK_INSTALL=1', '-DCMAKE_INSTALL_PREFIX=/home/msd/MSD2/REV4/install/robot_commander'], 'cwd': '/home/msd/MSD2/REV4/build/robot_commander', 'env': OrderedDict([('LESSOPEN', '| /usr/bin/lesspipe %s'), ('USER', 'msd'), ('XDG_SESSION_TYPE', 'wayland'), ('SHLVL', '1'), ('LD_LIBRARY_PATH', '/opt/ros/humble/opt/rviz_ogre_vendor/lib:/opt/ros/humble/lib/x86_64-linux-gnu:/opt/ros/humble/lib'), ('HOME', '/home/msd'), ('OLDPWD', '/home/msd/MSD2/REV4'), ('DESKTOP_SESSION', 'ubuntu'), ('ROS_PYTHON_VERSION', '3'), ('GNOME_SHELL_SESSION_MODE', 'ubuntu'), ('GTK_MODULES', 'gail:atk-bridge'), ('SYSTEMD_EXEC_PID', '1554'), ('DBUS_SESSION_BUS_ADDRESS', 'unix:path=/run/user/1000/bus'), ('COLORTERM', 'truecolor'), ('IM_CONFIG_PHASE', '1'), ('WAYLAND_DISPLAY', 'wayland-0'), ('COLCON_PREFIX_PATH', '/home/msd/MSD2/REV4/install'), ('ROS_DISTRO', 'humble'), ('LOGNAME', 'msd'), ('_', '/usr/bin/colcon'), ('ROS_VERSION', '2'), ('XDG_SESSION_CLASS', 'user'), ('USERNAME', 'msd'), ('TERM', 'xterm-256color'), ('GNOME_DESKTOP_SESSION_ID', 'this-is-deprecated'), ('ROS_LOCALHOST_ONLY', '0'), ('PATH', '/opt/ros/humble/bin:/usr/local/sbin:/usr/local/bin:/usr/sbin:/usr/bin:/sbin:/bin:/usr/games:/usr/local/games:/snap/bin:/snap/bin'), ('SESSION_MANAGER', 'local/msd-ThinkPad-E14:@/tmp/.ICE-unix/1525,unix/msd-ThinkPad-E14:/tmp/.ICE-unix/1525'), ('XDG_MENU_PREFIX', 'gnome-'), ('GNOME_TERMINAL_SCREEN', '/org/gnome/Terminal/screen/7158f50d_a2ac_433b_a426_8c4df8937725'), ('GNOME_SETUP_DISPLAY', ':1'), ('XDG_RUNTIME_DIR', '/run/user/1000'), ('DISPLAY', ':0'), ('LANG', 'en_US.UTF-8'), ('XDG_CURRENT_DESKTOP', 'ubuntu:GNOME'), ('XMODIFIERS', '@im=ibus'), ('XDG_SESSION_DESKTOP', 'ubuntu'), ('XAUTHORITY', '/run/user/1000/.mutter-Xwaylandauth.Q9KNN3'), ('LS_COLORS', 'rs=0:di=01;34:ln=01;36:mh=00:pi=40;33:so=01;35:do=01;35:bd=40;33;01:cd=40;33;01:or=40;31;01:mi=00:su=37;41:sg=30;43:ca=30;41:tw=30;42:ow=34;42:st=37;44:ex=01;32:*.tar=01;31:*.tgz=01;31:*.arc=01;31:*.arj=01;31:*.taz=01;31:*.lha=01;31:*.lz4=01;31:*.lzh=01;31:*.lzma=01;31:*.tlz=01;31:*.txz=01;31:*.tzo=01;31:*.t7z=01;31:*.zip=01;31:*.z=01;31:*.dz=01;31:*.gz=01;31:*.lrz=01;31:*.lz=01;31:*.lzo=01;31:*.xz=01;31:*.zst=01;31:*.tzst=01;31:*.bz2=01;31:*.bz=01;31:*.tbz=01;31:*.tbz2=01;31:*.tz=01;31:*.deb=01;31:*.rpm=01;31:*.jar=01;31:*.war=01;31:*.ear=01;31:*.sar=01;31:*.rar=01;31:*.alz=01;31:*.ace=01;31:*.zoo=01;31:*.cpio=01;31:*.7z=01;31:*.rz=01;31:*.cab=01;31:*.wim=01;31:*.swm=01;31:*.dwm=01;31:*.esd=01;31:*.jpg=01;35:*.jpeg=01;35:*.mjpg=01;35:*.mjpeg=01;35:*.gif=01;35:*.bmp=01;35:*.pbm=01;35:*.pgm=01;35:*.ppm=01;35:*.tga=01;35:*.xbm=01;35:*.xpm=01;35:*.tif=01;35:*.tiff=01;35:*.png=01;35:*.svg=01;35:*.svgz=01;35:*.mng=01;35:*.pcx=01;35:*.mov=01;35:*.mpg=01;35:*.mpeg=01;35:*.m2v=01;35:*.mkv=01;35:*.webm=01;35:*.webp=01;35:*.ogm=01;35:*.mp4=01;35:*.m4v=01;35:*.mp4v=01;35:*.vob=01;35:*.qt=01;35:*.nuv=01;35:*.wmv=01;35:*.asf=01;35:*.rm=01;35:*.rmvb=01;35:*.flc=01;35:*.avi=01;35:*.fli=01;35:*.flv=01;35:*.gl=01;35:*.dl=01;35:*.xcf=01;35:*.xwd=01;35:*.yuv=01;35:*.cgm=01;35:*.emf=01;35:*.ogv=01;35:*.ogx=01;35:*.aac=00;36:*.au=00;36:*.flac=00;36:*.m4a=00;36:*.mid=00;36:*.midi=00;36:*.mka=00;36:*.mp3=00;36:*.mpc=00;36:*.ogg=00;36:*.ra=00;36:*.wav=00;36:*.oga=00;36:*.opus=00;36:*.spx=00;36:*.xspf=00;36:'), ('GNOME_TERMINAL_SERVICE', ':1.325'), ('SSH_AGENT_LAUNCHER', 'gnome-keyring'), ('SSH_AUTH_SOCK', '/run/user/1000/keyring/ssh'), ('AMENT_PREFIX_PATH', '/home/msd/MSD2/REV4/install/gear_manipulator_moveit_config:/home/msd/MSD2/REV4/install/my_robot:/home/msd/MSD2/REV4/install/motor_bridge:/opt/ros/humble'), ('SHELL', '/bin/bash'), ('QT_ACCESSIBILITY', '1'), ('GDMSESSION', 'ubuntu'), ('LESSCLOSE', '/usr/bin/lesspipe %s %s'), ('QT_IM_MODULE', 'ibus'), ('PWD', '/home/msd/MSD2/REV4/build/robot_commander'), ('XDG_CONFIG_DIRS', '/etc/xdg/xdg-ubuntu:/etc/xdg'), ('XDG_DATA_DIRS', '/usr/share/ubuntu:/usr/local/share/:/usr/share/:/var/lib/snapd/desktop'), ('PYTHONPATH', '/opt/ros/humble/lib/python3.10/site-packages:/opt/ros/humble/local/lib/python3.10/dist-packages'), ('COLCON', '1'), ('VTE_VERSION', '6800'), ('CMAKE_PREFIX_PATH', '/home/msd/MSD2/REV4/install/gear_manipulator_moveit_config:/home/msd/MSD2/REV4/install/motor_bridge:/home/msd/MSD2/REV4/install/my_robot:/opt/ros/humble')]), 'shell': False}
[0.319180] (robot_hardware) JobProgress: {'identifier': 'robot_hardware', 'progress': 'cmake'}
[0.320017] (robot_hardware) Command: {'cmd': ['/usr/bin/cmake', '/home/msd/MSD2/REV4/src/robot_hardware', '-DAMENT_CMAKE_SYMLINK_INSTALL=1', '-DCMAKE_INSTALL_PREFIX=/home/msd/MSD2/REV4/install/robot_hardware'], 'cwd': '/home/msd/MSD2/REV4/build/robot_hardware', 'env': OrderedDict([('LESSOPEN', '| /usr/bin/lesspipe %s'), ('USER', 'msd'), ('XDG_SESSION_TYPE', 'wayland'), ('SHLVL', '1'), ('LD_LIBRARY_PATH', '/opt/ros/humble/opt/rviz_ogre_vendor/lib:/opt/ros/humble/lib/x86_64-linux-gnu:/opt/ros/humble/lib'), ('HOME', '/home/msd'), ('OLDPWD', '/home/msd/MSD2/REV4'), ('DESKTOP_SESSION', 'ubuntu'), ('ROS_PYTHON_VERSION', '3'), ('GNOME_SHELL_SESSION_MODE', 'ubuntu'), ('GTK_MODULES', 'gail:atk-bridge'), ('SYSTEMD_EXEC_PID', '1554'), ('DBUS_SESSION_BUS_ADDRESS', 'unix:path=/run/user/1000/bus'), ('COLORTERM', 'truecolor'), ('IM_CONFIG_PHASE', '1'), ('WAYLAND_DISPLAY', 'wayland-0'), ('COLCON_PREFIX_PATH', '/home/msd/MSD2/REV4/install'), ('ROS_DISTRO', 'humble'), ('LOGNAME', 'msd'), ('_', '/usr/bin/colcon'), ('ROS_VERSION', '2'), ('XDG_SESSION_CLASS', 'user'), ('USERNAME', 'msd'), ('TERM', 'xterm-256color'), ('GNOME_DESKTOP_SESSION_ID', 'this-is-deprecated'), ('ROS_LOCALHOST_ONLY', '0'), ('PATH', '/opt/ros/humble/bin:/usr/local/sbin:/usr/local/bin:/usr/sbin:/usr/bin:/sbin:/bin:/usr/games:/usr/local/games:/snap/bin:/snap/bin'), ('SESSION_MANAGER', 'local/msd-ThinkPad-E14:@/tmp/.ICE-unix/1525,unix/msd-ThinkPad-E14:/tmp/.ICE-unix/1525'), ('XDG_MENU_PREFIX', 'gnome-'), ('GNOME_TERMINAL_SCREEN', '/org/gnome/Terminal/screen/7158f50d_a2ac_433b_a426_8c4df8937725'), ('GNOME_SETUP_DISPLAY', ':1'), ('XDG_RUNTIME_DIR', '/run/user/1000'), ('DISPLAY', ':0'), ('LANG', 'en_US.UTF-8'), ('XDG_CURRENT_DESKTOP', 'ubuntu:GNOME'), ('XMODIFIERS', '@im=ibus'), ('XDG_SESSION_DESKTOP', 'ubuntu'), ('XAUTHORITY', '/run/user/1000/.mutter-Xwaylandauth.Q9KNN3'), ('LS_COLORS', 'rs=0:di=01;34:ln=01;36:mh=00:pi=40;33:so=01;35:do=01;35:bd=40;33;01:cd=40;33;01:or=40;31;01:mi=00:su=37;41:sg=30;43:ca=30;41:tw=30;42:ow=34;42:st=37;44:ex=01;32:*.tar=01;31:*.tgz=01;31:*.arc=01;31:*.arj=01;31:*.taz=01;31:*.lha=01;31:*.lz4=01;31:*.lzh=01;31:*.lzma=01;31:*.tlz=01;31:*.txz=01;31:*.tzo=01;31:*.t7z=01;31:*.zip=01;31:*.z=01;31:*.dz=01;31:*.gz=01;31:*.lrz=01;31:*.lz=01;31:*.lzo=01;31:*.xz=01;31:*.zst=01;31:*.tzst=01;31:*.bz2=01;31:*.bz=01;31:*.tbz=01;31:*.tbz2=01;31:*.tz=01;31:*.deb=01;31:*.rpm=01;31:*.jar=01;31:*.war=01;31:*.ear=01;31:*.sar=01;31:*.rar=01;31:*.alz=01;31:*.ace=01;31:*.zoo=01;31:*.cpio=01;31:*.7z=01;31:*.rz=01;31:*.cab=01;31:*.wim=01;31:*.swm=01;31:*.dwm=01;31:*.esd=01;31:*.jpg=01;35:*.jpeg=01;35:*.mjpg=01;35:*.mjpeg=01;35:*.gif=01;35:*.bmp=01;35:*.pbm=01;35:*.pgm=01;35:*.ppm=01;35:*.tga=01;35:*.xbm=01;35:*.xpm=01;35:*.tif=01;35:*.tiff=01;35:*.png=01;35:*.svg=01;35:*.svgz=01;35:*.mng=01;35:*.pcx=01;35:*.mov=01;35:*.mpg=01;35:*.mpeg=01;35:*.m2v=01;35:*.mkv=01;35:*.webm=01;35:*.webp=01;35:*.ogm=01;35:*.mp4=01;35:*.m4v=01;35:*.mp4v=01;35:*.vob=01;35:*.qt=01;35:*.nuv=01;35:*.wmv=01;35:*.asf=01;35:*.rm=01;35:*.rmvb=01;35:*.flc=01;35:*.avi=01;35:*.fli=01;35:*.flv=01;35:*.gl=01;35:*.dl=01;35:*.xcf=01;35:*.xwd=01;35:*.yuv=01;35:*.cgm=01;35:*.emf=01;35:*.ogv=01;35:*.ogx=01;35:*.aac=00;36:*.au=00;36:*.flac=00;36:*.m4a=00;36:*.mid=00;36:*.midi=00;36:*.mka=00;36:*.mp3=00;36:*.mpc=00;36:*.ogg=00;36:*.ra=00;36:*.wav=00;36:*.oga=00;36:*.opus=00;36:*.spx=00;36:*.xspf=00;36:'), ('GNOME_TERMINAL_SERVICE', ':1.325'), ('SSH_AGENT_LAUNCHER', 'gnome-keyring'), ('SSH_AUTH_SOCK', '/run/user/1000/keyring/ssh'), ('AMENT_PREFIX_PATH', '/home/msd/MSD2/REV4/install/gear_manipulator_moveit_config:/home/msd/MSD2/REV4/install/my_robot:/home/msd/MSD2/REV4/install/motor_bridge:/opt/ros/humble'), ('SHELL', '/bin/bash'), ('QT_ACCESSIBILITY', '1'), ('GDMSESSION', 'ubuntu'), ('LESSCLOSE', '/usr/bin/lesspipe %s %s'), ('QT_IM_MODULE', 'ibus'), ('PWD', '/home/msd/MSD2/REV4/build/robot_hardware'), ('XDG_CONFIG_DIRS', '/etc/xdg/xdg-ubuntu:/etc/xdg'), ('XDG_DATA_DIRS', '/usr/share/ubuntu:/usr/local/share/:/usr/share/:/var/lib/snapd/desktop'), ('PYTHONPATH', '/opt/ros/humble/lib/python3.10/site-packages:/opt/ros/humble/local/lib/python3.10/dist-packages'), ('COLCON', '1'), ('VTE_VERSION', '6800'), ('CMAKE_PREFIX_PATH', '/home/msd/MSD2/REV4/install/gear_manipulator_moveit_config:/home/msd/MSD2/REV4/install/motor_bridge:/home/msd/MSD2/REV4/install/my_robot:/opt/ros/humble')]), 'shell': False}
[0.323050] (robot_servoing) JobProgress: {'identifier': 'robot_servoing', 'progress': 'cmake'}
[0.323505] (robot_servoing) Command: {'cmd': ['/usr/bin/cmake', '/home/msd/MSD2/REV4/src/robot_servoing', '-DAMENT_CMAKE_SYMLINK_INSTALL=1', '-DCMAKE_INSTALL_PREFIX=/home/msd/MSD2/REV4/install/robot_servoing'], 'cwd': '/home/msd/MSD2/REV4/build/robot_servoing', 'env': OrderedDict([('LESSOPEN', '| /usr/bin/lesspipe %s'), ('USER', 'msd'), ('XDG_SESSION_TYPE', 'wayland'), ('SHLVL', '1'), ('LD_LIBRARY_PATH', '/opt/ros/humble/opt/rviz_ogre_vendor/lib:/opt/ros/humble/lib/x86_64-linux-gnu:/opt/ros/humble/lib'), ('HOME', '/home/msd'), ('OLDPWD', '/home/msd/MSD2/REV4'), ('DESKTOP_SESSION', 'ubuntu'), ('ROS_PYTHON_VERSION', '3'), ('GNOME_SHELL_SESSION_MODE', 'ubuntu'), ('GTK_MODULES', 'gail:atk-bridge'), ('SYSTEMD_EXEC_PID', '1554'), ('DBUS_SESSION_BUS_ADDRESS', 'unix:path=/run/user/1000/bus'), ('COLORTERM', 'truecolor'), ('IM_CONFIG_PHASE', '1'), ('WAYLAND_DISPLAY', 'wayland-0'), ('COLCON_PREFIX_PATH', '/home/msd/MSD2/REV4/install'), ('ROS_DISTRO', 'humble'), ('LOGNAME', 'msd'), ('_', '/usr/bin/colcon'), ('ROS_VERSION', '2'), ('XDG_SESSION_CLASS', 'user'), ('USERNAME', 'msd'), ('TERM', 'xterm-256color'), ('GNOME_DESKTOP_SESSION_ID', 'this-is-deprecated'), ('ROS_LOCALHOST_ONLY', '0'), ('PATH', '/opt/ros/humble/bin:/usr/local/sbin:/usr/local/bin:/usr/sbin:/usr/bin:/sbin:/bin:/usr/games:/usr/local/games:/snap/bin:/snap/bin'), ('SESSION_MANAGER', 'local/msd-ThinkPad-E14:@/tmp/.ICE-unix/1525,unix/msd-ThinkPad-E14:/tmp/.ICE-unix/1525'), ('XDG_MENU_PREFIX', 'gnome-'), ('GNOME_TERMINAL_SCREEN', '/org/gnome/Terminal/screen/7158f50d_a2ac_433b_a426_8c4df8937725'), ('GNOME_SETUP_DISPLAY', ':1'), ('XDG_RUNTIME_DIR', '/run/user/1000'), ('DISPLAY', ':0'), ('LANG', 'en_US.UTF-8'), ('XDG_CURRENT_DESKTOP', 'ubuntu:GNOME'), ('XMODIFIERS', '@im=ibus'), ('XDG_SESSION_DESKTOP', 'ubuntu'), ('XAUTHORITY', '/run/user/1000/.mutter-Xwaylandauth.Q9KNN3'), ('LS_COLORS', 'rs=0:di=01;34:ln=01;36:mh=00:pi=40;33:so=01;35:do=01;35:bd=40;33;01:cd=40;33;01:or=40;31;01:mi=00:su=37;41:sg=30;43:ca=30;41:tw=30;42:ow=34;42:st=37;44:ex=01;32:*.tar=01;31:*.tgz=01;31:*.arc=01;31:*.arj=01;31:*.taz=01;31:*.lha=01;31:*.lz4=01;31:*.lzh=01;31:*.lzma=01;31:*.tlz=01;31:*.txz=01;31:*.tzo=01;31:*.t7z=01;31:*.zip=01;31:*.z=01;31:*.dz=01;31:*.gz=01;31:*.lrz=01;31:*.lz=01;31:*.lzo=01;31:*.xz=01;31:*.zst=01;31:*.tzst=01;31:*.bz2=01;31:*.bz=01;31:*.tbz=01;31:*.tbz2=01;31:*.tz=01;31:*.deb=01;31:*.rpm=01;31:*.jar=01;31:*.war=01;31:*.ear=01;31:*.sar=01;31:*.rar=01;31:*.alz=01;31:*.ace=01;31:*.zoo=01;31:*.cpio=01;31:*.7z=01;31:*.rz=01;31:*.cab=01;31:*.wim=01;31:*.swm=01;31:*.dwm=01;31:*.esd=01;31:*.jpg=01;35:*.jpeg=01;35:*.mjpg=01;35:*.mjpeg=01;35:*.gif=01;35:*.bmp=01;35:*.pbm=01;35:*.pgm=01;35:*.ppm=01;35:*.tga=01;35:*.xbm=01;35:*.xpm=01;35:*.tif=01;35:*.tiff=01;35:*.png=01;35:*.svg=01;35:*.svgz=01;35:*.mng=01;35:*.pcx=01;35:*.mov=01;35:*.mpg=01;35:*.mpeg=01;35:*.m2v=01;35:*.mkv=01;35:*.webm=01;35:*.webp=01;35:*.ogm=01;35:*.mp4=01;35:*.m4v=01;35:*.mp4v=01;35:*.vob=01;35:*.qt=01;35:*.nuv=01;35:*.wmv=01;35:*.asf=01;35:*.rm=01;35:*.rmvb=01;35:*.flc=01;35:*.avi=01;35:*.fli=01;35:*.flv=01;35:*.gl=01;35:*.dl=01;35:*.xcf=01;35:*.xwd=01;35:*.yuv=01;35:*.cgm=01;35:*.emf=01;35:*.ogv=01;35:*.ogx=01;35:*.aac=00;36:*.au=00;36:*.flac=00;36:*.m4a=00;36:*.mid=00;36:*.midi=00;36:*.mka=00;36:*.mp3=00;36:*.mpc=00;36:*.ogg=00;36:*.ra=00;36:*.wav=00;36:*.oga=00;36:*.opus=00;36:*.spx=00;36:*.xspf=00;36:'), ('GNOME_TERMINAL_SERVICE', ':1.325'), ('SSH_AGENT_LAUNCHER', 'gnome-keyring'), ('SSH_AUTH_SOCK', '/run/user/1000/keyring/ssh'), ('AMENT_PREFIX_PATH', '/home/msd/MSD2/REV4/install/gear_manipulator_moveit_config:/home/msd/MSD2/REV4/install/my_robot:/home/msd/MSD2/REV4/install/motor_bridge:/opt/ros/humble'), ('SHELL', '/bin/bash'), ('QT_ACCESSIBILITY', '1'), ('GDMSESSION', 'ubuntu'), ('LESSCLOSE', '/usr/bin/lesspipe %s %s'), ('QT_IM_MODULE', 'ibus'), ('PWD', '/home/msd/MSD2/REV4/build/robot_servoing'), ('XDG_CONFIG_DIRS', '/etc/xdg/xdg-ubuntu:/etc/xdg'), ('XDG_DATA_DIRS', '/usr/share/ubuntu:/usr/local/share/:/usr/share/:/var/lib/snapd/desktop'), ('PYTHONPATH', '/opt/ros/humble/lib/python3.10/site-packages:/opt/ros/humble/local/lib/python3.10/dist-packages'), ('COLCON', '1'), ('VTE_VERSION', '6800'), ('CMAKE_PREFIX_PATH', '/home/msd/MSD2/REV4/install/gear_manipulator_moveit_config:/home/msd/MSD2/REV4/install/motor_bridge:/home/msd/MSD2/REV4/install/my_robot:/opt/ros/humble')]), 'shell': False}
[0.399839] (-) TimerEvent: {}
[0.500199] (-) TimerEvent: {}
[0.600564] (-) TimerEvent: {}
[0.700957] (-) TimerEvent: {}
[0.770924] (stepper_test) JobProgress: {'identifier': 'stepper_test', 'progress': 'cmake'}
[0.771808] (stepper_test) Command: {'cmd': ['/usr/bin/cmake', '/home/msd/MSD2/REV4/src/stepper_test', '-DAMENT_CMAKE_SYMLINK_INSTALL=1', '-DCMAKE_INSTALL_PREFIX=/home/msd/MSD2/REV4/install/stepper_test'], 'cwd': '/home/msd/MSD2/REV4/build/stepper_test', 'env': OrderedDict([('LESSOPEN', '| /usr/bin/lesspipe %s'), ('USER', 'msd'), ('XDG_SESSION_TYPE', 'wayland'), ('SHLVL', '1'), ('LD_LIBRARY_PATH', '/opt/ros/humble/opt/rviz_ogre_vendor/lib:/opt/ros/humble/lib/x86_64-linux-gnu:/opt/ros/humble/lib'), ('HOME', '/home/msd'), ('OLDPWD', '/home/msd/MSD2/REV4'), ('DESKTOP_SESSION', 'ubuntu'), ('ROS_PYTHON_VERSION', '3'), ('GNOME_SHELL_SESSION_MODE', 'ubuntu'), ('GTK_MODULES', 'gail:atk-bridge'), ('SYSTEMD_EXEC_PID', '1554'), ('DBUS_SESSION_BUS_ADDRESS', 'unix:path=/run/user/1000/bus'), ('COLORTERM', 'truecolor'), ('IM_CONFIG_PHASE', '1'), ('WAYLAND_DISPLAY', 'wayland-0'), ('COLCON_PREFIX_PATH', '/home/msd/MSD2/REV4/install'), ('ROS_DISTRO', 'humble'), ('LOGNAME', 'msd'), ('_', '/usr/bin/colcon'), ('ROS_VERSION', '2'), ('XDG_SESSION_CLASS', 'user'), ('USERNAME', 'msd'), ('TERM', 'xterm-256color'), ('GNOME_DESKTOP_SESSION_ID', 'this-is-deprecated'), ('ROS_LOCALHOST_ONLY', '0'), ('PATH', '/opt/ros/humble/bin:/usr/local/sbin:/usr/local/bin:/usr/sbin:/usr/bin:/sbin:/bin:/usr/games:/usr/local/games:/snap/bin:/snap/bin'), ('SESSION_MANAGER', 'local/msd-ThinkPad-E14:@/tmp/.ICE-unix/1525,unix/msd-ThinkPad-E14:/tmp/.ICE-unix/1525'), ('XDG_MENU_PREFIX', 'gnome-'), ('GNOME_TERMINAL_SCREEN', '/org/gnome/Terminal/screen/7158f50d_a2ac_433b_a426_8c4df8937725'), ('GNOME_SETUP_DISPLAY', ':1'), ('XDG_RUNTIME_DIR', '/run/user/1000'), ('DISPLAY', ':0'), ('LANG', 'en_US.UTF-8'), ('XDG_CURRENT_DESKTOP', 'ubuntu:GNOME'), ('XMODIFIERS', '@im=ibus'), ('XDG_SESSION_DESKTOP', 'ubuntu'), ('XAUTHORITY', '/run/user/1000/.mutter-Xwaylandauth.Q9KNN3'), ('LS_COLORS', 'rs=0:di=01;34:ln=01;36:mh=00:pi=40;33:so=01;35:do=01;35:bd=40;33;01:cd=40;33;01:or=40;31;01:mi=00:su=37;41:sg=30;43:ca=30;41:tw=30;42:ow=34;42:st=37;44:ex=01;32:*.tar=01;31:*.tgz=01;31:*.arc=01;31:*.arj=01;31:*.taz=01;31:*.lha=01;31:*.lz4=01;31:*.lzh=01;31:*.lzma=01;31:*.tlz=01;31:*.txz=01;31:*.tzo=01;31:*.t7z=01;31:*.zip=01;31:*.z=01;31:*.dz=01;31:*.gz=01;31:*.lrz=01;31:*.lz=01;31:*.lzo=01;31:*.xz=01;31:*.zst=01;31:*.tzst=01;31:*.bz2=01;31:*.bz=01;31:*.tbz=01;31:*.tbz2=01;31:*.tz=01;31:*.deb=01;31:*.rpm=01;31:*.jar=01;31:*.war=01;31:*.ear=01;31:*.sar=01;31:*.rar=01;31:*.alz=01;31:*.ace=01;31:*.zoo=01;31:*.cpio=01;31:*.7z=01;31:*.rz=01;31:*.cab=01;31:*.wim=01;31:*.swm=01;31:*.dwm=01;31:*.esd=01;31:*.jpg=01;35:*.jpeg=01;35:*.mjpg=01;35:*.mjpeg=01;35:*.gif=01;35:*.bmp=01;35:*.pbm=01;35:*.pgm=01;35:*.ppm=01;35:*.tga=01;35:*.xbm=01;35:*.xpm=01;35:*.tif=01;35:*.tiff=01;35:*.png=01;35:*.svg=01;35:*.svgz=01;35:*.mng=01;35:*.pcx=01;35:*.mov=01;35:*.mpg=01;35:*.mpeg=01;35:*.m2v=01;35:*.mkv=01;35:*.webm=01;35:*.webp=01;35:*.ogm=01;35:*.mp4=01;35:*.m4v=01;35:*.mp4v=01;35:*.vob=01;35:*.qt=01;35:*.nuv=01;35:*.wmv=01;35:*.asf=01;35:*.rm=01;35:*.rmvb=01;35:*.flc=01;35:*.avi=01;35:*.fli=01;35:*.flv=01;35:*.gl=01;35:*.dl=01;35:*.xcf=01;35:*.xwd=01;35:*.yuv=01;35:*.cgm=01;35:*.emf=01;35:*.ogv=01;35:*.ogx=01;35:*.aac=00;36:*.au=00;36:*.flac=00;36:*.m4a=00;36:*.mid=00;36:*.midi=00;36:*.mka=00;36:*.mp3=00;36:*.mpc=00;36:*.ogg=00;36:*.ra=00;36:*.wav=00;36:*.oga=00;36:*.opus=00;36:*.spx=00;36:*.xspf=00;36:'), ('GNOME_TERMINAL_SERVICE', ':1.325'), ('SSH_AGENT_LAUNCHER', 'gnome-keyring'), ('SSH_AUTH_SOCK', '/run/user/1000/keyring/ssh'), ('AMENT_PREFIX_PATH', '/home/msd/MSD2/REV4/install/gear_manipulator_moveit_config:/home/msd/MSD2/REV4/install/my_robot:/home/msd/MSD2/REV4/install/motor_bridge:/opt/ros/humble'), ('SHELL', '/bin/bash'), ('QT_ACCESSIBILITY', '1'), ('GDMSESSION', 'ubuntu'), ('LESSCLOSE', '/usr/bin/lesspipe %s %s'), ('QT_IM_MODULE', 'ibus'), ('PWD', '/home/msd/MSD2/REV4/build/stepper_test'), ('XDG_CONFIG_DIRS', '/etc/xdg/xdg-ubuntu:/etc/xdg'), ('XDG_DATA_DIRS', '/usr/share/ubuntu:/usr/local/share/:/usr/share/:/var/lib/snapd/desktop'), ('PYTHONPATH', '/opt/ros/humble/lib/python3.10/site-packages:/opt/ros/humble/local/lib/python3.10/dist-packages'), ('COLCON', '1'), ('VTE_VERSION', '6800'), ('CMAKE_PREFIX_PATH', '/home/msd/MSD2/REV4/install/gear_manipulator_moveit_config:/home/msd/MSD2/REV4/install/motor_bridge:/home/msd/MSD2/REV4/install/my_robot:/opt/ros/humble')]), 'shell': False}
[0.777639] (marge) StdoutLine: {'line': b'-- The C compiler identification is GNU 11.4.0\n'}
[0.777812] (marge) StdoutLine: {'line': b'-- The CXX compiler identification is GNU 11.4.0\n'}
[0.777921] (marge) StdoutLine: {'line': b'-- Detecting C compiler ABI info\n'}
[0.778024] (marge) StdoutLine: {'line': b'-- Detecting C compiler ABI info - done\n'}
[0.778118] (marge) StdoutLine: {'line': b'-- Check for working C compiler: /usr/bin/cc - skipped\n'}
[0.778225] (marge) StdoutLine: {'line': b'-- Detecting C compile features\n'}
[0.778320] (marge) StdoutLine: {'line': b'-- Detecting C compile features - done\n'}
[0.778412] (marge) StdoutLine: {'line': b'-- Detecting CXX compiler ABI info\n'}
[0.778516] (marge) StdoutLine: {'line': b'-- Detecting CXX compiler ABI info - done\n'}
[0.778617] (marge) StdoutLine: {'line': b'-- Check for working CXX compiler: /usr/bin/c++ - skipped\n'}
[0.778707] (marge) StdoutLine: {'line': b'-- Detecting CXX compile features\n'}
[0.778797] (marge) StdoutLine: {'line': b'-- Detecting CXX compile features - done\n'}
[0.778889] (marge) StdoutLine: {'line': b'-- Found ament_cmake: 1.3.14 (/opt/ros/humble/share/ament_cmake/cmake)\n'}
[0.778984] (my_robot) StdoutLine: {'line': b'-- The C compiler identification is GNU 11.4.0\n'}
[0.779152] (my_robot) StdoutLine: {'line': b'-- The CXX compiler identification is GNU 11.4.0\n'}
[0.779253] (my_robot) StdoutLine: {'line': b'-- Detecting C compiler ABI info\n'}
[0.779350] (my_robot) StdoutLine: {'line': b'-- Detecting C compiler ABI info - done\n'}
[0.779448] (my_robot) StdoutLine: {'line': b'-- Check for working C compiler: /usr/bin/cc - skipped\n'}
[0.779564] (my_robot) StdoutLine: {'line': b'-- Detecting C compile features\n'}
[0.779666] (my_robot) StdoutLine: {'line': b'-- Detecting C compile features - done\n'}
[0.779761] (my_robot) StdoutLine: {'line': b'-- Detecting CXX compiler ABI info\n'}
[0.779853] (my_robot) StdoutLine: {'line': b'-- Detecting CXX compiler ABI info - done\n'}
[0.779949] (my_robot) StdoutLine: {'line': b'-- Check for working CXX compiler: /usr/bin/c++ - skipped\n'}
[0.780057] (my_robot) StdoutLine: {'line': b'-- Detecting CXX compile features\n'}
[0.780156] (my_robot) StdoutLine: {'line': b'-- Detecting CXX compile features - done\n'}
[0.780252] (my_robot) StdoutLine: {'line': b'-- Found ament_cmake: 1.3.14 (/opt/ros/humble/share/ament_cmake/cmake)\n'}
[0.780350] (robot_commander) StdoutLine: {'line': b'-- The C compiler identification is GNU 11.4.0\n'}
[0.780491] (robot_commander) StdoutLine: {'line': b'-- The CXX compiler identification is GNU 11.4.0\n'}
[0.780708] (robot_commander) StdoutLine: {'line': b'-- Detecting C compiler ABI info\n'}
[0.780827] (robot_commander) StdoutLine: {'line': b'-- Detecting C compiler ABI info - done\n'}
[0.780940] (robot_commander) StdoutLine: {'line': b'-- Check for working C compiler: /usr/bin/cc - skipped\n'}
[0.781046] (robot_commander) StdoutLine: {'line': b'-- Detecting C compile features\n'}
[0.781155] (robot_commander) StdoutLine: {'line': b'-- Detecting C compile features - done\n'}
[0.781250] (robot_commander) StdoutLine: {'line': b'-- Detecting CXX compiler ABI info\n'}
[0.781344] (robot_commander) StdoutLine: {'line': b'-- Detecting CXX compiler ABI info - done\n'}
[0.781444] (robot_commander) StdoutLine: {'line': b'-- Check for working CXX compiler: /usr/bin/c++ - skipped\n'}
[0.781987] (robot_commander) StdoutLine: {'line': b'-- Detecting CXX compile features\n'}
[0.782241] (robot_commander) StdoutLine: {'line': b'-- Detecting CXX compile features - done\n'}
[0.782364] (robot_commander) StdoutLine: {'line': b'-- Found ament_cmake: 1.3.14 (/opt/ros/humble/share/ament_cmake/cmake)\n'}
[0.782480] (robot_hardware) StdoutLine: {'line': b'-- The C compiler identification is GNU 11.4.0\n'}
[0.785004] (robot_hardware) StdoutLine: {'line': b'-- The CXX compiler identification is GNU 11.4.0\n'}
[0.785579] (robot_hardware) StdoutLine: {'line': b'-- Detecting C compiler ABI info\n'}
[0.785695] (robot_hardware) StdoutLine: {'line': b'-- Detecting C compiler ABI info - done\n'}
[0.785796] (robot_hardware) StdoutLine: {'line': b'-- Check for working C compiler: /usr/bin/cc - skipped\n'}
[0.785900] (robot_hardware) StdoutLine: {'line': b'-- Detecting C compile features\n'}
[0.785998] (robot_hardware) StdoutLine: {'line': b'-- Detecting C compile features - done\n'}
[0.786105] (robot_hardware) StdoutLine: {'line': b'-- Detecting CXX compiler ABI info\n'}
[0.786204] (robot_hardware) StdoutLine: {'line': b'-- Detecting CXX compiler ABI info - done\n'}
[0.786299] (robot_hardware) StdoutLine: {'line': b'-- Check for working CXX compiler: /usr/bin/c++ - skipped\n'}
[0.786394] (robot_hardware) StdoutLine: {'line': b'-- Detecting CXX compile features\n'}
[0.786488] (robot_hardware) StdoutLine: {'line': b'-- Detecting CXX compile features - done\n'}
[0.786607] (robot_hardware) StdoutLine: {'line': b'-- Found ament_cmake: 1.3.14 (/opt/ros/humble/share/ament_cmake/cmake)\n'}
[0.786677] (robot_servoing) StdoutLine: {'line': b'-- The C compiler identification is GNU 11.4.0\n'}
[0.786789] (robot_servoing) StdoutLine: {'line': b'-- The CXX compiler identification is GNU 11.4.0\n'}
[0.786885] (robot_servoing) StdoutLine: {'line': b'-- Detecting C compiler ABI info\n'}
[0.786978] (robot_servoing) StdoutLine: {'line': b'-- Detecting C compiler ABI info - done\n'}
[0.787078] (robot_servoing) StdoutLine: {'line': b'-- Check for working C compiler: /usr/bin/cc - skipped\n'}
[0.787164] (robot_servoing) StdoutLine: {'line': b'-- Detecting C compile features\n'}
[0.787251] (robot_servoing) StdoutLine: {'line': b'-- Detecting C compile features - done\n'}
[0.787336] (robot_servoing) StdoutLine: {'line': b'-- Detecting CXX compiler ABI info\n'}
[0.787423] (robot_servoing) StdoutLine: {'line': b'-- Detecting CXX compiler ABI info - done\n'}
[0.787504] (robot_servoing) StdoutLine: {'line': b'-- Check for working CXX compiler: /usr/bin/c++ - skipped\n'}
[0.787604] (robot_servoing) StdoutLine: {'line': b'-- Detecting CXX compile features\n'}
[0.787682] (robot_servoing) StdoutLine: {'line': b'-- Detecting CXX compile features - done\n'}
[0.787759] (robot_servoing) StdoutLine: {'line': b'-- Found ament_cmake: 1.3.14 (/opt/ros/humble/share/ament_cmake/cmake)\n'}
[0.801593] (-) TimerEvent: {}
[0.887435] (stepper_test) StdoutLine: {'line': b'-- The C compiler identification is GNU 11.4.0\n'}
[0.902580] (-) TimerEvent: {}
[0.997378] (stepper_test) StdoutLine: {'line': b'-- The CXX compiler identification is GNU 11.4.0\n'}
[1.002694] (-) TimerEvent: {}
[1.012701] (stepper_test) StdoutLine: {'line': b'-- Detecting C compiler ABI info\n'}
[1.032727] (marge) StdoutLine: {'line': b'-- Found Python3: /usr/bin/python3 (found version "3.10.12") found components: Interpreter \n'}
[1.045995] (robot_servoing) StdoutLine: {'line': b'-- Found Python3: /usr/bin/python3 (found version "3.10.12") found components: Interpreter \n'}
[1.059726] (my_robot) StdoutLine: {'line': b'-- Found Python3: /usr/bin/python3 (found version "3.10.12") found components: Interpreter \n'}
[1.060543] (robot_commander) StdoutLine: {'line': b'-- Found Python3: /usr/bin/python3 (found version "3.10.12") found components: Interpreter \n'}
[1.073612] (robot_hardware) StdoutLine: {'line': b'-- Found Python3: /usr/bin/python3 (found version "3.10.12") found components: Interpreter \n'}
[1.102795] (-) TimerEvent: {}
[1.143946] (stepper_test) StdoutLine: {'line': b'-- Detecting C compiler ABI info - done\n'}
[1.160478] (stepper_test) StdoutLine: {'line': b'-- Check for working C compiler: /usr/bin/cc - skipped\n'}
[1.160853] (stepper_test) StdoutLine: {'line': b'-- Detecting C compile features\n'}
[1.162257] (stepper_test) StdoutLine: {'line': b'-- Detecting C compile features - done\n'}
[1.162596] (marge) StdoutLine: {'line': b'-- Override CMake install command with custom implementation using symlinks instead of copying resources\n'}
[1.168678] (stepper_test) StdoutLine: {'line': b'-- Detecting CXX compiler ABI info\n'}
[1.172388] (robot_servoing) StdoutLine: {'line': b'-- Override CMake install command with custom implementation using symlinks instead of copying resources\n'}
[1.188222] (robot_commander) StdoutLine: {'line': b'-- Override CMake install command with custom implementation using symlinks instead of copying resources\n'}
[1.190686] (my_robot) StdoutLine: {'line': b'-- Override CMake install command with custom implementation using symlinks instead of copying resources\n'}
[1.200129] (robot_hardware) StdoutLine: {'line': b'-- Override CMake install command with custom implementation using symlinks instead of copying resources\n'}
[1.202890] (-) TimerEvent: {}
[1.211881] (robot_servoing) StdoutLine: {'line': b'-- Found control_msgs: 4.8.0 (/opt/ros/humble/share/control_msgs/cmake)\n'}
[1.227541] (robot_commander) StdoutLine: {'line': b'-- Found rclcpp: 16.0.19 (/opt/ros/humble/share/rclcpp/cmake)\n'}
[1.257134] (robot_hardware) StdoutLine: {'line': b'-- Found rclcpp: 16.0.19 (/opt/ros/humble/share/rclcpp/cmake)\n'}
[1.292561] (robot_servoing) StdoutLine: {'line': b'-- Found rosidl_generator_c: 3.1.8 (/opt/ros/humble/share/rosidl_generator_c/cmake)\n'}
[1.292808] (robot_commander) StdoutLine: {'line': b'-- Found rosidl_generator_c: 3.1.8 (/opt/ros/humble/share/rosidl_generator_c/cmake)\n'}
[1.298943] (robot_servoing) StdoutLine: {'line': b'-- Found rosidl_adapter: 3.1.8 (/opt/ros/humble/share/rosidl_adapter/cmake)\n'}
[1.300470] (robot_commander) StdoutLine: {'line': b'-- Found rosidl_adapter: 3.1.8 (/opt/ros/humble/share/rosidl_adapter/cmake)\n'}
[1.302990] (-) TimerEvent: {}
[1.304079] (stepper_test) StdoutLine: {'line': b'-- Detecting CXX compiler ABI info - done\n'}
[1.315468] (robot_servoing) StdoutLine: {'line': b'-- Found rosidl_generator_cpp: 3.1.8 (/opt/ros/humble/share/rosidl_generator_cpp/cmake)\n'}
[1.315768] (robot_commander) StdoutLine: {'line': b'-- Found rosidl_generator_cpp: 3.1.8 (/opt/ros/humble/share/rosidl_generator_cpp/cmake)\n'}
[1.323340] (stepper_test) StdoutLine: {'line': b'-- Check for working CXX compiler: /usr/bin/c++ - skipped\n'}
[1.324199] (stepper_test) StdoutLine: {'line': b'-- Detecting CXX compile features\n'}
[1.325405] (stepper_test) StdoutLine: {'line': b'-- Detecting CXX compile features - done\n'}
[1.331685] (robot_hardware) StdoutLine: {'line': b'-- Found rosidl_generator_c: 3.1.8 (/opt/ros/humble/share/rosidl_generator_c/cmake)\n'}
[1.332039] (stepper_test) StdoutLine: {'line': b'-- Found ament_cmake: 1.3.14 (/opt/ros/humble/share/ament_cmake/cmake)\n'}
[1.337639] (robot_servoing) StdoutLine: {'line': b'-- Using all available rosidl_typesupport_c: rosidl_typesupport_fastrtps_c;rosidl_typesupport_introspection_c\n'}
[1.338759] (robot_commander) StdoutLine: {'line': b'-- Using all available rosidl_typesupport_c: rosidl_typesupport_fastrtps_c;rosidl_typesupport_introspection_c\n'}
[1.339035] (robot_hardware) StdoutLine: {'line': b'-- Found rosidl_adapter: 3.1.8 (/opt/ros/humble/share/rosidl_adapter/cmake)\n'}
[1.345869] (marge) StdoutLine: {'line': b'-- Configuring done\n'}
[1.354064] (robot_hardware) StdoutLine: {'line': b'-- Found rosidl_generator_cpp: 3.1.8 (/opt/ros/humble/share/rosidl_generator_cpp/cmake)\n'}
[1.356425] (marge) StdoutLine: {'line': b'-- Generating done\n'}
[1.357214] (my_robot) StdoutLine: {'line': b'-- Configuring done\n'}
[1.360857] (marge) StdoutLine: {'line': b'-- Build files have been written to: /home/msd/MSD2/REV4/build/marge\n'}
[1.363568] (my_robot) StdoutLine: {'line': b'-- Generating done\n'}
[1.363883] (my_robot) StdoutLine: {'line': b'-- Build files have been written to: /home/msd/MSD2/REV4/build/my_robot\n'}
[1.366919] (robot_servoing) StdoutLine: {'line': b'-- Using all available rosidl_typesupport_cpp: rosidl_typesupport_fastrtps_cpp;rosidl_typesupport_introspection_cpp\n'}
[1.369798] (robot_commander) StdoutLine: {'line': b'-- Using all available rosidl_typesupport_cpp: rosidl_typesupport_fastrtps_cpp;rosidl_typesupport_introspection_cpp\n'}
[1.371933] (my_robot) CommandEnded: {'returncode': 0}
[1.374773] (my_robot) JobProgress: {'identifier': 'my_robot', 'progress': 'build'}
[1.374851] (my_robot) Command: {'cmd': ['/usr/bin/cmake', '--build', '/home/msd/MSD2/REV4/build/my_robot', '--', '-j8', '-l8'], 'cwd': '/home/msd/MSD2/REV4/build/my_robot', 'env': OrderedDict([('LESSOPEN', '| /usr/bin/lesspipe %s'), ('USER', 'msd'), ('XDG_SESSION_TYPE', 'wayland'), ('SHLVL', '1'), ('LD_LIBRARY_PATH', '/opt/ros/humble/opt/rviz_ogre_vendor/lib:/opt/ros/humble/lib/x86_64-linux-gnu:/opt/ros/humble/lib'), ('HOME', '/home/msd'), ('OLDPWD', '/home/msd/MSD2/REV4'), ('DESKTOP_SESSION', 'ubuntu'), ('ROS_PYTHON_VERSION', '3'), ('GNOME_SHELL_SESSION_MODE', 'ubuntu'), ('GTK_MODULES', 'gail:atk-bridge'), ('SYSTEMD_EXEC_PID', '1554'), ('DBUS_SESSION_BUS_ADDRESS', 'unix:path=/run/user/1000/bus'), ('COLORTERM', 'truecolor'), ('IM_CONFIG_PHASE', '1'), ('WAYLAND_DISPLAY', 'wayland-0'), ('COLCON_PREFIX_PATH', '/home/msd/MSD2/REV4/install'), ('ROS_DISTRO', 'humble'), ('LOGNAME', 'msd'), ('_', '/usr/bin/colcon'), ('ROS_VERSION', '2'), ('XDG_SESSION_CLASS', 'user'), ('USERNAME', 'msd'), ('TERM', 'xterm-256color'), ('GNOME_DESKTOP_SESSION_ID', 'this-is-deprecated'), ('ROS_LOCALHOST_ONLY', '0'), ('PATH', '/opt/ros/humble/bin:/usr/local/sbin:/usr/local/bin:/usr/sbin:/usr/bin:/sbin:/bin:/usr/games:/usr/local/games:/snap/bin:/snap/bin'), ('SESSION_MANAGER', 'local/msd-ThinkPad-E14:@/tmp/.ICE-unix/1525,unix/msd-ThinkPad-E14:/tmp/.ICE-unix/1525'), ('XDG_MENU_PREFIX', 'gnome-'), ('GNOME_TERMINAL_SCREEN', '/org/gnome/Terminal/screen/7158f50d_a2ac_433b_a426_8c4df8937725'), ('GNOME_SETUP_DISPLAY', ':1'), ('XDG_RUNTIME_DIR', '/run/user/1000'), ('DISPLAY', ':0'), ('LANG', 'en_US.UTF-8'), ('XDG_CURRENT_DESKTOP', 'ubuntu:GNOME'), ('XMODIFIERS', '@im=ibus'), ('XDG_SESSION_DESKTOP', 'ubuntu'), ('XAUTHORITY', '/run/user/1000/.mutter-Xwaylandauth.Q9KNN3'), ('LS_COLORS', 'rs=0:di=01;34:ln=01;36:mh=00:pi=40;33:so=01;35:do=01;35:bd=40;33;01:cd=40;33;01:or=40;31;01:mi=00:su=37;41:sg=30;43:ca=30;41:tw=30;42:ow=34;42:st=37;44:ex=01;32:*.tar=01;31:*.tgz=01;31:*.arc=01;31:*.arj=01;31:*.taz=01;31:*.lha=01;31:*.lz4=01;31:*.lzh=01;31:*.lzma=01;31:*.tlz=01;31:*.txz=01;31:*.tzo=01;31:*.t7z=01;31:*.zip=01;31:*.z=01;31:*.dz=01;31:*.gz=01;31:*.lrz=01;31:*.lz=01;31:*.lzo=01;31:*.xz=01;31:*.zst=01;31:*.tzst=01;31:*.bz2=01;31:*.bz=01;31:*.tbz=01;31:*.tbz2=01;31:*.tz=01;31:*.deb=01;31:*.rpm=01;31:*.jar=01;31:*.war=01;31:*.ear=01;31:*.sar=01;31:*.rar=01;31:*.alz=01;31:*.ace=01;31:*.zoo=01;31:*.cpio=01;31:*.7z=01;31:*.rz=01;31:*.cab=01;31:*.wim=01;31:*.swm=01;31:*.dwm=01;31:*.esd=01;31:*.jpg=01;35:*.jpeg=01;35:*.mjpg=01;35:*.mjpeg=01;35:*.gif=01;35:*.bmp=01;35:*.pbm=01;35:*.pgm=01;35:*.ppm=01;35:*.tga=01;35:*.xbm=01;35:*.xpm=01;35:*.tif=01;35:*.tiff=01;35:*.png=01;35:*.svg=01;35:*.svgz=01;35:*.mng=01;35:*.pcx=01;35:*.mov=01;35:*.mpg=01;35:*.mpeg=01;35:*.m2v=01;35:*.mkv=01;35:*.webm=01;35:*.webp=01;35:*.ogm=01;35:*.mp4=01;35:*.m4v=01;35:*.mp4v=01;35:*.vob=01;35:*.qt=01;35:*.nuv=01;35:*.wmv=01;35:*.asf=01;35:*.rm=01;35:*.rmvb=01;35:*.flc=01;35:*.avi=01;35:*.fli=01;35:*.flv=01;35:*.gl=01;35:*.dl=01;35:*.xcf=01;35:*.xwd=01;35:*.yuv=01;35:*.cgm=01;35:*.emf=01;35:*.ogv=01;35:*.ogx=01;35:*.aac=00;36:*.au=00;36:*.flac=00;36:*.m4a=00;36:*.mid=00;36:*.midi=00;36:*.mka=00;36:*.mp3=00;36:*.mpc=00;36:*.ogg=00;36:*.ra=00;36:*.wav=00;36:*.oga=00;36:*.opus=00;36:*.spx=00;36:*.xspf=00;36:'), ('GNOME_TERMINAL_SERVICE', ':1.325'), ('SSH_AGENT_LAUNCHER', 'gnome-keyring'), ('SSH_AUTH_SOCK', '/run/user/1000/keyring/ssh'), ('AMENT_PREFIX_PATH', '/home/msd/MSD2/REV4/install/gear_manipulator_moveit_config:/home/msd/MSD2/REV4/install/my_robot:/home/msd/MSD2/REV4/install/motor_bridge:/opt/ros/humble'), ('SHELL', '/bin/bash'), ('QT_ACCESSIBILITY', '1'), ('GDMSESSION', 'ubuntu'), ('LESSCLOSE', '/usr/bin/lesspipe %s %s'), ('QT_IM_MODULE', 'ibus'), ('PWD', '/home/msd/MSD2/REV4/build/my_robot'), ('XDG_CONFIG_DIRS', '/etc/xdg/xdg-ubuntu:/etc/xdg'), ('XDG_DATA_DIRS', '/usr/share/ubuntu:/usr/local/share/:/usr/share/:/var/lib/snapd/desktop'), ('PYTHONPATH', '/opt/ros/humble/lib/python3.10/site-packages:/opt/ros/humble/local/lib/python3.10/dist-packages'), ('COLCON', '1'), ('VTE_VERSION', '6800'), ('CMAKE_PREFIX_PATH', '/home/msd/MSD2/REV4/install/gear_manipulator_moveit_config:/home/msd/MSD2/REV4/install/motor_bridge:/home/msd/MSD2/REV4/install/my_robot:/opt/ros/humble')]), 'shell': False}
[1.380821] (marge) CommandEnded: {'returncode': 0}
[1.381413] (marge) JobProgress: {'identifier': 'marge', 'progress': 'build'}
[1.381465] (marge) Command: {'cmd': ['/usr/bin/cmake', '--build', '/home/msd/MSD2/REV4/build/marge', '--', '-j8', '-l8'], 'cwd': '/home/msd/MSD2/REV4/build/marge', 'env': OrderedDict([('LESSOPEN', '| /usr/bin/lesspipe %s'), ('USER', 'msd'), ('XDG_SESSION_TYPE', 'wayland'), ('SHLVL', '1'), ('LD_LIBRARY_PATH', '/opt/ros/humble/opt/rviz_ogre_vendor/lib:/opt/ros/humble/lib/x86_64-linux-gnu:/opt/ros/humble/lib'), ('HOME', '/home/msd'), ('OLDPWD', '/home/msd/MSD2/REV4'), ('DESKTOP_SESSION', 'ubuntu'), ('ROS_PYTHON_VERSION', '3'), ('GNOME_SHELL_SESSION_MODE', 'ubuntu'), ('GTK_MODULES', 'gail:atk-bridge'), ('SYSTEMD_EXEC_PID', '1554'), ('DBUS_SESSION_BUS_ADDRESS', 'unix:path=/run/user/1000/bus'), ('COLORTERM', 'truecolor'), ('IM_CONFIG_PHASE', '1'), ('WAYLAND_DISPLAY', 'wayland-0'), ('COLCON_PREFIX_PATH', '/home/msd/MSD2/REV4/install'), ('ROS_DISTRO', 'humble'), ('LOGNAME', 'msd'), ('_', '/usr/bin/colcon'), ('ROS_VERSION', '2'), ('XDG_SESSION_CLASS', 'user'), ('USERNAME', 'msd'), ('TERM', 'xterm-256color'), ('GNOME_DESKTOP_SESSION_ID', 'this-is-deprecated'), ('ROS_LOCALHOST_ONLY', '0'), ('PATH', '/opt/ros/humble/bin:/usr/local/sbin:/usr/local/bin:/usr/sbin:/usr/bin:/sbin:/bin:/usr/games:/usr/local/games:/snap/bin:/snap/bin'), ('SESSION_MANAGER', 'local/msd-ThinkPad-E14:@/tmp/.ICE-unix/1525,unix/msd-ThinkPad-E14:/tmp/.ICE-unix/1525'), ('XDG_MENU_PREFIX', 'gnome-'), ('GNOME_TERMINAL_SCREEN', '/org/gnome/Terminal/screen/7158f50d_a2ac_433b_a426_8c4df8937725'), ('GNOME_SETUP_DISPLAY', ':1'), ('XDG_RUNTIME_DIR', '/run/user/1000'), ('DISPLAY', ':0'), ('LANG', 'en_US.UTF-8'), ('XDG_CURRENT_DESKTOP', 'ubuntu:GNOME'), ('XMODIFIERS', '@im=ibus'), ('XDG_SESSION_DESKTOP', 'ubuntu'), ('XAUTHORITY', '/run/user/1000/.mutter-Xwaylandauth.Q9KNN3'), ('LS_COLORS', 'rs=0:di=01;34:ln=01;36:mh=00:pi=40;33:so=01;35:do=01;35:bd=40;33;01:cd=40;33;01:or=40;31;01:mi=00:su=37;41:sg=30;43:ca=30;41:tw=30;42:ow=34;42:st=37;44:ex=01;32:*.tar=01;31:*.tgz=01;31:*.arc=01;31:*.arj=01;31:*.taz=01;31:*.lha=01;31:*.lz4=01;31:*.lzh=01;31:*.lzma=01;31:*.tlz=01;31:*.txz=01;31:*.tzo=01;31:*.t7z=01;31:*.zip=01;31:*.z=01;31:*.dz=01;31:*.gz=01;31:*.lrz=01;31:*.lz=01;31:*.lzo=01;31:*.xz=01;31:*.zst=01;31:*.tzst=01;31:*.bz2=01;31:*.bz=01;31:*.tbz=01;31:*.tbz2=01;31:*.tz=01;31:*.deb=01;31:*.rpm=01;31:*.jar=01;31:*.war=01;31:*.ear=01;31:*.sar=01;31:*.rar=01;31:*.alz=01;31:*.ace=01;31:*.zoo=01;31:*.cpio=01;31:*.7z=01;31:*.rz=01;31:*.cab=01;31:*.wim=01;31:*.swm=01;31:*.dwm=01;31:*.esd=01;31:*.jpg=01;35:*.jpeg=01;35:*.mjpg=01;35:*.mjpeg=01;35:*.gif=01;35:*.bmp=01;35:*.pbm=01;35:*.pgm=01;35:*.ppm=01;35:*.tga=01;35:*.xbm=01;35:*.xpm=01;35:*.tif=01;35:*.tiff=01;35:*.png=01;35:*.svg=01;35:*.svgz=01;35:*.mng=01;35:*.pcx=01;35:*.mov=01;35:*.mpg=01;35:*.mpeg=01;35:*.m2v=01;35:*.mkv=01;35:*.webm=01;35:*.webp=01;35:*.ogm=01;35:*.mp4=01;35:*.m4v=01;35:*.mp4v=01;35:*.vob=01;35:*.qt=01;35:*.nuv=01;35:*.wmv=01;35:*.asf=01;35:*.rm=01;35:*.rmvb=01;35:*.flc=01;35:*.avi=01;35:*.fli=01;35:*.flv=01;35:*.gl=01;35:*.dl=01;35:*.xcf=01;35:*.xwd=01;35:*.yuv=01;35:*.cgm=01;35:*.emf=01;35:*.ogv=01;35:*.ogx=01;35:*.aac=00;36:*.au=00;36:*.flac=00;36:*.m4a=00;36:*.mid=00;36:*.midi=00;36:*.mka=00;36:*.mp3=00;36:*.mpc=00;36:*.ogg=00;36:*.ra=00;36:*.wav=00;36:*.oga=00;36:*.opus=00;36:*.spx=00;36:*.xspf=00;36:'), ('GNOME_TERMINAL_SERVICE', ':1.325'), ('SSH_AGENT_LAUNCHER', 'gnome-keyring'), ('SSH_AUTH_SOCK', '/run/user/1000/keyring/ssh'), ('AMENT_PREFIX_PATH', '/home/msd/MSD2/REV4/install/gear_manipulator_moveit_config:/home/msd/MSD2/REV4/install/my_robot:/home/msd/MSD2/REV4/install/motor_bridge:/opt/ros/humble'), ('SHELL', '/bin/bash'), ('QT_ACCESSIBILITY', '1'), ('GDMSESSION', 'ubuntu'), ('LESSCLOSE', '/usr/bin/lesspipe %s %s'), ('QT_IM_MODULE', 'ibus'), ('PWD', '/home/msd/MSD2/REV4/build/marge'), ('XDG_CONFIG_DIRS', '/etc/xdg/xdg-ubuntu:/etc/xdg'), ('XDG_DATA_DIRS', '/usr/share/ubuntu:/usr/local/share/:/usr/share/:/var/lib/snapd/desktop'), ('PYTHONPATH', '/opt/ros/humble/lib/python3.10/site-packages:/opt/ros/humble/local/lib/python3.10/dist-packages'), ('COLCON', '1'), ('VTE_VERSION', '6800'), ('CMAKE_PREFIX_PATH', '/home/msd/MSD2/REV4/install/gear_manipulator_moveit_config:/home/msd/MSD2/REV4/install/motor_bridge:/home/msd/MSD2/REV4/install/my_robot:/opt/ros/humble')]), 'shell': False}
[1.382045] (robot_hardware) StdoutLine: {'line': b'-- Using all available rosidl_typesupport_c: rosidl_typesupport_fastrtps_c;rosidl_typesupport_introspection_c\n'}
[1.403705] (-) TimerEvent: {}
[1.410563] (robot_hardware) StdoutLine: {'line': b'-- Using all available rosidl_typesupport_cpp: rosidl_typesupport_fastrtps_cpp;rosidl_typesupport_introspection_cpp\n'}
[1.433097] (my_robot) CommandEnded: {'returncode': 0}
[1.434746] (my_robot) JobProgress: {'identifier': 'my_robot', 'progress': 'install'}
[1.448593] (my_robot) Command: {'cmd': ['/usr/bin/cmake', '--install', '/home/msd/MSD2/REV4/build/my_robot'], 'cwd': '/home/msd/MSD2/REV4/build/my_robot', 'env': OrderedDict([('LESSOPEN', '| /usr/bin/lesspipe %s'), ('USER', 'msd'), ('XDG_SESSION_TYPE', 'wayland'), ('SHLVL', '1'), ('LD_LIBRARY_PATH', '/opt/ros/humble/opt/rviz_ogre_vendor/lib:/opt/ros/humble/lib/x86_64-linux-gnu:/opt/ros/humble/lib'), ('HOME', '/home/msd'), ('OLDPWD', '/home/msd/MSD2/REV4'), ('DESKTOP_SESSION', 'ubuntu'), ('ROS_PYTHON_VERSION', '3'), ('GNOME_SHELL_SESSION_MODE', 'ubuntu'), ('GTK_MODULES', 'gail:atk-bridge'), ('SYSTEMD_EXEC_PID', '1554'), ('DBUS_SESSION_BUS_ADDRESS', 'unix:path=/run/user/1000/bus'), ('COLORTERM', 'truecolor'), ('IM_CONFIG_PHASE', '1'), ('WAYLAND_DISPLAY', 'wayland-0'), ('COLCON_PREFIX_PATH', '/home/msd/MSD2/REV4/install'), ('ROS_DISTRO', 'humble'), ('LOGNAME', 'msd'), ('_', '/usr/bin/colcon'), ('ROS_VERSION', '2'), ('XDG_SESSION_CLASS', 'user'), ('USERNAME', 'msd'), ('TERM', 'xterm-256color'), ('GNOME_DESKTOP_SESSION_ID', 'this-is-deprecated'), ('ROS_LOCALHOST_ONLY', '0'), ('PATH', '/opt/ros/humble/bin:/usr/local/sbin:/usr/local/bin:/usr/sbin:/usr/bin:/sbin:/bin:/usr/games:/usr/local/games:/snap/bin:/snap/bin'), ('SESSION_MANAGER', 'local/msd-ThinkPad-E14:@/tmp/.ICE-unix/1525,unix/msd-ThinkPad-E14:/tmp/.ICE-unix/1525'), ('XDG_MENU_PREFIX', 'gnome-'), ('GNOME_TERMINAL_SCREEN', '/org/gnome/Terminal/screen/7158f50d_a2ac_433b_a426_8c4df8937725'), ('GNOME_SETUP_DISPLAY', ':1'), ('XDG_RUNTIME_DIR', '/run/user/1000'), ('DISPLAY', ':0'), ('LANG', 'en_US.UTF-8'), ('XDG_CURRENT_DESKTOP', 'ubuntu:GNOME'), ('XMODIFIERS', '@im=ibus'), ('XDG_SESSION_DESKTOP', 'ubuntu'), ('XAUTHORITY', '/run/user/1000/.mutter-Xwaylandauth.Q9KNN3'), ('LS_COLORS', 'rs=0:di=01;34:ln=01;36:mh=00:pi=40;33:so=01;35:do=01;35:bd=40;33;01:cd=40;33;01:or=40;31;01:mi=00:su=37;41:sg=30;43:ca=30;41:tw=30;42:ow=34;42:st=37;44:ex=01;32:*.tar=01;31:*.tgz=01;31:*.arc=01;31:*.arj=01;31:*.taz=01;31:*.lha=01;31:*.lz4=01;31:*.lzh=01;31:*.lzma=01;31:*.tlz=01;31:*.txz=01;31:*.tzo=01;31:*.t7z=01;31:*.zip=01;31:*.z=01;31:*.dz=01;31:*.gz=01;31:*.lrz=01;31:*.lz=01;31:*.lzo=01;31:*.xz=01;31:*.zst=01;31:*.tzst=01;31:*.bz2=01;31:*.bz=01;31:*.tbz=01;31:*.tbz2=01;31:*.tz=01;31:*.deb=01;31:*.rpm=01;31:*.jar=01;31:*.war=01;31:*.ear=01;31:*.sar=01;31:*.rar=01;31:*.alz=01;31:*.ace=01;31:*.zoo=01;31:*.cpio=01;31:*.7z=01;31:*.rz=01;31:*.cab=01;31:*.wim=01;31:*.swm=01;31:*.dwm=01;31:*.esd=01;31:*.jpg=01;35:*.jpeg=01;35:*.mjpg=01;35:*.mjpeg=01;35:*.gif=01;35:*.bmp=01;35:*.pbm=01;35:*.pgm=01;35:*.ppm=01;35:*.tga=01;35:*.xbm=01;35:*.xpm=01;35:*.tif=01;35:*.tiff=01;35:*.png=01;35:*.svg=01;35:*.svgz=01;35:*.mng=01;35:*.pcx=01;35:*.mov=01;35:*.mpg=01;35:*.mpeg=01;35:*.m2v=01;35:*.mkv=01;35:*.webm=01;35:*.webp=01;35:*.ogm=01;35:*.mp4=01;35:*.m4v=01;35:*.mp4v=01;35:*.vob=01;35:*.qt=01;35:*.nuv=01;35:*.wmv=01;35:*.asf=01;35:*.rm=01;35:*.rmvb=01;35:*.flc=01;35:*.avi=01;35:*.fli=01;35:*.flv=01;35:*.gl=01;35:*.dl=01;35:*.xcf=01;35:*.xwd=01;35:*.yuv=01;35:*.cgm=01;35:*.emf=01;35:*.ogv=01;35:*.ogx=01;35:*.aac=00;36:*.au=00;36:*.flac=00;36:*.m4a=00;36:*.mid=00;36:*.midi=00;36:*.mka=00;36:*.mp3=00;36:*.mpc=00;36:*.ogg=00;36:*.ra=00;36:*.wav=00;36:*.oga=00;36:*.opus=00;36:*.spx=00;36:*.xspf=00;36:'), ('GNOME_TERMINAL_SERVICE', ':1.325'), ('SSH_AGENT_LAUNCHER', 'gnome-keyring'), ('SSH_AUTH_SOCK', '/run/user/1000/keyring/ssh'), ('AMENT_PREFIX_PATH', '/home/msd/MSD2/REV4/install/gear_manipulator_moveit_config:/home/msd/MSD2/REV4/install/my_robot:/home/msd/MSD2/REV4/install/motor_bridge:/opt/ros/humble'), ('SHELL', '/bin/bash'), ('QT_ACCESSIBILITY', '1'), ('GDMSESSION', 'ubuntu'), ('LESSCLOSE', '/usr/bin/lesspipe %s %s'), ('QT_IM_MODULE', 'ibus'), ('PWD', '/home/msd/MSD2/REV4/build/my_robot'), ('XDG_CONFIG_DIRS', '/etc/xdg/xdg-ubuntu:/etc/xdg'), ('XDG_DATA_DIRS', '/usr/share/ubuntu:/usr/local/share/:/usr/share/:/var/lib/snapd/desktop'), ('PYTHONPATH', '/opt/ros/humble/lib/python3.10/site-packages:/opt/ros/humble/local/lib/python3.10/dist-packages'), ('COLCON', '1'), ('VTE_VERSION', '6800'), ('CMAKE_PREFIX_PATH', '/home/msd/MSD2/REV4/install/gear_manipulator_moveit_config:/home/msd/MSD2/REV4/install/motor_bridge:/home/msd/MSD2/REV4/install/my_robot:/opt/ros/humble')]), 'shell': False}
[1.452629] (marge) StdoutLine: {'line': b'[ 25%] \x1b[32mBuilding CXX object CMakeFiles/icl_stepper.dir/src/ICLStepper.cpp.o\x1b[0m\n'}
[1.452952] (robot_commander) StdoutLine: {'line': b'-- Found rmw_implementation_cmake: 6.1.2 (/opt/ros/humble/share/rmw_implementation_cmake/cmake)\n'}
[1.458800] (robot_commander) StdoutLine: {'line': b'-- Found rmw_fastrtps_cpp: 6.2.10 (/opt/ros/humble/share/rmw_fastrtps_cpp/cmake)\n'}
[1.465590] (my_robot) StdoutLine: {'line': b'-- Install configuration: ""\n'}
[1.465850] (my_robot) StdoutLine: {'line': b'-- Execute custom install script\n'}
[1.466039] (my_robot) StdoutLine: {'line': b'-- Symlinking: /home/msd/MSD2/REV4/install/my_robot/share/my_robot/urdf/gear_manipulator.urdf\n'}
[1.479343] (my_robot) StdoutLine: {'line': b'-- Symlinking: /home/msd/MSD2/REV4/install/my_robot/share/my_robot/launch/display.launch.py\n'}
[1.495542] (my_robot) StdoutLine: {'line': b'-- Symlinking: /home/msd/MSD2/REV4/install/my_robot/share/ament_index/resource_index/package_run_dependencies/my_robot\n'}
[1.495808] (robot_hardware) StdoutLine: {'line': b'-- Found rmw_implementation_cmake: 6.1.2 (/opt/ros/humble/share/rmw_implementation_cmake/cmake)\n'}
[1.500589] (robot_hardware) StdoutLine: {'line': b'-- Found rmw_fastrtps_cpp: 6.2.10 (/opt/ros/humble/share/rmw_fastrtps_cpp/cmake)\n'}
[1.503860] (-) TimerEvent: {}
[1.510461] (my_robot) StdoutLine: {'line': b'-- Symlinking: /home/msd/MSD2/REV4/install/my_robot/share/ament_index/resource_index/parent_prefix_path/my_robot\n'}
[1.525331] (my_robot) StdoutLine: {'line': b'-- Symlinking: /home/msd/MSD2/REV4/install/my_robot/share/my_robot/environment/ament_prefix_path.sh\n'}
[1.533433] (spotarm_assembly_description) Command: {'cmd': ['/usr/bin/python3', '-W', 'ignore:setup.py install is deprecated', '-W', 'ignore:easy_install command is deprecated', 'setup.py', 'develop', '--editable', '--build-directory', '/home/msd/MSD2/REV4/build/spotarm_assembly_description/build', '--no-deps', 'symlink_data'], 'cwd': '/home/msd/MSD2/REV4/build/spotarm_assembly_description', 'env': {'LESSOPEN': '| /usr/bin/lesspipe %s', 'USER': 'msd', 'XDG_SESSION_TYPE': 'wayland', 'SHLVL': '1', 'LD_LIBRARY_PATH': '/opt/ros/humble/opt/rviz_ogre_vendor/lib:/opt/ros/humble/lib/x86_64-linux-gnu:/opt/ros/humble/lib', 'HOME': '/home/msd', 'OLDPWD': '/home/msd/MSD2/REV4', 'DESKTOP_SESSION': 'ubuntu', 'ROS_PYTHON_VERSION': '3', 'GNOME_SHELL_SESSION_MODE': 'ubuntu', 'GTK_MODULES': 'gail:atk-bridge', 'SYSTEMD_EXEC_PID': '1554', 'DBUS_SESSION_BUS_ADDRESS': 'unix:path=/run/user/1000/bus', 'COLORTERM': 'truecolor', 'IM_CONFIG_PHASE': '1', 'WAYLAND_DISPLAY': 'wayland-0', 'COLCON_PREFIX_PATH': '/home/msd/MSD2/REV4/install', 'ROS_DISTRO': 'humble', 'LOGNAME': 'msd', '_': '/usr/bin/colcon', 'ROS_VERSION': '2', 'XDG_SESSION_CLASS': 'user', 'USERNAME': 'msd', 'TERM': 'xterm-256color', 'GNOME_DESKTOP_SESSION_ID': 'this-is-deprecated', 'ROS_LOCALHOST_ONLY': '0', 'PATH': '/opt/ros/humble/bin:/usr/local/sbin:/usr/local/bin:/usr/sbin:/usr/bin:/sbin:/bin:/usr/games:/usr/local/games:/snap/bin:/snap/bin', 'SESSION_MANAGER': 'local/msd-ThinkPad-E14:@/tmp/.ICE-unix/1525,unix/msd-ThinkPad-E14:/tmp/.ICE-unix/1525', 'XDG_MENU_PREFIX': 'gnome-', 'GNOME_TERMINAL_SCREEN': '/org/gnome/Terminal/screen/7158f50d_a2ac_433b_a426_8c4df8937725', 'GNOME_SETUP_DISPLAY': ':1', 'XDG_RUNTIME_DIR': '/run/user/1000', 'DISPLAY': ':0', 'LANG': 'en_US.UTF-8', 'XDG_CURRENT_DESKTOP': 'ubuntu:GNOME', 'XMODIFIERS': '@im=ibus', 'XDG_SESSION_DESKTOP': 'ubuntu', 'XAUTHORITY': '/run/user/1000/.mutter-Xwaylandauth.Q9KNN3', 'LS_COLORS': 'rs=0:di=01;34:ln=01;36:mh=00:pi=40;33:so=01;35:do=01;35:bd=40;33;01:cd=40;33;01:or=40;31;01:mi=00:su=37;41:sg=30;43:ca=30;41:tw=30;42:ow=34;42:st=37;44:ex=01;32:*.tar=01;31:*.tgz=01;31:*.arc=01;31:*.arj=01;31:*.taz=01;31:*.lha=01;31:*.lz4=01;31:*.lzh=01;31:*.lzma=01;31:*.tlz=01;31:*.txz=01;31:*.tzo=01;31:*.t7z=01;31:*.zip=01;31:*.z=01;31:*.dz=01;31:*.gz=01;31:*.lrz=01;31:*.lz=01;31:*.lzo=01;31:*.xz=01;31:*.zst=01;31:*.tzst=01;31:*.bz2=01;31:*.bz=01;31:*.tbz=01;31:*.tbz2=01;31:*.tz=01;31:*.deb=01;31:*.rpm=01;31:*.jar=01;31:*.war=01;31:*.ear=01;31:*.sar=01;31:*.rar=01;31:*.alz=01;31:*.ace=01;31:*.zoo=01;31:*.cpio=01;31:*.7z=01;31:*.rz=01;31:*.cab=01;31:*.wim=01;31:*.swm=01;31:*.dwm=01;31:*.esd=01;31:*.jpg=01;35:*.jpeg=01;35:*.mjpg=01;35:*.mjpeg=01;35:*.gif=01;35:*.bmp=01;35:*.pbm=01;35:*.pgm=01;35:*.ppm=01;35:*.tga=01;35:*.xbm=01;35:*.xpm=01;35:*.tif=01;35:*.tiff=01;35:*.png=01;35:*.svg=01;35:*.svgz=01;35:*.mng=01;35:*.pcx=01;35:*.mov=01;35:*.mpg=01;35:*.mpeg=01;35:*.m2v=01;35:*.mkv=01;35:*.webm=01;35:*.webp=01;35:*.ogm=01;35:*.mp4=01;35:*.m4v=01;35:*.mp4v=01;35:*.vob=01;35:*.qt=01;35:*.nuv=01;35:*.wmv=01;35:*.asf=01;35:*.rm=01;35:*.rmvb=01;35:*.flc=01;35:*.avi=01;35:*.fli=01;35:*.flv=01;35:*.gl=01;35:*.dl=01;35:*.xcf=01;35:*.xwd=01;35:*.yuv=01;35:*.cgm=01;35:*.emf=01;35:*.ogv=01;35:*.ogx=01;35:*.aac=00;36:*.au=00;36:*.flac=00;36:*.m4a=00;36:*.mid=00;36:*.midi=00;36:*.mka=00;36:*.mp3=00;36:*.mpc=00;36:*.ogg=00;36:*.ra=00;36:*.wav=00;36:*.oga=00;36:*.opus=00;36:*.spx=00;36:*.xspf=00;36:', 'GNOME_TERMINAL_SERVICE': ':1.325', 'SSH_AGENT_LAUNCHER': 'gnome-keyring', 'SSH_AUTH_SOCK': '/run/user/1000/keyring/ssh', 'AMENT_PREFIX_PATH': '/home/msd/MSD2/REV4/install/gear_manipulator_moveit_config:/home/msd/MSD2/REV4/install/my_robot:/home/msd/MSD2/REV4/install/motor_bridge:/opt/ros/humble', 'SHELL': '/bin/bash', 'QT_ACCESSIBILITY': '1', 'GDMSESSION': 'ubuntu', 'LESSCLOSE': '/usr/bin/lesspipe %s %s', 'QT_IM_MODULE': 'ibus', 'PWD': '/home/msd/MSD2/REV4/build/spotarm_assembly_description', 'XDG_CONFIG_DIRS': '/etc/xdg/xdg-ubuntu:/etc/xdg', 'XDG_DATA_DIRS': '/usr/share/ubuntu:/usr/local/share/:/usr/share/:/var/lib/snapd/desktop', 'PYTHONPATH': '/home/msd/MSD2/REV4/build/spotarm_assembly_description/prefix_override:/usr/lib/python3/dist-packages/colcon_core/task/python/colcon_distutils_commands:/home/msd/MSD2/REV4/install/spotarm_assembly_description/lib/python3.10/site-packages:/opt/ros/humble/lib/python3.10/site-packages:/opt/ros/humble/local/lib/python3.10/dist-packages', 'COLCON': '1', 'VTE_VERSION': '6800', 'CMAKE_PREFIX_PATH': '/home/msd/MSD2/REV4/install/gear_manipulator_moveit_config:/home/msd/MSD2/REV4/install/motor_bridge'}, 'shell': False}
[1.542326] (my_robot) StdoutLine: {'line': b'-- Symlinking: /home/msd/MSD2/REV4/install/my_robot/share/my_robot/environment/ament_prefix_path.dsv\n'}
[1.564371] (my_robot) StdoutLine: {'line': b'-- Symlinking: /home/msd/MSD2/REV4/install/my_robot/share/my_robot/environment/path.sh\n'}
[1.569806] (robot_status_leds) Command: {'cmd': ['/usr/bin/python3', '-W', 'ignore:setup.py install is deprecated', '-W', 'ignore:easy_install command is deprecated', 'setup.py', 'develop', '--editable', '--build-directory', '/home/msd/MSD2/REV4/build/robot_status_leds/build', '--no-deps', 'symlink_data'], 'cwd': '/home/msd/MSD2/REV4/build/robot_status_leds', 'env': {'LESSOPEN': '| /usr/bin/lesspipe %s', 'USER': 'msd', 'XDG_SESSION_TYPE': 'wayland', 'SHLVL': '1', 'LD_LIBRARY_PATH': '/opt/ros/humble/opt/rviz_ogre_vendor/lib:/opt/ros/humble/lib/x86_64-linux-gnu:/opt/ros/humble/lib', 'HOME': '/home/msd', 'OLDPWD': '/home/msd/MSD2/REV4', 'DESKTOP_SESSION': 'ubuntu', 'ROS_PYTHON_VERSION': '3', 'GNOME_SHELL_SESSION_MODE': 'ubuntu', 'GTK_MODULES': 'gail:atk-bridge', 'SYSTEMD_EXEC_PID': '1554', 'DBUS_SESSION_BUS_ADDRESS': 'unix:path=/run/user/1000/bus', 'COLORTERM': 'truecolor', 'IM_CONFIG_PHASE': '1', 'WAYLAND_DISPLAY': 'wayland-0', 'COLCON_PREFIX_PATH': '/home/msd/MSD2/REV4/install', 'ROS_DISTRO': 'humble', 'LOGNAME': 'msd', '_': '/usr/bin/colcon', 'ROS_VERSION': '2', 'XDG_SESSION_CLASS': 'user', 'USERNAME': 'msd', 'TERM': 'xterm-256color', 'GNOME_DESKTOP_SESSION_ID': 'this-is-deprecated', 'ROS_LOCALHOST_ONLY': '0', 'PATH': '/opt/ros/humble/bin:/usr/local/sbin:/usr/local/bin:/usr/sbin:/usr/bin:/sbin:/bin:/usr/games:/usr/local/games:/snap/bin:/snap/bin', 'SESSION_MANAGER': 'local/msd-ThinkPad-E14:@/tmp/.ICE-unix/1525,unix/msd-ThinkPad-E14:/tmp/.ICE-unix/1525', 'XDG_MENU_PREFIX': 'gnome-', 'GNOME_TERMINAL_SCREEN': '/org/gnome/Terminal/screen/7158f50d_a2ac_433b_a426_8c4df8937725', 'GNOME_SETUP_DISPLAY': ':1', 'XDG_RUNTIME_DIR': '/run/user/1000', 'DISPLAY': ':0', 'LANG': 'en_US.UTF-8', 'XDG_CURRENT_DESKTOP': 'ubuntu:GNOME', 'XMODIFIERS': '@im=ibus', 'XDG_SESSION_DESKTOP': 'ubuntu', 'XAUTHORITY': '/run/user/1000/.mutter-Xwaylandauth.Q9KNN3', 'LS_COLORS': 'rs=0:di=01;34:ln=01;36:mh=00:pi=40;33:so=01;35:do=01;35:bd=40;33;01:cd=40;33;01:or=40;31;01:mi=00:su=37;41:sg=30;43:ca=30;41:tw=30;42:ow=34;42:st=37;44:ex=01;32:*.tar=01;31:*.tgz=01;31:*.arc=01;31:*.arj=01;31:*.taz=01;31:*.lha=01;31:*.lz4=01;31:*.lzh=01;31:*.lzma=01;31:*.tlz=01;31:*.txz=01;31:*.tzo=01;31:*.t7z=01;31:*.zip=01;31:*.z=01;31:*.dz=01;31:*.gz=01;31:*.lrz=01;31:*.lz=01;31:*.lzo=01;31:*.xz=01;31:*.zst=01;31:*.tzst=01;31:*.bz2=01;31:*.bz=01;31:*.tbz=01;31:*.tbz2=01;31:*.tz=01;31:*.deb=01;31:*.rpm=01;31:*.jar=01;31:*.war=01;31:*.ear=01;31:*.sar=01;31:*.rar=01;31:*.alz=01;31:*.ace=01;31:*.zoo=01;31:*.cpio=01;31:*.7z=01;31:*.rz=01;31:*.cab=01;31:*.wim=01;31:*.swm=01;31:*.dwm=01;31:*.esd=01;31:*.jpg=01;35:*.jpeg=01;35:*.mjpg=01;35:*.mjpeg=01;35:*.gif=01;35:*.bmp=01;35:*.pbm=01;35:*.pgm=01;35:*.ppm=01;35:*.tga=01;35:*.xbm=01;35:*.xpm=01;35:*.tif=01;35:*.tiff=01;35:*.png=01;35:*.svg=01;35:*.svgz=01;35:*.mng=01;35:*.pcx=01;35:*.mov=01;35:*.mpg=01;35:*.mpeg=01;35:*.m2v=01;35:*.mkv=01;35:*.webm=01;35:*.webp=01;35:*.ogm=01;35:*.mp4=01;35:*.m4v=01;35:*.mp4v=01;35:*.vob=01;35:*.qt=01;35:*.nuv=01;35:*.wmv=01;35:*.asf=01;35:*.rm=01;35:*.rmvb=01;35:*.flc=01;35:*.avi=01;35:*.fli=01;35:*.flv=01;35:*.gl=01;35:*.dl=01;35:*.xcf=01;35:*.xwd=01;35:*.yuv=01;35:*.cgm=01;35:*.emf=01;35:*.ogv=01;35:*.ogx=01;35:*.aac=00;36:*.au=00;36:*.flac=00;36:*.m4a=00;36:*.mid=00;36:*.midi=00;36:*.mka=00;36:*.mp3=00;36:*.mpc=00;36:*.ogg=00;36:*.ra=00;36:*.wav=00;36:*.oga=00;36:*.opus=00;36:*.spx=00;36:*.xspf=00;36:', 'GNOME_TERMINAL_SERVICE': ':1.325', 'SSH_AGENT_LAUNCHER': 'gnome-keyring', 'SSH_AUTH_SOCK': '/run/user/1000/keyring/ssh', 'AMENT_PREFIX_PATH': '/home/msd/MSD2/REV4/install/gear_manipulator_moveit_config:/home/msd/MSD2/REV4/install/my_robot:/home/msd/MSD2/REV4/install/motor_bridge:/opt/ros/humble', 'SHELL': '/bin/bash', 'QT_ACCESSIBILITY': '1', 'GDMSESSION': 'ubuntu', 'LESSCLOSE': '/usr/bin/lesspipe %s %s', 'QT_IM_MODULE': 'ibus', 'PWD': '/home/msd/MSD2/REV4/build/robot_status_leds', 'XDG_CONFIG_DIRS': '/etc/xdg/xdg-ubuntu:/etc/xdg', 'XDG_DATA_DIRS': '/usr/share/ubuntu:/usr/local/share/:/usr/share/:/var/lib/snapd/desktop', 'PYTHONPATH': '/home/msd/MSD2/REV4/build/robot_status_leds/prefix_override:/usr/lib/python3/dist-packages/colcon_core/task/python/colcon_distutils_commands:/home/msd/MSD2/REV4/install/robot_status_leds/lib/python3.10/site-packages:/opt/ros/humble/lib/python3.10/site-packages:/opt/ros/humble/local/lib/python3.10/dist-packages', 'COLCON': '1', 'VTE_VERSION': '6800', 'CMAKE_PREFIX_PATH': '/home/msd/MSD2/REV4/install/gear_manipulator_moveit_config:/home/msd/MSD2/REV4/install/motor_bridge'}, 'shell': False}
[1.573052] (my_robot) StdoutLine: {'line': b'-- Symlinking: /home/msd/MSD2/REV4/install/my_robot/share/my_robot/environment/path.dsv\n'}
[1.587280] (my_robot) StdoutLine: {'line': b'-- Symlinking: /home/msd/MSD2/REV4/install/my_robot/share/my_robot/local_setup.bash\n'}
[1.601456] (stepper_test) StdoutLine: {'line': b'-- Found Python3: /usr/bin/python3 (found version "3.10.12") found components: Interpreter \n'}
[1.603435] (my_robot) StdoutLine: {'line': b'-- Symlinking: /home/msd/MSD2/REV4/install/my_robot/share/my_robot/local_setup.sh\n'}
[1.603924] (-) TimerEvent: {}
[1.617962] (robot_commander) StdoutLine: {'line': b'-- Found OpenSSL: /usr/lib/x86_64-linux-gnu/libcrypto.so (found version "3.0.2")  \n'}
[1.618290] (my_robot) StdoutLine: {'line': b'-- Symlinking: /home/msd/MSD2/REV4/install/my_robot/share/my_robot/local_setup.zsh\n'}
[1.626085] (robot_servoing) StdoutLine: {'line': b'-- Found control_toolbox: 3.6.3 (/opt/ros/humble/share/control_toolbox/cmake)\n'}
[1.636032] (my_robot) StdoutLine: {'line': b'-- Symlinking: /home/msd/MSD2/REV4/install/my_robot/share/my_robot/local_setup.dsv\n'}
[1.651779] (my_robot) StdoutLine: {'line': b'-- Symlinking: /home/msd/MSD2/REV4/install/my_robot/share/my_robot/package.dsv\n'}
[1.664481] (robot_commander) StdoutLine: {'line': b'-- Found FastRTPS: /opt/ros/humble/include  \n'}
[1.670052] (my_robot) StdoutLine: {'line': b'-- Symlinking: /home/msd/MSD2/REV4/install/my_robot/share/ament_index/resource_index/packages/my_robot\n'}
[1.685633] (my_robot) StdoutLine: {'line': b'-- Symlinking: /home/msd/MSD2/REV4/install/my_robot/share/my_robot/cmake/my_robotConfig.cmake\n'}
[1.698619] (my_robot) StdoutLine: {'line': b'-- Symlinking: /home/msd/MSD2/REV4/install/my_robot/share/my_robot/cmake/my_robotConfig-version.cmake\n'}
[1.703601] (robot_hardware) StdoutLine: {'line': b'-- Found OpenSSL: /usr/lib/x86_64-linux-gnu/libcrypto.so (found version "3.0.2")  \n'}
[1.706576] (-) TimerEvent: {}
[1.707460] (robot_servoing) StdoutLine: {'line': b'-- Found rmw_implementation_cmake: 6.1.2 (/opt/ros/humble/share/rmw_implementation_cmake/cmake)\n'}
[1.711383] (robot_servoing) StdoutLine: {'line': b'-- Found rmw_fastrtps_cpp: 6.2.10 (/opt/ros/humble/share/rmw_fastrtps_cpp/cmake)\n'}
[1.712073] (my_robot) StdoutLine: {'line': b'-- Symlinking: /home/msd/MSD2/REV4/install/my_robot/share/my_robot/package.xml\n'}
[1.729989] (my_robot) CommandEnded: {'returncode': 0}
[1.731599] (robot_commander) StdoutLine: {'line': b"-- Using RMW implementation 'rmw_fastrtps_cpp' as default\n"}
[1.733887] (stepper_test) StdoutLine: {'line': b'-- Override CMake install command with custom implementation using symlinks instead of copying resources\n'}
[1.749018] (robot_commander) StdoutLine: {'line': b'-- Looking for pthread.h\n'}
[1.761747] (robot_hardware) StdoutLine: {'line': b'-- Found FastRTPS: /opt/ros/humble/include  \n'}
[1.780957] (my_robot) JobEnded: {'identifier': 'my_robot', 'rc': 0}
[1.781618] (gear_manipulator_moveit_config) JobStarted: {'identifier': 'gear_manipulator_moveit_config'}
[1.788872] (stepper_test) StdoutLine: {'line': b'-- Found rclcpp: 16.0.19 (/opt/ros/humble/share/rclcpp/cmake)\n'}
[1.794104] (gear_manipulator_moveit_config) JobProgress: {'identifier': 'gear_manipulator_moveit_config', 'progress': 'cmake'}
[1.794165] (gear_manipulator_moveit_config) Command: {'cmd': ['/usr/bin/cmake', '/home/msd/MSD2/REV4/src/gear_manipulator_moveit_config', '-DAMENT_CMAKE_SYMLINK_INSTALL=1', '-DCMAKE_INSTALL_PREFIX=/home/msd/MSD2/REV4/install/gear_manipulator_moveit_config'], 'cwd': '/home/msd/MSD2/REV4/build/gear_manipulator_moveit_config', 'env': OrderedDict([('LESSOPEN', '| /usr/bin/lesspipe %s'), ('USER', 'msd'), ('XDG_SESSION_TYPE', 'wayland'), ('SHLVL', '1'), ('LD_LIBRARY_PATH', '/opt/ros/humble/opt/rviz_ogre_vendor/lib:/opt/ros/humble/lib/x86_64-linux-gnu:/opt/ros/humble/lib'), ('HOME', '/home/msd'), ('OLDPWD', '/home/msd/MSD2/REV4'), ('DESKTOP_SESSION', 'ubuntu'), ('ROS_PYTHON_VERSION', '3'), ('GNOME_SHELL_SESSION_MODE', 'ubuntu'), ('GTK_MODULES', 'gail:atk-bridge'), ('SYSTEMD_EXEC_PID', '1554'), ('DBUS_SESSION_BUS_ADDRESS', 'unix:path=/run/user/1000/bus'), ('COLORTERM', 'truecolor'), ('IM_CONFIG_PHASE', '1'), ('WAYLAND_DISPLAY', 'wayland-0'), ('COLCON_PREFIX_PATH', '/home/msd/MSD2/REV4/install'), ('ROS_DISTRO', 'humble'), ('LOGNAME', 'msd'), ('_', '/usr/bin/colcon'), ('ROS_VERSION', '2'), ('XDG_SESSION_CLASS', 'user'), ('USERNAME', 'msd'), ('TERM', 'xterm-256color'), ('GNOME_DESKTOP_SESSION_ID', 'this-is-deprecated'), ('ROS_LOCALHOST_ONLY', '0'), ('PATH', '/opt/ros/humble/bin:/usr/local/sbin:/usr/local/bin:/usr/sbin:/usr/bin:/sbin:/bin:/usr/games:/usr/local/games:/snap/bin:/snap/bin'), ('SESSION_MANAGER', 'local/msd-ThinkPad-E14:@/tmp/.ICE-unix/1525,unix/msd-ThinkPad-E14:/tmp/.ICE-unix/1525'), ('XDG_MENU_PREFIX', 'gnome-'), ('GNOME_TERMINAL_SCREEN', '/org/gnome/Terminal/screen/7158f50d_a2ac_433b_a426_8c4df8937725'), ('GNOME_SETUP_DISPLAY', ':1'), ('XDG_RUNTIME_DIR', '/run/user/1000'), ('DISPLAY', ':0'), ('LANG', 'en_US.UTF-8'), ('XDG_CURRENT_DESKTOP', 'ubuntu:GNOME'), ('XMODIFIERS', '@im=ibus'), ('XDG_SESSION_DESKTOP', 'ubuntu'), ('XAUTHORITY', '/run/user/1000/.mutter-Xwaylandauth.Q9KNN3'), ('LS_COLORS', 'rs=0:di=01;34:ln=01;36:mh=00:pi=40;33:so=01;35:do=01;35:bd=40;33;01:cd=40;33;01:or=40;31;01:mi=00:su=37;41:sg=30;43:ca=30;41:tw=30;42:ow=34;42:st=37;44:ex=01;32:*.tar=01;31:*.tgz=01;31:*.arc=01;31:*.arj=01;31:*.taz=01;31:*.lha=01;31:*.lz4=01;31:*.lzh=01;31:*.lzma=01;31:*.tlz=01;31:*.txz=01;31:*.tzo=01;31:*.t7z=01;31:*.zip=01;31:*.z=01;31:*.dz=01;31:*.gz=01;31:*.lrz=01;31:*.lz=01;31:*.lzo=01;31:*.xz=01;31:*.zst=01;31:*.tzst=01;31:*.bz2=01;31:*.bz=01;31:*.tbz=01;31:*.tbz2=01;31:*.tz=01;31:*.deb=01;31:*.rpm=01;31:*.jar=01;31:*.war=01;31:*.ear=01;31:*.sar=01;31:*.rar=01;31:*.alz=01;31:*.ace=01;31:*.zoo=01;31:*.cpio=01;31:*.7z=01;31:*.rz=01;31:*.cab=01;31:*.wim=01;31:*.swm=01;31:*.dwm=01;31:*.esd=01;31:*.jpg=01;35:*.jpeg=01;35:*.mjpg=01;35:*.mjpeg=01;35:*.gif=01;35:*.bmp=01;35:*.pbm=01;35:*.pgm=01;35:*.ppm=01;35:*.tga=01;35:*.xbm=01;35:*.xpm=01;35:*.tif=01;35:*.tiff=01;35:*.png=01;35:*.svg=01;35:*.svgz=01;35:*.mng=01;35:*.pcx=01;35:*.mov=01;35:*.mpg=01;35:*.mpeg=01;35:*.m2v=01;35:*.mkv=01;35:*.webm=01;35:*.webp=01;35:*.ogm=01;35:*.mp4=01;35:*.m4v=01;35:*.mp4v=01;35:*.vob=01;35:*.qt=01;35:*.nuv=01;35:*.wmv=01;35:*.asf=01;35:*.rm=01;35:*.rmvb=01;35:*.flc=01;35:*.avi=01;35:*.fli=01;35:*.flv=01;35:*.gl=01;35:*.dl=01;35:*.xcf=01;35:*.xwd=01;35:*.yuv=01;35:*.cgm=01;35:*.emf=01;35:*.ogv=01;35:*.ogx=01;35:*.aac=00;36:*.au=00;36:*.flac=00;36:*.m4a=00;36:*.mid=00;36:*.midi=00;36:*.mka=00;36:*.mp3=00;36:*.mpc=00;36:*.ogg=00;36:*.ra=00;36:*.wav=00;36:*.oga=00;36:*.opus=00;36:*.spx=00;36:*.xspf=00;36:'), ('GNOME_TERMINAL_SERVICE', ':1.325'), ('SSH_AGENT_LAUNCHER', 'gnome-keyring'), ('SSH_AUTH_SOCK', '/run/user/1000/keyring/ssh'), ('AMENT_PREFIX_PATH', '/home/msd/MSD2/REV4/install/gear_manipulator_moveit_config:/home/msd/MSD2/REV4/install/my_robot:/home/msd/MSD2/REV4/install/motor_bridge:/opt/ros/humble'), ('SHELL', '/bin/bash'), ('QT_ACCESSIBILITY', '1'), ('GDMSESSION', 'ubuntu'), ('LESSCLOSE', '/usr/bin/lesspipe %s %s'), ('QT_IM_MODULE', 'ibus'), ('PWD', '/home/msd/MSD2/REV4/build/gear_manipulator_moveit_config'), ('XDG_CONFIG_DIRS', '/etc/xdg/xdg-ubuntu:/etc/xdg'), ('XDG_DATA_DIRS', '/usr/share/ubuntu:/usr/local/share/:/usr/share/:/var/lib/snapd/desktop'), ('PYTHONPATH', '/opt/ros/humble/lib/python3.10/site-packages:/opt/ros/humble/local/lib/python3.10/dist-packages'), ('COLCON', '1'), ('VTE_VERSION', '6800'), ('CMAKE_PREFIX_PATH', '/home/msd/MSD2/REV4/install/my_robot:/home/msd/MSD2/REV4/install/gear_manipulator_moveit_config:/home/msd/MSD2/REV4/install/motor_bridge:/opt/ros/humble')]), 'shell': False}
[1.809609] (-) TimerEvent: {}
[1.849645] (robot_hardware) StdoutLine: {'line': b"-- Using RMW implementation 'rmw_fastrtps_cpp' as default\n"}
[1.863098] (robot_hardware) StdoutLine: {'line': b'-- Looking for pthread.h\n'}
[1.866704] (stepper_test) StdoutLine: {'line': b'-- Found rosidl_generator_c: 3.1.8 (/opt/ros/humble/share/rosidl_generator_c/cmake)\n'}
[1.875918] (stepper_test) StdoutLine: {'line': b'-- Found rosidl_adapter: 3.1.8 (/opt/ros/humble/share/rosidl_adapter/cmake)\n'}
[1.891623] (stepper_test) StdoutLine: {'line': b'-- Found rosidl_generator_cpp: 3.1.8 (/opt/ros/humble/share/rosidl_generator_cpp/cmake)\n'}
[1.897550] (robot_servoing) StdoutLine: {'line': b'-- Found OpenSSL: /usr/lib/x86_64-linux-gnu/libcrypto.so (found version "3.0.2")  \n'}
[1.900042] (robot_commander) StdoutLine: {'line': b'-- Looking for pthread.h - found\n'}
[1.902556] (robot_commander) StdoutLine: {'line': b'-- Performing Test CMAKE_HAVE_LIBC_PTHREAD\n'}
[1.909695] (-) TimerEvent: {}
[1.915476] (stepper_test) StdoutLine: {'line': b'-- Using all available rosidl_typesupport_c: rosidl_typesupport_fastrtps_c;rosidl_typesupport_introspection_c\n'}
[1.949609] (stepper_test) StdoutLine: {'line': b'-- Using all available rosidl_typesupport_cpp: rosidl_typesupport_fastrtps_cpp;rosidl_typesupport_introspection_cpp\n'}
[1.960002] (robot_servoing) StdoutLine: {'line': b'-- Found FastRTPS: /opt/ros/humble/include  \n'}
[1.995580] (spotarm_assembly_description) StderrLine: {'line': b"/usr/lib/python3/dist-packages/setuptools/dist.py:723: UserWarning: Usage of dash-separated 'script-dir' will not be supported in future versions. Please use the underscore name 'script_dir' instead\n"}
[1.995884] (spotarm_assembly_description) StderrLine: {'line': b'  warnings.warn(\n'}
[1.999131] (marge) StderrLine: {'line': b'In file included from \x1b[01m\x1b[K/home/msd/MSD2/REV4/src/marge/src/ICLStepper.cpp:1\x1b[m\x1b[K:\n'}
[1.999628] (marge) StderrLine: {'line': b'\x1b[01m\x1b[K/home/msd/MSD2/REV4/src/marge/include/marge/ICLStepper.h:\x1b[m\x1b[K In constructor \xe2\x80\x98\x1b[01m\x1b[KICLStepper::ICLStepper(int, modbus_t*, int, int)\x1b[m\x1b[K\xe2\x80\x99:\n'}
[1.999779] (marge) StderrLine: {'line': b'\x1b[01m\x1b[K/home/msd/MSD2/REV4/src/marge/include/marge/ICLStepper.h:30:9:\x1b[m\x1b[K \x1b[01;35m\x1b[Kwarning: \x1b[m\x1b[K\xe2\x80\x98\x1b[01m\x1b[KICLStepper::gear_ratio_\x1b[m\x1b[K\xe2\x80\x99 will be initialized after [\x1b[01;35m\x1b[K\x1b]8;;https://gcc.gnu.org/onlinedocs/gcc/Warning-Options.html#index-Wreorder\x07-Wreorder\x1b]8;;\x07\x1b[m\x1b[K]\n'}
[1.999901] (marge) StderrLine: {'line': b'   30 |     int \x1b[01;35m\x1b[Kgear_ratio_\x1b[m\x1b[K;\n'}
[2.000020] (marge) StderrLine: {'line': b'      |         \x1b[01;35m\x1b[K^~~~~~~~~~~\x1b[m\x1b[K\n'}
[2.000133] (marge) StderrLine: {'line': b'\x1b[01m\x1b[K/home/msd/MSD2/REV4/src/marge/include/marge/ICLStepper.h:28:9:\x1b[m\x1b[K \x1b[01;35m\x1b[Kwarning: \x1b[m\x1b[K  \xe2\x80\x98\x1b[01m\x1b[Kint ICLStepper::delay_us_\x1b[m\x1b[K\xe2\x80\x99 [\x1b[01;35m\x1b[K\x1b]8;;https://gcc.gnu.org/onlinedocs/gcc/Warning-Options.html#index-Wreorder\x07-Wreorder\x1b]8;;\x07\x1b[m\x1b[K]\n'}
[2.000247] (marge) StderrLine: {'line': b'   28 |     int \x1b[01;35m\x1b[Kdelay_us_\x1b[m\x1b[K;\n'}
[2.000353] (marge) StderrLine: {'line': b'      |         \x1b[01;35m\x1b[K^~~~~~~~~\x1b[m\x1b[K\n'}
[2.000472] (marge) StderrLine: {'line': b'\x1b[01m\x1b[K/home/msd/MSD2/REV4/src/marge/src/ICLStepper.cpp:9:1:\x1b[m\x1b[K \x1b[01;35m\x1b[Kwarning: \x1b[m\x1b[K  when initialized here [\x1b[01;35m\x1b[K\x1b]8;;https://gcc.gnu.org/onlinedocs/gcc/Warning-Options.html#index-Wreorder\x07-Wreorder\x1b]8;;\x07\x1b[m\x1b[K]\n'}
[2.000681] (marge) StderrLine: {'line': b'    9 | \x1b[01;35m\x1b[KICLStepper\x1b[m\x1b[K::ICLStepper(int slave_id, modbus_t* ctx, int pulses_per_revolution, int gear_ratio)\n'}
[2.000798] (marge) StderrLine: {'line': b'      | \x1b[01;35m\x1b[K^~~~~~~~~~\x1b[m\x1b[K\n'}
[2.000905] (robot_hardware) StdoutLine: {'line': b'-- Looking for pthread.h - found\n'}
[2.001457] (robot_hardware) StdoutLine: {'line': b'-- Performing Test CMAKE_HAVE_LIBC_PTHREAD\n'}
[2.011371] (marge) StderrLine: {'line': b'\x1b[01m\x1b[K/home/msd/MSD2/REV4/src/marge/src/ICLStepper.cpp:\x1b[m\x1b[K In member function \xe2\x80\x98\x1b[01m\x1b[Kint ICLStepper::home(double, double, bool, double)\x1b[m\x1b[K\xe2\x80\x99:\n'}
[2.011653] (-) TimerEvent: {}
[2.011864] (marge) StderrLine: {'line': b'\x1b[01m\x1b[K/home/msd/MSD2/REV4/src/marge/src/ICLStepper.cpp:229:20:\x1b[m\x1b[K \x1b[01;35m\x1b[Kwarning: \x1b[m\x1b[Knarrowing conversion of \xe2\x80\x98\x1b[01m\x1b[K(clockwise ? 7 : 6)\x1b[m\x1b[K\xe2\x80\x99 from \xe2\x80\x98\x1b[01m\x1b[Kint\x1b[m\x1b[K\xe2\x80\x99 to \xe2\x80\x98\x1b[01m\x1b[Kuint16_t\x1b[m\x1b[K\xe2\x80\x99 {aka \xe2\x80\x98\x1b[01m\x1b[Kshort unsigned int\x1b[m\x1b[K\xe2\x80\x99} [\x1b[01;35m\x1b[K\x1b]8;;https://gcc.gnu.org/onlinedocs/gcc/Warning-Options.html#index-Wnarrowing\x07-Wnarrowing\x1b]8;;\x07\x1b[m\x1b[K]\n'}
[2.012008] (marge) StderrLine: {'line': b'  229 |         \x1b[01;35m\x1b[K(clockwise ? 0b111 : 0b110)\x1b[m\x1b[K, // Homing mode\n'}
[2.012126] (marge) StderrLine: {'line': b'      |         \x1b[01;35m\x1b[K~~~~~~~~~~~^~~~~~~~~~~~~~~~\x1b[m\x1b[K\n'}
[2.012250] (marge) StderrLine: {'line': b'\x1b[01m\x1b[K/home/msd/MSD2/REV4/src/marge/src/ICLStepper.cpp:234:9:\x1b[m\x1b[K \x1b[01;35m\x1b[Kwarning: \x1b[m\x1b[Knarrowing conversion of \xe2\x80\x98\x1b[01m\x1b[Khigh_velocity_rpm\x1b[m\x1b[K\xe2\x80\x99 from \xe2\x80\x98\x1b[01m\x1b[Kuint\x1b[m\x1b[K\xe2\x80\x99 {aka \xe2\x80\x98\x1b[01m\x1b[Kunsigned int\x1b[m\x1b[K\xe2\x80\x99} to \xe2\x80\x98\x1b[01m\x1b[Kuint16_t\x1b[m\x1b[K\xe2\x80\x99 {aka \xe2\x80\x98\x1b[01m\x1b[Kshort unsigned int\x1b[m\x1b[K\xe2\x80\x99} [\x1b[01;35m\x1b[K\x1b]8;;https://gcc.gnu.org/onlinedocs/gcc/Warning-Options.html#index-Wnarrowing\x07-Wnarrowing\x1b]8;;\x07\x1b[m\x1b[K]\n'}
[2.012371] (marge) StderrLine: {'line': b'  234 |         \x1b[01;35m\x1b[Khigh_velocity_rpm\x1b[m\x1b[K,    // Homing high velocity\n'}
[2.012483] (marge) StderrLine: {'line': b'      |         \x1b[01;35m\x1b[K^~~~~~~~~~~~~~~~~\x1b[m\x1b[K\n'}
[2.012618] (marge) StderrLine: {'line': b'\x1b[01m\x1b[K/home/msd/MSD2/REV4/src/marge/src/ICLStepper.cpp:235:9:\x1b[m\x1b[K \x1b[01;35m\x1b[Kwarning: \x1b[m\x1b[Knarrowing conversion of \xe2\x80\x98\x1b[01m\x1b[Klow_velocity_rpm\x1b[m\x1b[K\xe2\x80\x99 from \xe2\x80\x98\x1b[01m\x1b[Kuint\x1b[m\x1b[K\xe2\x80\x99 {aka \xe2\x80\x98\x1b[01m\x1b[Kunsigned int\x1b[m\x1b[K\xe2\x80\x99} to \xe2\x80\x98\x1b[01m\x1b[Kuint16_t\x1b[m\x1b[K\xe2\x80\x99 {aka \xe2\x80\x98\x1b[01m\x1b[Kshort unsigned int\x1b[m\x1b[K\xe2\x80\x99} [\x1b[01;35m\x1b[K\x1b]8;;https://gcc.gnu.org/onlinedocs/gcc/Warning-Options.html#index-Wnarrowing\x07-Wnarrowing\x1b]8;;\x07\x1b[m\x1b[K]\n'}
[2.012742] (marge) StderrLine: {'line': b'  235 |         \x1b[01;35m\x1b[Klow_velocity_rpm\x1b[m\x1b[K,      // Homing low velocity\n'}
[2.012843] (marge) StderrLine: {'line': b'      |         \x1b[01;35m\x1b[K^~~~~~~~~~~~~~~~\x1b[m\x1b[K\n'}
[2.025645] (robot_commander) StdoutLine: {'line': b'-- Performing Test CMAKE_HAVE_LIBC_PTHREAD - Success\n'}
[2.027379] (robot_commander) StdoutLine: {'line': b'-- Found Threads: TRUE  \n'}
[2.033077] (robot_servoing) StdoutLine: {'line': b"-- Using RMW implementation 'rmw_fastrtps_cpp' as default\n"}
[2.034207] (stepper_test) StdoutLine: {'line': b'-- Found rmw_implementation_cmake: 6.1.2 (/opt/ros/humble/share/rmw_implementation_cmake/cmake)\n'}
[2.039274] (stepper_test) StdoutLine: {'line': b'-- Found rmw_fastrtps_cpp: 6.2.10 (/opt/ros/humble/share/rmw_fastrtps_cpp/cmake)\n'}
[2.055893] (robot_servoing) StdoutLine: {'line': b'-- Looking for pthread.h\n'}
[2.057181] (spotarm_assembly_description) StdoutLine: {'line': b'running develop\n'}
[2.111782] (-) TimerEvent: {}
[2.133564] (marge) StderrLine: {'line': b'\x1b[01m\x1b[K/home/msd/MSD2/REV4/src/marge/src/ICLStepper.cpp:\x1b[m\x1b[K In member function \xe2\x80\x98\x1b[01m\x1b[Kint ICLStepper::set_as_home()\x1b[m\x1b[K\xe2\x80\x99:\n'}
[2.133820] (marge) StderrLine: {'line': b'\x1b[01m\x1b[K/home/msd/MSD2/REV4/src/marge/src/ICLStepper.cpp:290:1:\x1b[m\x1b[K \x1b[01;35m\x1b[Kwarning: \x1b[m\x1b[Kcontrol reaches end of non-void function [\x1b[01;35m\x1b[K\x1b]8;;https://gcc.gnu.org/onlinedocs/gcc/Warning-Options.html#index-Wreturn-type\x07-Wreturn-type\x1b]8;;\x07\x1b[m\x1b[K]\n'}
[2.133956] (marge) StderrLine: {'line': b'  290 | \x1b[01;35m\x1b[K}\x1b[m\x1b[K\n'}
[2.134066] (marge) StderrLine: {'line': b'      | \x1b[01;35m\x1b[K^\x1b[m\x1b[K\n'}
[2.139387] (robot_hardware) StdoutLine: {'line': b'-- Performing Test CMAKE_HAVE_LIBC_PTHREAD - Success\n'}
[2.142154] (robot_hardware) StdoutLine: {'line': b'-- Found Threads: TRUE  \n'}
[2.143364] (robot_commander) StdoutLine: {'line': b'-- Found moveit_ros_planning_interface: 2.5.9 (/opt/ros/humble/share/moveit_ros_planning_interface/cmake)\n'}
[2.181693] (robot_commander) StdoutLine: {'line': b'-- Found Boost: /usr/lib/x86_64-linux-gnu/cmake/Boost-1.74.0/BoostConfig.cmake (found version "1.74.0") found components: date_time filesystem program_options system thread \n'}
[2.195845] (robot_servoing) StdoutLine: {'line': b'-- Looking for pthread.h - found\n'}
[2.196115] (robot_servoing) StdoutLine: {'line': b'-- Performing Test CMAKE_HAVE_LIBC_PTHREAD\n'}
[2.197911] (stepper_test) StdoutLine: {'line': b'-- Found OpenSSL: /usr/lib/x86_64-linux-gnu/libcrypto.so (found version "3.0.2")  \n'}
[2.200722] (marge) StdoutLine: {'line': b'[ 50%] \x1b[32m\x1b[1mLinking CXX shared library libicl_stepper.so\x1b[0m\n'}
[2.211879] (-) TimerEvent: {}
[2.243403] (stepper_test) StdoutLine: {'line': b'-- Found FastRTPS: /opt/ros/humble/include  \n'}
[2.247707] (robot_hardware) StdoutLine: {'line': b'-- Found rclcpp_lifecycle: 16.0.19 (/opt/ros/humble/share/rclcpp_lifecycle/cmake)\n'}
[2.288746] (robot_hardware) StdoutLine: {'line': b'-- Found hardware_interface: 2.53.1 (/opt/ros/humble/share/hardware_interface/cmake)\n'}
[2.312293] (-) TimerEvent: {}
[2.316458] (stepper_test) StdoutLine: {'line': b"-- Using RMW implementation 'rmw_fastrtps_cpp' as default\n"}
[2.330253] (robot_servoing) StdoutLine: {'line': b'-- Performing Test CMAKE_HAVE_LIBC_PTHREAD - Success\n'}
[2.330547] (stepper_test) StdoutLine: {'line': b'-- Looking for pthread.h\n'}
[2.331841] (robot_servoing) StdoutLine: {'line': b'-- Found Threads: TRUE  \n'}
[2.360924] (marge) StdoutLine: {'line': b'[ 50%] Built target icl_stepper\n'}
[2.379446] (spotarm_assembly_description) StdoutLine: {'line': b'running egg_info\n'}
[2.379677] (spotarm_assembly_description) StdoutLine: {'line': b'creating spotarm_assembly_description.egg-info\n'}
[2.379789] (spotarm_assembly_description) StdoutLine: {'line': b'writing spotarm_assembly_description.egg-info/PKG-INFO\n'}
[2.379902] (spotarm_assembly_description) StdoutLine: {'line': b'writing dependency_links to spotarm_assembly_description.egg-info/dependency_links.txt\n'}
[2.380006] (spotarm_assembly_description) StdoutLine: {'line': b'writing entry points to spotarm_assembly_description.egg-info/entry_points.txt\n'}
[2.380107] (spotarm_assembly_description) StdoutLine: {'line': b'writing requirements to spotarm_assembly_description.egg-info/requires.txt\n'}
[2.380209] (spotarm_assembly_description) StdoutLine: {'line': b'writing top-level names to spotarm_assembly_description.egg-info/top_level.txt\n'}
[2.382517] (spotarm_assembly_description) StdoutLine: {'line': b"writing manifest file 'spotarm_assembly_description.egg-info/SOURCES.txt'\n"}
[2.382915] (spotarm_assembly_description) StdoutLine: {'line': b"reading manifest file 'spotarm_assembly_description.egg-info/SOURCES.txt'\n"}
[2.384519] (spotarm_assembly_description) StdoutLine: {'line': b"writing manifest file 'spotarm_assembly_description.egg-info/SOURCES.txt'\n"}
[2.386844] (spotarm_assembly_description) StdoutLine: {'line': b'running build_ext\n'}
[2.387222] (spotarm_assembly_description) StdoutLine: {'line': b'Creating /home/msd/MSD2/REV4/install/spotarm_assembly_description/lib/python3.10/site-packages/spotarm-assembly-description.egg-link (link to .)\n'}
[2.390723] (spotarm_assembly_description) StdoutLine: {'line': b'\n'}
[2.390970] (spotarm_assembly_description) StdoutLine: {'line': b'Installed /home/msd/MSD2/REV4/build/spotarm_assembly_description\n'}
[2.391100] (spotarm_assembly_description) StdoutLine: {'line': b'running symlink_data\n'}
[2.391211] (spotarm_assembly_description) StdoutLine: {'line': b'creating /home/msd/MSD2/REV4/install/spotarm_assembly_description/share/ament_index\n'}
[2.391330] (spotarm_assembly_description) StdoutLine: {'line': b'creating /home/msd/MSD2/REV4/install/spotarm_assembly_description/share/ament_index/resource_index\n'}
[2.391438] (spotarm_assembly_description) StdoutLine: {'line': b'creating /home/msd/MSD2/REV4/install/spotarm_assembly_description/share/ament_index/resource_index/packages\n'}
[2.391574] (spotarm_assembly_description) StdoutLine: {'line': b'symbolically linking /home/msd/MSD2/REV4/build/spotarm_assembly_description/resource/spotarm_assembly_description -> /home/msd/MSD2/REV4/install/spotarm_assembly_description/share/ament_index/resource_index/packages\n'}
[2.391692] (marge) StdoutLine: {'line': b'[ 75%] \x1b[32mBuilding CXX object CMakeFiles/homer.dir/src/homer.cpp.o\x1b[0m\n'}
[2.391824] (spotarm_assembly_description) StdoutLine: {'line': b'symbolically linking /home/msd/MSD2/REV4/build/spotarm_assembly_description/package.xml -> /home/msd/MSD2/REV4/install/spotarm_assembly_description/share/spotarm_assembly_description\n'}
[2.392060] (spotarm_assembly_description) StdoutLine: {'line': b'creating /home/msd/MSD2/REV4/install/spotarm_assembly_description/share/spotarm_assembly_description/launch\n'}
[2.392262] (spotarm_assembly_description) StdoutLine: {'line': b'symbolically linking /home/msd/MSD2/REV4/build/spotarm_assembly_description/launch/display.launch.py -> /home/msd/MSD2/REV4/install/spotarm_assembly_description/share/spotarm_assembly_description/launch\n'}
[2.392472] (spotarm_assembly_description) StdoutLine: {'line': b'symbolically linking /home/msd/MSD2/REV4/build/spotarm_assembly_description/launch/gazebo.launch.py -> /home/msd/MSD2/REV4/install/spotarm_assembly_description/share/spotarm_assembly_description/launch\n'}
[2.392642] (spotarm_assembly_description) StdoutLine: {'line': b'creating /home/msd/MSD2/REV4/install/spotarm_assembly_description/share/spotarm_assembly_description/urdf\n'}
[2.393911] (spotarm_assembly_description) StdoutLine: {'line': b'symbolically linking /home/msd/MSD2/REV4/build/spotarm_assembly_description/urdf/spotarm_assembly.gazebo -> /home/msd/MSD2/REV4/install/spotarm_assembly_description/share/spotarm_assembly_description/urdf\n'}
[2.394208] (spotarm_assembly_description) StdoutLine: {'line': b'symbolically linking /home/msd/MSD2/REV4/build/spotarm_assembly_description/urdf/materials.xacro -> /home/msd/MSD2/REV4/install/spotarm_assembly_description/share/spotarm_assembly_description/urdf\n'}
[2.394321] (spotarm_assembly_description) StdoutLine: {'line': b'symbolically linking /home/msd/MSD2/REV4/build/spotarm_assembly_description/urdf/spotarm_assembly.xacro -> /home/msd/MSD2/REV4/install/spotarm_assembly_description/share/spotarm_assembly_description/urdf\n'}
[2.394417] (spotarm_assembly_description) StdoutLine: {'line': b'symbolically linking /home/msd/MSD2/REV4/build/spotarm_assembly_description/urdf/spotarm_assembly.ros2_control.xacro -> /home/msd/MSD2/REV4/install/spotarm_assembly_description/share/spotarm_assembly_description/urdf\n'}
[2.394539] (spotarm_assembly_description) StdoutLine: {'line': b'symbolically linking /home/msd/MSD2/REV4/build/spotarm_assembly_description/urdf/spotarm_assembly.trans -> /home/msd/MSD2/REV4/install/spotarm_assembly_description/share/spotarm_assembly_description/urdf\n'}
[2.394643] (spotarm_assembly_description) StdoutLine: {'line': b'symbolically linking /home/msd/MSD2/REV4/build/spotarm_assembly_description/urdf/spotarm_assembly.urdf -> /home/msd/MSD2/REV4/install/spotarm_assembly_description/share/spotarm_assembly_description/urdf\n'}
[2.394736] (spotarm_assembly_description) StdoutLine: {'line': b'creating /home/msd/MSD2/REV4/install/spotarm_assembly_description/share/spotarm_assembly_description/meshes\n'}
[2.394829] (spotarm_assembly_description) StdoutLine: {'line': b'symbolically linking /home/msd/MSD2/REV4/build/spotarm_assembly_description/meshes/Joint_2_Component_v2_1.stl -> /home/msd/MSD2/REV4/install/spotarm_assembly_description/share/spotarm_assembly_description/meshes\n'}
[2.394932] (spotarm_assembly_description) StdoutLine: {'line': b'symbolically linking /home/msd/MSD2/REV4/build/spotarm_assembly_description/meshes/Joint_4_Component_v2_1.stl -> /home/msd/MSD2/REV4/install/spotarm_assembly_description/share/spotarm_assembly_description/meshes\n'}
[2.395043] (spotarm_assembly_description) StdoutLine: {'line': b'symbolically linking /home/msd/MSD2/REV4/build/spotarm_assembly_description/meshes/base_link.stl -> /home/msd/MSD2/REV4/install/spotarm_assembly_description/share/spotarm_assembly_description/meshes\n'}
[2.395158] (spotarm_assembly_description) StdoutLine: {'line': b'symbolically linking /home/msd/MSD2/REV4/build/spotarm_assembly_description/meshes/Joint_3_Component_v2_1.stl -> /home/msd/MSD2/REV4/install/spotarm_assembly_description/share/spotarm_assembly_description/meshes\n'}
[2.395260] (spotarm_assembly_description) StdoutLine: {'line': b'symbolically linking /home/msd/MSD2/REV4/build/spotarm_assembly_description/meshes/Joint_5_Component_v2_1.stl -> /home/msd/MSD2/REV4/install/spotarm_assembly_description/share/spotarm_assembly_description/meshes\n'}
[2.397553] (spotarm_assembly_description) StdoutLine: {'line': b'creating /home/msd/MSD2/REV4/install/spotarm_assembly_description/share/spotarm_assembly_description/config\n'}
[2.397869] (spotarm_assembly_description) StdoutLine: {'line': b'symbolically linking /home/msd/MSD2/REV4/build/spotarm_assembly_description/config/display.rviz -> /home/msd/MSD2/REV4/install/spotarm_assembly_description/share/spotarm_assembly_description/config\n'}
[2.412417] (-) TimerEvent: {}
[2.458769] (stepper_test) StdoutLine: {'line': b'-- Looking for pthread.h - found\n'}
[2.459971] (stepper_test) StdoutLine: {'line': b'-- Performing Test CMAKE_HAVE_LIBC_PTHREAD\n'}
[2.463559] (robot_status_leds) StdoutLine: {'line': b'running develop\n'}
[2.463799] (robot_status_leds) StdoutLine: {'line': b'running egg_info\n'}
[2.463921] (robot_status_leds) StdoutLine: {'line': b'creating robot_status_leds.egg-info\n'}
[2.464032] (robot_status_leds) StdoutLine: {'line': b'writing robot_status_leds.egg-info/PKG-INFO\n'}
[2.464155] (robot_status_leds) StdoutLine: {'line': b'writing dependency_links to robot_status_leds.egg-info/dependency_links.txt\n'}
[2.464264] (robot_status_leds) StdoutLine: {'line': b'writing entry points to robot_status_leds.egg-info/entry_points.txt\n'}
[2.464362] (robot_status_leds) StdoutLine: {'line': b'writing requirements to robot_status_leds.egg-info/requires.txt\n'}
[2.464460] (robot_status_leds) StdoutLine: {'line': b'writing top-level names to robot_status_leds.egg-info/top_level.txt\n'}
[2.464586] (robot_status_leds) StdoutLine: {'line': b"writing manifest file 'robot_status_leds.egg-info/SOURCES.txt'\n"}
[2.464698] (robot_status_leds) StdoutLine: {'line': b"reading manifest file 'robot_status_leds.egg-info/SOURCES.txt'\n"}
[2.464806] (robot_status_leds) StdoutLine: {'line': b"writing manifest file 'robot_status_leds.egg-info/SOURCES.txt'\n"}
[2.464916] (robot_status_leds) StdoutLine: {'line': b'running build_ext\n'}
[2.465028] (robot_status_leds) StdoutLine: {'line': b'Creating /home/msd/MSD2/REV4/install/robot_status_leds/lib/python3.10/site-packages/robot-status-leds.egg-link (link to .)\n'}
[2.465157] (robot_status_leds) StdoutLine: {'line': b'Installing led_state_node script to /home/msd/MSD2/REV4/install/robot_status_leds/lib/robot_status_leds\n'}
[2.465274] (robot_status_leds) StdoutLine: {'line': b'\n'}
[2.465386] (robot_status_leds) StdoutLine: {'line': b'Installed /home/msd/MSD2/REV4/build/robot_status_leds\n'}
[2.465514] (robot_status_leds) StdoutLine: {'line': b'running symlink_data\n'}
[2.465645] (robot_status_leds) StdoutLine: {'line': b'creating /home/msd/MSD2/REV4/install/robot_status_leds/share/ament_index\n'}
[2.465757] (robot_status_leds) StdoutLine: {'line': b'creating /home/msd/MSD2/REV4/install/robot_status_leds/share/ament_index/resource_index\n'}
[2.465859] (robot_status_leds) StdoutLine: {'line': b'creating /home/msd/MSD2/REV4/install/robot_status_leds/share/ament_index/resource_index/packages\n'}
[2.465971] (robot_status_leds) StdoutLine: {'line': b'symbolically linking /home/msd/MSD2/REV4/build/robot_status_leds/resource/robot_status_leds -> /home/msd/MSD2/REV4/install/robot_status_leds/share/ament_index/resource_index/packages\n'}
[2.466074] (robot_status_leds) StdoutLine: {'line': b'symbolically linking /home/msd/MSD2/REV4/build/robot_status_leds/package.xml -> /home/msd/MSD2/REV4/install/robot_status_leds/share/robot_status_leds\n'}
[2.470719] (spotarm_assembly_description) CommandEnded: {'returncode': 0}
[2.484489] (spotarm_assembly_description) JobEnded: {'identifier': 'spotarm_assembly_description', 'rc': 0}
[2.485473] (robot_moveit_config) JobStarted: {'identifier': 'robot_moveit_config'}
[2.505695] (robot_moveit_config) JobProgress: {'identifier': 'robot_moveit_config', 'progress': 'cmake'}
[2.510826] (robot_moveit_config) Command: {'cmd': ['/usr/bin/cmake', '/home/msd/MSD2/REV4/src/robot_moveit_config', '-DAMENT_CMAKE_SYMLINK_INSTALL=1', '-DCMAKE_INSTALL_PREFIX=/home/msd/MSD2/REV4/install/robot_moveit_config'], 'cwd': '/home/msd/MSD2/REV4/build/robot_moveit_config', 'env': OrderedDict([('LESSOPEN', '| /usr/bin/lesspipe %s'), ('USER', 'msd'), ('XDG_SESSION_TYPE', 'wayland'), ('SHLVL', '1'), ('LD_LIBRARY_PATH', '/opt/ros/humble/opt/rviz_ogre_vendor/lib:/opt/ros/humble/lib/x86_64-linux-gnu:/opt/ros/humble/lib'), ('HOME', '/home/msd'), ('OLDPWD', '/home/msd/MSD2/REV4'), ('DESKTOP_SESSION', 'ubuntu'), ('ROS_PYTHON_VERSION', '3'), ('GNOME_SHELL_SESSION_MODE', 'ubuntu'), ('GTK_MODULES', 'gail:atk-bridge'), ('SYSTEMD_EXEC_PID', '1554'), ('DBUS_SESSION_BUS_ADDRESS', 'unix:path=/run/user/1000/bus'), ('COLORTERM', 'truecolor'), ('IM_CONFIG_PHASE', '1'), ('WAYLAND_DISPLAY', 'wayland-0'), ('COLCON_PREFIX_PATH', '/home/msd/MSD2/REV4/install'), ('ROS_DISTRO', 'humble'), ('LOGNAME', 'msd'), ('_', '/usr/bin/colcon'), ('ROS_VERSION', '2'), ('XDG_SESSION_CLASS', 'user'), ('USERNAME', 'msd'), ('TERM', 'xterm-256color'), ('GNOME_DESKTOP_SESSION_ID', 'this-is-deprecated'), ('ROS_LOCALHOST_ONLY', '0'), ('PATH', '/opt/ros/humble/bin:/usr/local/sbin:/usr/local/bin:/usr/sbin:/usr/bin:/sbin:/bin:/usr/games:/usr/local/games:/snap/bin:/snap/bin'), ('SESSION_MANAGER', 'local/msd-ThinkPad-E14:@/tmp/.ICE-unix/1525,unix/msd-ThinkPad-E14:/tmp/.ICE-unix/1525'), ('XDG_MENU_PREFIX', 'gnome-'), ('GNOME_TERMINAL_SCREEN', '/org/gnome/Terminal/screen/7158f50d_a2ac_433b_a426_8c4df8937725'), ('GNOME_SETUP_DISPLAY', ':1'), ('XDG_RUNTIME_DIR', '/run/user/1000'), ('DISPLAY', ':0'), ('LANG', 'en_US.UTF-8'), ('XDG_CURRENT_DESKTOP', 'ubuntu:GNOME'), ('XMODIFIERS', '@im=ibus'), ('XDG_SESSION_DESKTOP', 'ubuntu'), ('XAUTHORITY', '/run/user/1000/.mutter-Xwaylandauth.Q9KNN3'), ('LS_COLORS', 'rs=0:di=01;34:ln=01;36:mh=00:pi=40;33:so=01;35:do=01;35:bd=40;33;01:cd=40;33;01:or=40;31;01:mi=00:su=37;41:sg=30;43:ca=30;41:tw=30;42:ow=34;42:st=37;44:ex=01;32:*.tar=01;31:*.tgz=01;31:*.arc=01;31:*.arj=01;31:*.taz=01;31:*.lha=01;31:*.lz4=01;31:*.lzh=01;31:*.lzma=01;31:*.tlz=01;31:*.txz=01;31:*.tzo=01;31:*.t7z=01;31:*.zip=01;31:*.z=01;31:*.dz=01;31:*.gz=01;31:*.lrz=01;31:*.lz=01;31:*.lzo=01;31:*.xz=01;31:*.zst=01;31:*.tzst=01;31:*.bz2=01;31:*.bz=01;31:*.tbz=01;31:*.tbz2=01;31:*.tz=01;31:*.deb=01;31:*.rpm=01;31:*.jar=01;31:*.war=01;31:*.ear=01;31:*.sar=01;31:*.rar=01;31:*.alz=01;31:*.ace=01;31:*.zoo=01;31:*.cpio=01;31:*.7z=01;31:*.rz=01;31:*.cab=01;31:*.wim=01;31:*.swm=01;31:*.dwm=01;31:*.esd=01;31:*.jpg=01;35:*.jpeg=01;35:*.mjpg=01;35:*.mjpeg=01;35:*.gif=01;35:*.bmp=01;35:*.pbm=01;35:*.pgm=01;35:*.ppm=01;35:*.tga=01;35:*.xbm=01;35:*.xpm=01;35:*.tif=01;35:*.tiff=01;35:*.png=01;35:*.svg=01;35:*.svgz=01;35:*.mng=01;35:*.pcx=01;35:*.mov=01;35:*.mpg=01;35:*.mpeg=01;35:*.m2v=01;35:*.mkv=01;35:*.webm=01;35:*.webp=01;35:*.ogm=01;35:*.mp4=01;35:*.m4v=01;35:*.mp4v=01;35:*.vob=01;35:*.qt=01;35:*.nuv=01;35:*.wmv=01;35:*.asf=01;35:*.rm=01;35:*.rmvb=01;35:*.flc=01;35:*.avi=01;35:*.fli=01;35:*.flv=01;35:*.gl=01;35:*.dl=01;35:*.xcf=01;35:*.xwd=01;35:*.yuv=01;35:*.cgm=01;35:*.emf=01;35:*.ogv=01;35:*.ogx=01;35:*.aac=00;36:*.au=00;36:*.flac=00;36:*.m4a=00;36:*.mid=00;36:*.midi=00;36:*.mka=00;36:*.mp3=00;36:*.mpc=00;36:*.ogg=00;36:*.ra=00;36:*.wav=00;36:*.oga=00;36:*.opus=00;36:*.spx=00;36:*.xspf=00;36:'), ('GNOME_TERMINAL_SERVICE', ':1.325'), ('SSH_AGENT_LAUNCHER', 'gnome-keyring'), ('SSH_AUTH_SOCK', '/run/user/1000/keyring/ssh'), ('AMENT_PREFIX_PATH', '/home/msd/MSD2/REV4/install/spotarm_assembly_description:/home/msd/MSD2/REV4/install/gear_manipulator_moveit_config:/home/msd/MSD2/REV4/install/my_robot:/home/msd/MSD2/REV4/install/motor_bridge:/opt/ros/humble'), ('SHELL', '/bin/bash'), ('QT_ACCESSIBILITY', '1'), ('GDMSESSION', 'ubuntu'), ('LESSCLOSE', '/usr/bin/lesspipe %s %s'), ('QT_IM_MODULE', 'ibus'), ('PWD', '/home/msd/MSD2/REV4/build/robot_moveit_config'), ('XDG_CONFIG_DIRS', '/etc/xdg/xdg-ubuntu:/etc/xdg'), ('XDG_DATA_DIRS', '/usr/share/ubuntu:/usr/local/share/:/usr/share/:/var/lib/snapd/desktop'), ('PYTHONPATH', '/home/msd/MSD2/REV4/build/spotarm_assembly_description:/home/msd/MSD2/REV4/install/spotarm_assembly_description/lib/python3.10/site-packages:/opt/ros/humble/lib/python3.10/site-packages:/opt/ros/humble/local/lib/python3.10/dist-packages'), ('COLCON', '1'), ('VTE_VERSION', '6800'), ('CMAKE_PREFIX_PATH', '/home/msd/MSD2/REV4/install/gear_manipulator_moveit_config:/home/msd/MSD2/REV4/install/motor_bridge:/home/msd/MSD2/REV4/install/my_robot:/opt/ros/humble')]), 'shell': False}
[2.517025] (-) TimerEvent: {}
[2.521789] (gear_manipulator_moveit_config) StdoutLine: {'line': b'-- The C compiler identification is GNU 11.4.0\n'}
[2.522175] (gear_manipulator_moveit_config) StdoutLine: {'line': b'-- The CXX compiler identification is GNU 11.4.0\n'}
[2.522335] (gear_manipulator_moveit_config) StdoutLine: {'line': b'-- Detecting C compiler ABI info\n'}
[2.522452] (gear_manipulator_moveit_config) StdoutLine: {'line': b'-- Detecting C compiler ABI info - done\n'}
[2.522578] (gear_manipulator_moveit_config) StdoutLine: {'line': b'-- Check for working C compiler: /usr/bin/cc - skipped\n'}
[2.522682] (gear_manipulator_moveit_config) StdoutLine: {'line': b'-- Detecting C compile features\n'}
[2.522785] (gear_manipulator_moveit_config) StdoutLine: {'line': b'-- Detecting C compile features - done\n'}
[2.522894] (gear_manipulator_moveit_config) StdoutLine: {'line': b'-- Detecting CXX compiler ABI info\n'}
[2.522996] (gear_manipulator_moveit_config) StdoutLine: {'line': b'-- Detecting CXX compiler ABI info - done\n'}
[2.523100] (gear_manipulator_moveit_config) StdoutLine: {'line': b'-- Check for working CXX compiler: /usr/bin/c++ - skipped\n'}
[2.523209] (gear_manipulator_moveit_config) StdoutLine: {'line': b'-- Detecting CXX compile features\n'}
[2.523318] (gear_manipulator_moveit_config) StdoutLine: {'line': b'-- Detecting CXX compile features - done\n'}
[2.523421] (gear_manipulator_moveit_config) StdoutLine: {'line': b'-- Found ament_cmake: 1.3.14 (/opt/ros/humble/share/ament_cmake/cmake)\n'}
[2.523539] (robot_status_leds) CommandEnded: {'returncode': 0}
[2.536181] (robot_status_leds) JobEnded: {'identifier': 'robot_status_leds', 'rc': 0}
[2.562206] (robot_commander) StdoutLine: {'line': b'-- Found Boost: /usr/lib/x86_64-linux-gnu/cmake/Boost-1.74.0/BoostConfig.cmake (found version "1.74.0") found components: chrono date_time filesystem iostreams program_options regex serialization system thread \n'}
[2.586273] (robot_hardware) StdoutLine: {'line': b'-- Found PkgConfig: /usr/bin/pkg-config (found version "0.29.2") \n'}
[2.587997] (stepper_test) StdoutLine: {'line': b'-- Performing Test CMAKE_HAVE_LIBC_PTHREAD - Success\n'}
[2.588324] (robot_hardware) StdoutLine: {'line': b"-- Checking for module 'libmodbus'\n"}
[2.588841] (stepper_test) StdoutLine: {'line': b'-- Found Threads: TRUE  \n'}
[2.609238] (robot_servoing) StdoutLine: {'line': b'-- Found moveit_core: 2.5.9 (/opt/ros/humble/share/moveit_core/cmake)\n'}
[2.609961] (robot_hardware) StdoutLine: {'line': b'--   Found libmodbus, version 3.1.6\n'}
[2.617162] (-) TimerEvent: {}
[2.641947] (gear_manipulator_moveit_config) StdoutLine: {'line': b'-- Found Python3: /usr/bin/python3 (found version "3.10.12") found components: Interpreter \n'}
[2.646155] (robot_commander) StdoutLine: {'line': b'-- Found parameter_traits: 0.7.1 (/opt/ros/humble/share/parameter_traits/cmake)\n'}
[2.657705] (robot_servoing) StdoutLine: {'line': b'-- Found Boost: /usr/lib/x86_64-linux-gnu/cmake/Boost-1.74.0/BoostConfig.cmake (found version "1.74.0") found components: chrono date_time filesystem iostreams program_options regex serialization system thread \n'}
[2.674563] (robot_commander) StdoutLine: {'line': b'-- Found rclcpp_lifecycle: 16.0.19 (/opt/ros/humble/share/rclcpp_lifecycle/cmake)\n'}
[2.717275] (-) TimerEvent: {}
[2.720053] (robot_commander) StdoutLine: {'line': b'-- Found Boost: /usr/lib/x86_64-linux-gnu/cmake/Boost-1.74.0/BoostConfig.cmake (found version "1.74.0") found components: filesystem \n'}
[2.732120] (robot_servoing) StdoutLine: {'line': b'-- Found Boost: /usr/lib/x86_64-linux-gnu/cmake/Boost-1.74.0/BoostConfig.cmake (found version "1.74.0") found components: filesystem \n'}
[2.763676] (stepper_test) StdoutLine: {'line': b'-- Configuring done\n'}
[2.771602] (gear_manipulator_moveit_config) StdoutLine: {'line': b'-- Override CMake install command with custom implementation using symlinks instead of copying resources\n'}
[2.777691] (stepper_test) StdoutLine: {'line': b'-- Generating done\n'}
[2.782172] (stepper_test) StdoutLine: {'line': b'-- Build files have been written to: /home/msd/MSD2/REV4/build/stepper_test\n'}
[2.797149] (robot_hardware) StdoutLine: {'line': b'-- Configuring done\n'}
[2.801919] (robot_moveit_config) StdoutLine: {'line': b'-- The C compiler identification is GNU 11.4.0\n'}
[2.802203] (robot_moveit_config) StdoutLine: {'line': b'-- The CXX compiler identification is GNU 11.4.0\n'}
[2.802318] (robot_moveit_config) StdoutLine: {'line': b'-- Detecting C compiler ABI info\n'}
[2.803959] (stepper_test) CommandEnded: {'returncode': 0}
[2.805438] (stepper_test) JobProgress: {'identifier': 'stepper_test', 'progress': 'build'}
[2.805515] (stepper_test) Command: {'cmd': ['/usr/bin/cmake', '--build', '/home/msd/MSD2/REV4/build/stepper_test', '--', '-j8', '-l8'], 'cwd': '/home/msd/MSD2/REV4/build/stepper_test', 'env': OrderedDict([('LESSOPEN', '| /usr/bin/lesspipe %s'), ('USER', 'msd'), ('XDG_SESSION_TYPE', 'wayland'), ('SHLVL', '1'), ('LD_LIBRARY_PATH', '/opt/ros/humble/opt/rviz_ogre_vendor/lib:/opt/ros/humble/lib/x86_64-linux-gnu:/opt/ros/humble/lib'), ('HOME', '/home/msd'), ('OLDPWD', '/home/msd/MSD2/REV4'), ('DESKTOP_SESSION', 'ubuntu'), ('ROS_PYTHON_VERSION', '3'), ('GNOME_SHELL_SESSION_MODE', 'ubuntu'), ('GTK_MODULES', 'gail:atk-bridge'), ('SYSTEMD_EXEC_PID', '1554'), ('DBUS_SESSION_BUS_ADDRESS', 'unix:path=/run/user/1000/bus'), ('COLORTERM', 'truecolor'), ('IM_CONFIG_PHASE', '1'), ('WAYLAND_DISPLAY', 'wayland-0'), ('COLCON_PREFIX_PATH', '/home/msd/MSD2/REV4/install'), ('ROS_DISTRO', 'humble'), ('LOGNAME', 'msd'), ('_', '/usr/bin/colcon'), ('ROS_VERSION', '2'), ('XDG_SESSION_CLASS', 'user'), ('USERNAME', 'msd'), ('TERM', 'xterm-256color'), ('GNOME_DESKTOP_SESSION_ID', 'this-is-deprecated'), ('ROS_LOCALHOST_ONLY', '0'), ('PATH', '/opt/ros/humble/bin:/usr/local/sbin:/usr/local/bin:/usr/sbin:/usr/bin:/sbin:/bin:/usr/games:/usr/local/games:/snap/bin:/snap/bin'), ('SESSION_MANAGER', 'local/msd-ThinkPad-E14:@/tmp/.ICE-unix/1525,unix/msd-ThinkPad-E14:/tmp/.ICE-unix/1525'), ('XDG_MENU_PREFIX', 'gnome-'), ('GNOME_TERMINAL_SCREEN', '/org/gnome/Terminal/screen/7158f50d_a2ac_433b_a426_8c4df8937725'), ('GNOME_SETUP_DISPLAY', ':1'), ('XDG_RUNTIME_DIR', '/run/user/1000'), ('DISPLAY', ':0'), ('LANG', 'en_US.UTF-8'), ('XDG_CURRENT_DESKTOP', 'ubuntu:GNOME'), ('XMODIFIERS', '@im=ibus'), ('XDG_SESSION_DESKTOP', 'ubuntu'), ('XAUTHORITY', '/run/user/1000/.mutter-Xwaylandauth.Q9KNN3'), ('LS_COLORS', 'rs=0:di=01;34:ln=01;36:mh=00:pi=40;33:so=01;35:do=01;35:bd=40;33;01:cd=40;33;01:or=40;31;01:mi=00:su=37;41:sg=30;43:ca=30;41:tw=30;42:ow=34;42:st=37;44:ex=01;32:*.tar=01;31:*.tgz=01;31:*.arc=01;31:*.arj=01;31:*.taz=01;31:*.lha=01;31:*.lz4=01;31:*.lzh=01;31:*.lzma=01;31:*.tlz=01;31:*.txz=01;31:*.tzo=01;31:*.t7z=01;31:*.zip=01;31:*.z=01;31:*.dz=01;31:*.gz=01;31:*.lrz=01;31:*.lz=01;31:*.lzo=01;31:*.xz=01;31:*.zst=01;31:*.tzst=01;31:*.bz2=01;31:*.bz=01;31:*.tbz=01;31:*.tbz2=01;31:*.tz=01;31:*.deb=01;31:*.rpm=01;31:*.jar=01;31:*.war=01;31:*.ear=01;31:*.sar=01;31:*.rar=01;31:*.alz=01;31:*.ace=01;31:*.zoo=01;31:*.cpio=01;31:*.7z=01;31:*.rz=01;31:*.cab=01;31:*.wim=01;31:*.swm=01;31:*.dwm=01;31:*.esd=01;31:*.jpg=01;35:*.jpeg=01;35:*.mjpg=01;35:*.mjpeg=01;35:*.gif=01;35:*.bmp=01;35:*.pbm=01;35:*.pgm=01;35:*.ppm=01;35:*.tga=01;35:*.xbm=01;35:*.xpm=01;35:*.tif=01;35:*.tiff=01;35:*.png=01;35:*.svg=01;35:*.svgz=01;35:*.mng=01;35:*.pcx=01;35:*.mov=01;35:*.mpg=01;35:*.mpeg=01;35:*.m2v=01;35:*.mkv=01;35:*.webm=01;35:*.webp=01;35:*.ogm=01;35:*.mp4=01;35:*.m4v=01;35:*.mp4v=01;35:*.vob=01;35:*.qt=01;35:*.nuv=01;35:*.wmv=01;35:*.asf=01;35:*.rm=01;35:*.rmvb=01;35:*.flc=01;35:*.avi=01;35:*.fli=01;35:*.flv=01;35:*.gl=01;35:*.dl=01;35:*.xcf=01;35:*.xwd=01;35:*.yuv=01;35:*.cgm=01;35:*.emf=01;35:*.ogv=01;35:*.ogx=01;35:*.aac=00;36:*.au=00;36:*.flac=00;36:*.m4a=00;36:*.mid=00;36:*.midi=00;36:*.mka=00;36:*.mp3=00;36:*.mpc=00;36:*.ogg=00;36:*.ra=00;36:*.wav=00;36:*.oga=00;36:*.opus=00;36:*.spx=00;36:*.xspf=00;36:'), ('GNOME_TERMINAL_SERVICE', ':1.325'), ('SSH_AGENT_LAUNCHER', 'gnome-keyring'), ('SSH_AUTH_SOCK', '/run/user/1000/keyring/ssh'), ('AMENT_PREFIX_PATH', '/home/msd/MSD2/REV4/install/gear_manipulator_moveit_config:/home/msd/MSD2/REV4/install/my_robot:/home/msd/MSD2/REV4/install/motor_bridge:/opt/ros/humble'), ('SHELL', '/bin/bash'), ('QT_ACCESSIBILITY', '1'), ('GDMSESSION', 'ubuntu'), ('LESSCLOSE', '/usr/bin/lesspipe %s %s'), ('QT_IM_MODULE', 'ibus'), ('PWD', '/home/msd/MSD2/REV4/build/stepper_test'), ('XDG_CONFIG_DIRS', '/etc/xdg/xdg-ubuntu:/etc/xdg'), ('XDG_DATA_DIRS', '/usr/share/ubuntu:/usr/local/share/:/usr/share/:/var/lib/snapd/desktop'), ('PYTHONPATH', '/opt/ros/humble/lib/python3.10/site-packages:/opt/ros/humble/local/lib/python3.10/dist-packages'), ('COLCON', '1'), ('VTE_VERSION', '6800'), ('CMAKE_PREFIX_PATH', '/home/msd/MSD2/REV4/install/gear_manipulator_moveit_config:/home/msd/MSD2/REV4/install/motor_bridge:/home/msd/MSD2/REV4/install/my_robot:/opt/ros/humble')]), 'shell': False}
[2.817388] (-) TimerEvent: {}
[2.818923] (robot_moveit_config) StdoutLine: {'line': b'-- Detecting C compiler ABI info - done\n'}
[2.819462] (robot_hardware) StdoutLine: {'line': b'-- Generating done\n'}
[2.829755] (robot_hardware) StdoutLine: {'line': b'-- Build files have been written to: /home/msd/MSD2/REV4/build/robot_hardware\n'}
[2.830713] (robot_moveit_config) StdoutLine: {'line': b'-- Check for working C compiler: /usr/bin/cc - skipped\n'}
[2.830977] (robot_moveit_config) StdoutLine: {'line': b'-- Detecting C compile features\n'}
[2.831109] (robot_moveit_config) StdoutLine: {'line': b'-- Detecting C compile features - done\n'}
[2.835416] (robot_moveit_config) StdoutLine: {'line': b'-- Detecting CXX compiler ABI info\n'}
[2.857893] (robot_hardware) CommandEnded: {'returncode': 0}
[2.858654] (robot_hardware) JobProgress: {'identifier': 'robot_hardware', 'progress': 'build'}
[2.858717] (robot_hardware) Command: {'cmd': ['/usr/bin/cmake', '--build', '/home/msd/MSD2/REV4/build/robot_hardware', '--', '-j8', '-l8'], 'cwd': '/home/msd/MSD2/REV4/build/robot_hardware', 'env': OrderedDict([('LESSOPEN', '| /usr/bin/lesspipe %s'), ('USER', 'msd'), ('XDG_SESSION_TYPE', 'wayland'), ('SHLVL', '1'), ('LD_LIBRARY_PATH', '/opt/ros/humble/opt/rviz_ogre_vendor/lib:/opt/ros/humble/lib/x86_64-linux-gnu:/opt/ros/humble/lib'), ('HOME', '/home/msd'), ('OLDPWD', '/home/msd/MSD2/REV4'), ('DESKTOP_SESSION', 'ubuntu'), ('ROS_PYTHON_VERSION', '3'), ('GNOME_SHELL_SESSION_MODE', 'ubuntu'), ('GTK_MODULES', 'gail:atk-bridge'), ('SYSTEMD_EXEC_PID', '1554'), ('DBUS_SESSION_BUS_ADDRESS', 'unix:path=/run/user/1000/bus'), ('COLORTERM', 'truecolor'), ('IM_CONFIG_PHASE', '1'), ('WAYLAND_DISPLAY', 'wayland-0'), ('COLCON_PREFIX_PATH', '/home/msd/MSD2/REV4/install'), ('ROS_DISTRO', 'humble'), ('LOGNAME', 'msd'), ('_', '/usr/bin/colcon'), ('ROS_VERSION', '2'), ('XDG_SESSION_CLASS', 'user'), ('USERNAME', 'msd'), ('TERM', 'xterm-256color'), ('GNOME_DESKTOP_SESSION_ID', 'this-is-deprecated'), ('ROS_LOCALHOST_ONLY', '0'), ('PATH', '/opt/ros/humble/bin:/usr/local/sbin:/usr/local/bin:/usr/sbin:/usr/bin:/sbin:/bin:/usr/games:/usr/local/games:/snap/bin:/snap/bin'), ('SESSION_MANAGER', 'local/msd-ThinkPad-E14:@/tmp/.ICE-unix/1525,unix/msd-ThinkPad-E14:/tmp/.ICE-unix/1525'), ('XDG_MENU_PREFIX', 'gnome-'), ('GNOME_TERMINAL_SCREEN', '/org/gnome/Terminal/screen/7158f50d_a2ac_433b_a426_8c4df8937725'), ('GNOME_SETUP_DISPLAY', ':1'), ('XDG_RUNTIME_DIR', '/run/user/1000'), ('DISPLAY', ':0'), ('LANG', 'en_US.UTF-8'), ('XDG_CURRENT_DESKTOP', 'ubuntu:GNOME'), ('XMODIFIERS', '@im=ibus'), ('XDG_SESSION_DESKTOP', 'ubuntu'), ('XAUTHORITY', '/run/user/1000/.mutter-Xwaylandauth.Q9KNN3'), ('LS_COLORS', 'rs=0:di=01;34:ln=01;36:mh=00:pi=40;33:so=01;35:do=01;35:bd=40;33;01:cd=40;33;01:or=40;31;01:mi=00:su=37;41:sg=30;43:ca=30;41:tw=30;42:ow=34;42:st=37;44:ex=01;32:*.tar=01;31:*.tgz=01;31:*.arc=01;31:*.arj=01;31:*.taz=01;31:*.lha=01;31:*.lz4=01;31:*.lzh=01;31:*.lzma=01;31:*.tlz=01;31:*.txz=01;31:*.tzo=01;31:*.t7z=01;31:*.zip=01;31:*.z=01;31:*.dz=01;31:*.gz=01;31:*.lrz=01;31:*.lz=01;31:*.lzo=01;31:*.xz=01;31:*.zst=01;31:*.tzst=01;31:*.bz2=01;31:*.bz=01;31:*.tbz=01;31:*.tbz2=01;31:*.tz=01;31:*.deb=01;31:*.rpm=01;31:*.jar=01;31:*.war=01;31:*.ear=01;31:*.sar=01;31:*.rar=01;31:*.alz=01;31:*.ace=01;31:*.zoo=01;31:*.cpio=01;31:*.7z=01;31:*.rz=01;31:*.cab=01;31:*.wim=01;31:*.swm=01;31:*.dwm=01;31:*.esd=01;31:*.jpg=01;35:*.jpeg=01;35:*.mjpg=01;35:*.mjpeg=01;35:*.gif=01;35:*.bmp=01;35:*.pbm=01;35:*.pgm=01;35:*.ppm=01;35:*.tga=01;35:*.xbm=01;35:*.xpm=01;35:*.tif=01;35:*.tiff=01;35:*.png=01;35:*.svg=01;35:*.svgz=01;35:*.mng=01;35:*.pcx=01;35:*.mov=01;35:*.mpg=01;35:*.mpeg=01;35:*.m2v=01;35:*.mkv=01;35:*.webm=01;35:*.webp=01;35:*.ogm=01;35:*.mp4=01;35:*.m4v=01;35:*.mp4v=01;35:*.vob=01;35:*.qt=01;35:*.nuv=01;35:*.wmv=01;35:*.asf=01;35:*.rm=01;35:*.rmvb=01;35:*.flc=01;35:*.avi=01;35:*.fli=01;35:*.flv=01;35:*.gl=01;35:*.dl=01;35:*.xcf=01;35:*.xwd=01;35:*.yuv=01;35:*.cgm=01;35:*.emf=01;35:*.ogv=01;35:*.ogx=01;35:*.aac=00;36:*.au=00;36:*.flac=00;36:*.m4a=00;36:*.mid=00;36:*.midi=00;36:*.mka=00;36:*.mp3=00;36:*.mpc=00;36:*.ogg=00;36:*.ra=00;36:*.wav=00;36:*.oga=00;36:*.opus=00;36:*.spx=00;36:*.xspf=00;36:'), ('GNOME_TERMINAL_SERVICE', ':1.325'), ('SSH_AGENT_LAUNCHER', 'gnome-keyring'), ('SSH_AUTH_SOCK', '/run/user/1000/keyring/ssh'), ('AMENT_PREFIX_PATH', '/home/msd/MSD2/REV4/install/gear_manipulator_moveit_config:/home/msd/MSD2/REV4/install/my_robot:/home/msd/MSD2/REV4/install/motor_bridge:/opt/ros/humble'), ('SHELL', '/bin/bash'), ('QT_ACCESSIBILITY', '1'), ('GDMSESSION', 'ubuntu'), ('LESSCLOSE', '/usr/bin/lesspipe %s %s'), ('QT_IM_MODULE', 'ibus'), ('PWD', '/home/msd/MSD2/REV4/build/robot_hardware'), ('XDG_CONFIG_DIRS', '/etc/xdg/xdg-ubuntu:/etc/xdg'), ('XDG_DATA_DIRS', '/usr/share/ubuntu:/usr/local/share/:/usr/share/:/var/lib/snapd/desktop'), ('PYTHONPATH', '/opt/ros/humble/lib/python3.10/site-packages:/opt/ros/humble/local/lib/python3.10/dist-packages'), ('COLCON', '1'), ('VTE_VERSION', '6800'), ('CMAKE_PREFIX_PATH', '/home/msd/MSD2/REV4/install/gear_manipulator_moveit_config:/home/msd/MSD2/REV4/install/motor_bridge:/home/msd/MSD2/REV4/install/my_robot:/opt/ros/humble')]), 'shell': False}
[2.871566] (robot_servoing) StdoutLine: {'line': b'-- library: /usr/lib/x86_64-linux-gnu/libcurl.so\n'}
[2.871802] (robot_commander) StdoutLine: {'line': b'-- library: /usr/lib/x86_64-linux-gnu/libcurl.so\n'}
[2.878130] (stepper_test) StdoutLine: {'line': b'[ 33%] \x1b[32mBuilding CXX object CMakeFiles/motor_key.dir/src/motor_key.cpp.o\x1b[0m\n'}
[2.879360] (stepper_test) StdoutLine: {'line': b'[ 66%] \x1b[32mBuilding CXX object CMakeFiles/motor_key.dir/src/ICLStepper.cpp.o\x1b[0m\n'}
[2.917533] (-) TimerEvent: {}
[2.948687] (robot_commander) StdoutLine: {'line': b'-- Found Eigen3: TRUE (found version "3.4.0") \n'}
[2.949770] (gear_manipulator_moveit_config) StdoutLine: {'line': b'-- Configuring done\n'}
[2.952400] (gear_manipulator_moveit_config) StdoutLine: {'line': b'-- Generating done\n'}
[2.955514] (gear_manipulator_moveit_config) StdoutLine: {'line': b'-- Build files have been written to: /home/msd/MSD2/REV4/build/gear_manipulator_moveit_config\n'}
[2.958857] (robot_commander) StdoutLine: {'line': b'-- Ensuring Eigen3 include directory is part of orocos-kdl CMake target\n'}
[2.967963] (robot_hardware) StdoutLine: {'line': b'[ 33%] \x1b[32mBuilding CXX object CMakeFiles/robot_hardware_arm.dir/src/ICLStepper.cpp.o\x1b[0m\n'}
[2.968189] (robot_hardware) StdoutLine: {'line': b'[ 66%] \x1b[32mBuilding CXX object CMakeFiles/robot_hardware_arm.dir/src/arm_hardware_interface.cpp.o\x1b[0m\n'}
[2.968570] (robot_servoing) StdoutLine: {'line': b'-- Found Eigen3: TRUE (found version "3.4.0") \n'}
[2.968725] (robot_servoing) StdoutLine: {'line': b'-- Ensuring Eigen3 include directory is part of orocos-kdl CMake target\n'}
[2.974742] (gear_manipulator_moveit_config) CommandEnded: {'returncode': 0}
[2.975314] (gear_manipulator_moveit_config) JobProgress: {'identifier': 'gear_manipulator_moveit_config', 'progress': 'build'}
[2.975358] (gear_manipulator_moveit_config) Command: {'cmd': ['/usr/bin/cmake', '--build', '/home/msd/MSD2/REV4/build/gear_manipulator_moveit_config', '--', '-j8', '-l8'], 'cwd': '/home/msd/MSD2/REV4/build/gear_manipulator_moveit_config', 'env': OrderedDict([('LESSOPEN', '| /usr/bin/lesspipe %s'), ('USER', 'msd'), ('XDG_SESSION_TYPE', 'wayland'), ('SHLVL', '1'), ('LD_LIBRARY_PATH', '/opt/ros/humble/opt/rviz_ogre_vendor/lib:/opt/ros/humble/lib/x86_64-linux-gnu:/opt/ros/humble/lib'), ('HOME', '/home/msd'), ('OLDPWD', '/home/msd/MSD2/REV4'), ('DESKTOP_SESSION', 'ubuntu'), ('ROS_PYTHON_VERSION', '3'), ('GNOME_SHELL_SESSION_MODE', 'ubuntu'), ('GTK_MODULES', 'gail:atk-bridge'), ('SYSTEMD_EXEC_PID', '1554'), ('DBUS_SESSION_BUS_ADDRESS', 'unix:path=/run/user/1000/bus'), ('COLORTERM', 'truecolor'), ('IM_CONFIG_PHASE', '1'), ('WAYLAND_DISPLAY', 'wayland-0'), ('COLCON_PREFIX_PATH', '/home/msd/MSD2/REV4/install'), ('ROS_DISTRO', 'humble'), ('LOGNAME', 'msd'), ('_', '/usr/bin/colcon'), ('ROS_VERSION', '2'), ('XDG_SESSION_CLASS', 'user'), ('USERNAME', 'msd'), ('TERM', 'xterm-256color'), ('GNOME_DESKTOP_SESSION_ID', 'this-is-deprecated'), ('ROS_LOCALHOST_ONLY', '0'), ('PATH', '/opt/ros/humble/bin:/usr/local/sbin:/usr/local/bin:/usr/sbin:/usr/bin:/sbin:/bin:/usr/games:/usr/local/games:/snap/bin:/snap/bin'), ('SESSION_MANAGER', 'local/msd-ThinkPad-E14:@/tmp/.ICE-unix/1525,unix/msd-ThinkPad-E14:/tmp/.ICE-unix/1525'), ('XDG_MENU_PREFIX', 'gnome-'), ('GNOME_TERMINAL_SCREEN', '/org/gnome/Terminal/screen/7158f50d_a2ac_433b_a426_8c4df8937725'), ('GNOME_SETUP_DISPLAY', ':1'), ('XDG_RUNTIME_DIR', '/run/user/1000'), ('DISPLAY', ':0'), ('LANG', 'en_US.UTF-8'), ('XDG_CURRENT_DESKTOP', 'ubuntu:GNOME'), ('XMODIFIERS', '@im=ibus'), ('XDG_SESSION_DESKTOP', 'ubuntu'), ('XAUTHORITY', '/run/user/1000/.mutter-Xwaylandauth.Q9KNN3'), ('LS_COLORS', 'rs=0:di=01;34:ln=01;36:mh=00:pi=40;33:so=01;35:do=01;35:bd=40;33;01:cd=40;33;01:or=40;31;01:mi=00:su=37;41:sg=30;43:ca=30;41:tw=30;42:ow=34;42:st=37;44:ex=01;32:*.tar=01;31:*.tgz=01;31:*.arc=01;31:*.arj=01;31:*.taz=01;31:*.lha=01;31:*.lz4=01;31:*.lzh=01;31:*.lzma=01;31:*.tlz=01;31:*.txz=01;31:*.tzo=01;31:*.t7z=01;31:*.zip=01;31:*.z=01;31:*.dz=01;31:*.gz=01;31:*.lrz=01;31:*.lz=01;31:*.lzo=01;31:*.xz=01;31:*.zst=01;31:*.tzst=01;31:*.bz2=01;31:*.bz=01;31:*.tbz=01;31:*.tbz2=01;31:*.tz=01;31:*.deb=01;31:*.rpm=01;31:*.jar=01;31:*.war=01;31:*.ear=01;31:*.sar=01;31:*.rar=01;31:*.alz=01;31:*.ace=01;31:*.zoo=01;31:*.cpio=01;31:*.7z=01;31:*.rz=01;31:*.cab=01;31:*.wim=01;31:*.swm=01;31:*.dwm=01;31:*.esd=01;31:*.jpg=01;35:*.jpeg=01;35:*.mjpg=01;35:*.mjpeg=01;35:*.gif=01;35:*.bmp=01;35:*.pbm=01;35:*.pgm=01;35:*.ppm=01;35:*.tga=01;35:*.xbm=01;35:*.xpm=01;35:*.tif=01;35:*.tiff=01;35:*.png=01;35:*.svg=01;35:*.svgz=01;35:*.mng=01;35:*.pcx=01;35:*.mov=01;35:*.mpg=01;35:*.mpeg=01;35:*.m2v=01;35:*.mkv=01;35:*.webm=01;35:*.webp=01;35:*.ogm=01;35:*.mp4=01;35:*.m4v=01;35:*.mp4v=01;35:*.vob=01;35:*.qt=01;35:*.nuv=01;35:*.wmv=01;35:*.asf=01;35:*.rm=01;35:*.rmvb=01;35:*.flc=01;35:*.avi=01;35:*.fli=01;35:*.flv=01;35:*.gl=01;35:*.dl=01;35:*.xcf=01;35:*.xwd=01;35:*.yuv=01;35:*.cgm=01;35:*.emf=01;35:*.ogv=01;35:*.ogx=01;35:*.aac=00;36:*.au=00;36:*.flac=00;36:*.m4a=00;36:*.mid=00;36:*.midi=00;36:*.mka=00;36:*.mp3=00;36:*.mpc=00;36:*.ogg=00;36:*.ra=00;36:*.wav=00;36:*.oga=00;36:*.opus=00;36:*.spx=00;36:*.xspf=00;36:'), ('GNOME_TERMINAL_SERVICE', ':1.325'), ('SSH_AGENT_LAUNCHER', 'gnome-keyring'), ('SSH_AUTH_SOCK', '/run/user/1000/keyring/ssh'), ('AMENT_PREFIX_PATH', '/home/msd/MSD2/REV4/install/gear_manipulator_moveit_config:/home/msd/MSD2/REV4/install/my_robot:/home/msd/MSD2/REV4/install/motor_bridge:/opt/ros/humble'), ('SHELL', '/bin/bash'), ('QT_ACCESSIBILITY', '1'), ('GDMSESSION', 'ubuntu'), ('LESSCLOSE', '/usr/bin/lesspipe %s %s'), ('QT_IM_MODULE', 'ibus'), ('PWD', '/home/msd/MSD2/REV4/build/gear_manipulator_moveit_config'), ('XDG_CONFIG_DIRS', '/etc/xdg/xdg-ubuntu:/etc/xdg'), ('XDG_DATA_DIRS', '/usr/share/ubuntu:/usr/local/share/:/usr/share/:/var/lib/snapd/desktop'), ('PYTHONPATH', '/opt/ros/humble/lib/python3.10/site-packages:/opt/ros/humble/local/lib/python3.10/dist-packages'), ('COLCON', '1'), ('VTE_VERSION', '6800'), ('CMAKE_PREFIX_PATH', '/home/msd/MSD2/REV4/install/my_robot:/home/msd/MSD2/REV4/install/gear_manipulator_moveit_config:/home/msd/MSD2/REV4/install/motor_bridge:/opt/ros/humble')]), 'shell': False}
[2.976493] (robot_moveit_config) StdoutLine: {'line': b'-- Detecting CXX compiler ABI info - done\n'}
[2.997880] (robot_moveit_config) StdoutLine: {'line': b'-- Check for working CXX compiler: /usr/bin/c++ - skipped\n'}
[2.998263] (robot_moveit_config) StdoutLine: {'line': b'-- Detecting CXX compile features\n'}
[2.999121] (robot_moveit_config) StdoutLine: {'line': b'-- Detecting CXX compile features - done\n'}
[3.002776] (robot_moveit_config) StdoutLine: {'line': b'-- Found ament_cmake: 1.3.14 (/opt/ros/humble/share/ament_cmake/cmake)\n'}
[3.017643] (-) TimerEvent: {}
[3.056873] (marge) StdoutLine: {'line': b'[100%] \x1b[32m\x1b[1mLinking CXX executable homer\x1b[0m\n'}
[3.117775] (-) TimerEvent: {}
[3.216596] (marge) StdoutLine: {'line': b'[100%] Built target homer\n'}
[3.217867] (-) TimerEvent: {}
[3.232369] (marge) CommandEnded: {'returncode': 0}
[3.238276] (marge) JobProgress: {'identifier': 'marge', 'progress': 'install'}
[3.238536] (marge) Command: {'cmd': ['/usr/bin/cmake', '--install', '/home/msd/MSD2/REV4/build/marge'], 'cwd': '/home/msd/MSD2/REV4/build/marge', 'env': OrderedDict([('LESSOPEN', '| /usr/bin/lesspipe %s'), ('USER', 'msd'), ('XDG_SESSION_TYPE', 'wayland'), ('SHLVL', '1'), ('LD_LIBRARY_PATH', '/opt/ros/humble/opt/rviz_ogre_vendor/lib:/opt/ros/humble/lib/x86_64-linux-gnu:/opt/ros/humble/lib'), ('HOME', '/home/msd'), ('OLDPWD', '/home/msd/MSD2/REV4'), ('DESKTOP_SESSION', 'ubuntu'), ('ROS_PYTHON_VERSION', '3'), ('GNOME_SHELL_SESSION_MODE', 'ubuntu'), ('GTK_MODULES', 'gail:atk-bridge'), ('SYSTEMD_EXEC_PID', '1554'), ('DBUS_SESSION_BUS_ADDRESS', 'unix:path=/run/user/1000/bus'), ('COLORTERM', 'truecolor'), ('IM_CONFIG_PHASE', '1'), ('WAYLAND_DISPLAY', 'wayland-0'), ('COLCON_PREFIX_PATH', '/home/msd/MSD2/REV4/install'), ('ROS_DISTRO', 'humble'), ('LOGNAME', 'msd'), ('_', '/usr/bin/colcon'), ('ROS_VERSION', '2'), ('XDG_SESSION_CLASS', 'user'), ('USERNAME', 'msd'), ('TERM', 'xterm-256color'), ('GNOME_DESKTOP_SESSION_ID', 'this-is-deprecated'), ('ROS_LOCALHOST_ONLY', '0'), ('PATH', '/opt/ros/humble/bin:/usr/local/sbin:/usr/local/bin:/usr/sbin:/usr/bin:/sbin:/bin:/usr/games:/usr/local/games:/snap/bin:/snap/bin'), ('SESSION_MANAGER', 'local/msd-ThinkPad-E14:@/tmp/.ICE-unix/1525,unix/msd-ThinkPad-E14:/tmp/.ICE-unix/1525'), ('XDG_MENU_PREFIX', 'gnome-'), ('GNOME_TERMINAL_SCREEN', '/org/gnome/Terminal/screen/7158f50d_a2ac_433b_a426_8c4df8937725'), ('GNOME_SETUP_DISPLAY', ':1'), ('XDG_RUNTIME_DIR', '/run/user/1000'), ('DISPLAY', ':0'), ('LANG', 'en_US.UTF-8'), ('XDG_CURRENT_DESKTOP', 'ubuntu:GNOME'), ('XMODIFIERS', '@im=ibus'), ('XDG_SESSION_DESKTOP', 'ubuntu'), ('XAUTHORITY', '/run/user/1000/.mutter-Xwaylandauth.Q9KNN3'), ('LS_COLORS', 'rs=0:di=01;34:ln=01;36:mh=00:pi=40;33:so=01;35:do=01;35:bd=40;33;01:cd=40;33;01:or=40;31;01:mi=00:su=37;41:sg=30;43:ca=30;41:tw=30;42:ow=34;42:st=37;44:ex=01;32:*.tar=01;31:*.tgz=01;31:*.arc=01;31:*.arj=01;31:*.taz=01;31:*.lha=01;31:*.lz4=01;31:*.lzh=01;31:*.lzma=01;31:*.tlz=01;31:*.txz=01;31:*.tzo=01;31:*.t7z=01;31:*.zip=01;31:*.z=01;31:*.dz=01;31:*.gz=01;31:*.lrz=01;31:*.lz=01;31:*.lzo=01;31:*.xz=01;31:*.zst=01;31:*.tzst=01;31:*.bz2=01;31:*.bz=01;31:*.tbz=01;31:*.tbz2=01;31:*.tz=01;31:*.deb=01;31:*.rpm=01;31:*.jar=01;31:*.war=01;31:*.ear=01;31:*.sar=01;31:*.rar=01;31:*.alz=01;31:*.ace=01;31:*.zoo=01;31:*.cpio=01;31:*.7z=01;31:*.rz=01;31:*.cab=01;31:*.wim=01;31:*.swm=01;31:*.dwm=01;31:*.esd=01;31:*.jpg=01;35:*.jpeg=01;35:*.mjpg=01;35:*.mjpeg=01;35:*.gif=01;35:*.bmp=01;35:*.pbm=01;35:*.pgm=01;35:*.ppm=01;35:*.tga=01;35:*.xbm=01;35:*.xpm=01;35:*.tif=01;35:*.tiff=01;35:*.png=01;35:*.svg=01;35:*.svgz=01;35:*.mng=01;35:*.pcx=01;35:*.mov=01;35:*.mpg=01;35:*.mpeg=01;35:*.m2v=01;35:*.mkv=01;35:*.webm=01;35:*.webp=01;35:*.ogm=01;35:*.mp4=01;35:*.m4v=01;35:*.mp4v=01;35:*.vob=01;35:*.qt=01;35:*.nuv=01;35:*.wmv=01;35:*.asf=01;35:*.rm=01;35:*.rmvb=01;35:*.flc=01;35:*.avi=01;35:*.fli=01;35:*.flv=01;35:*.gl=01;35:*.dl=01;35:*.xcf=01;35:*.xwd=01;35:*.yuv=01;35:*.cgm=01;35:*.emf=01;35:*.ogv=01;35:*.ogx=01;35:*.aac=00;36:*.au=00;36:*.flac=00;36:*.m4a=00;36:*.mid=00;36:*.midi=00;36:*.mka=00;36:*.mp3=00;36:*.mpc=00;36:*.ogg=00;36:*.ra=00;36:*.wav=00;36:*.oga=00;36:*.opus=00;36:*.spx=00;36:*.xspf=00;36:'), ('GNOME_TERMINAL_SERVICE', ':1.325'), ('SSH_AGENT_LAUNCHER', 'gnome-keyring'), ('SSH_AUTH_SOCK', '/run/user/1000/keyring/ssh'), ('AMENT_PREFIX_PATH', '/home/msd/MSD2/REV4/install/gear_manipulator_moveit_config:/home/msd/MSD2/REV4/install/my_robot:/home/msd/MSD2/REV4/install/motor_bridge:/opt/ros/humble'), ('SHELL', '/bin/bash'), ('QT_ACCESSIBILITY', '1'), ('GDMSESSION', 'ubuntu'), ('LESSCLOSE', '/usr/bin/lesspipe %s %s'), ('QT_IM_MODULE', 'ibus'), ('PWD', '/home/msd/MSD2/REV4/build/marge'), ('XDG_CONFIG_DIRS', '/etc/xdg/xdg-ubuntu:/etc/xdg'), ('XDG_DATA_DIRS', '/usr/share/ubuntu:/usr/local/share/:/usr/share/:/var/lib/snapd/desktop'), ('PYTHONPATH', '/opt/ros/humble/lib/python3.10/site-packages:/opt/ros/humble/local/lib/python3.10/dist-packages'), ('COLCON', '1'), ('VTE_VERSION', '6800'), ('CMAKE_PREFIX_PATH', '/home/msd/MSD2/REV4/install/gear_manipulator_moveit_config:/home/msd/MSD2/REV4/install/motor_bridge:/home/msd/MSD2/REV4/install/my_robot:/opt/ros/humble')]), 'shell': False}
[3.245064] (gear_manipulator_moveit_config) CommandEnded: {'returncode': 0}
[3.250091] (gear_manipulator_moveit_config) JobProgress: {'identifier': 'gear_manipulator_moveit_config', 'progress': 'install'}
[3.250149] (gear_manipulator_moveit_config) Command: {'cmd': ['/usr/bin/cmake', '--install', '/home/msd/MSD2/REV4/build/gear_manipulator_moveit_config'], 'cwd': '/home/msd/MSD2/REV4/build/gear_manipulator_moveit_config', 'env': OrderedDict([('LESSOPEN', '| /usr/bin/lesspipe %s'), ('USER', 'msd'), ('XDG_SESSION_TYPE', 'wayland'), ('SHLVL', '1'), ('LD_LIBRARY_PATH', '/opt/ros/humble/opt/rviz_ogre_vendor/lib:/opt/ros/humble/lib/x86_64-linux-gnu:/opt/ros/humble/lib'), ('HOME', '/home/msd'), ('OLDPWD', '/home/msd/MSD2/REV4'), ('DESKTOP_SESSION', 'ubuntu'), ('ROS_PYTHON_VERSION', '3'), ('GNOME_SHELL_SESSION_MODE', 'ubuntu'), ('GTK_MODULES', 'gail:atk-bridge'), ('SYSTEMD_EXEC_PID', '1554'), ('DBUS_SESSION_BUS_ADDRESS', 'unix:path=/run/user/1000/bus'), ('COLORTERM', 'truecolor'), ('IM_CONFIG_PHASE', '1'), ('WAYLAND_DISPLAY', 'wayland-0'), ('COLCON_PREFIX_PATH', '/home/msd/MSD2/REV4/install'), ('ROS_DISTRO', 'humble'), ('LOGNAME', 'msd'), ('_', '/usr/bin/colcon'), ('ROS_VERSION', '2'), ('XDG_SESSION_CLASS', 'user'), ('USERNAME', 'msd'), ('TERM', 'xterm-256color'), ('GNOME_DESKTOP_SESSION_ID', 'this-is-deprecated'), ('ROS_LOCALHOST_ONLY', '0'), ('PATH', '/opt/ros/humble/bin:/usr/local/sbin:/usr/local/bin:/usr/sbin:/usr/bin:/sbin:/bin:/usr/games:/usr/local/games:/snap/bin:/snap/bin'), ('SESSION_MANAGER', 'local/msd-ThinkPad-E14:@/tmp/.ICE-unix/1525,unix/msd-ThinkPad-E14:/tmp/.ICE-unix/1525'), ('XDG_MENU_PREFIX', 'gnome-'), ('GNOME_TERMINAL_SCREEN', '/org/gnome/Terminal/screen/7158f50d_a2ac_433b_a426_8c4df8937725'), ('GNOME_SETUP_DISPLAY', ':1'), ('XDG_RUNTIME_DIR', '/run/user/1000'), ('DISPLAY', ':0'), ('LANG', 'en_US.UTF-8'), ('XDG_CURRENT_DESKTOP', 'ubuntu:GNOME'), ('XMODIFIERS', '@im=ibus'), ('XDG_SESSION_DESKTOP', 'ubuntu'), ('XAUTHORITY', '/run/user/1000/.mutter-Xwaylandauth.Q9KNN3'), ('LS_COLORS', 'rs=0:di=01;34:ln=01;36:mh=00:pi=40;33:so=01;35:do=01;35:bd=40;33;01:cd=40;33;01:or=40;31;01:mi=00:su=37;41:sg=30;43:ca=30;41:tw=30;42:ow=34;42:st=37;44:ex=01;32:*.tar=01;31:*.tgz=01;31:*.arc=01;31:*.arj=01;31:*.taz=01;31:*.lha=01;31:*.lz4=01;31:*.lzh=01;31:*.lzma=01;31:*.tlz=01;31:*.txz=01;31:*.tzo=01;31:*.t7z=01;31:*.zip=01;31:*.z=01;31:*.dz=01;31:*.gz=01;31:*.lrz=01;31:*.lz=01;31:*.lzo=01;31:*.xz=01;31:*.zst=01;31:*.tzst=01;31:*.bz2=01;31:*.bz=01;31:*.tbz=01;31:*.tbz2=01;31:*.tz=01;31:*.deb=01;31:*.rpm=01;31:*.jar=01;31:*.war=01;31:*.ear=01;31:*.sar=01;31:*.rar=01;31:*.alz=01;31:*.ace=01;31:*.zoo=01;31:*.cpio=01;31:*.7z=01;31:*.rz=01;31:*.cab=01;31:*.wim=01;31:*.swm=01;31:*.dwm=01;31:*.esd=01;31:*.jpg=01;35:*.jpeg=01;35:*.mjpg=01;35:*.mjpeg=01;35:*.gif=01;35:*.bmp=01;35:*.pbm=01;35:*.pgm=01;35:*.ppm=01;35:*.tga=01;35:*.xbm=01;35:*.xpm=01;35:*.tif=01;35:*.tiff=01;35:*.png=01;35:*.svg=01;35:*.svgz=01;35:*.mng=01;35:*.pcx=01;35:*.mov=01;35:*.mpg=01;35:*.mpeg=01;35:*.m2v=01;35:*.mkv=01;35:*.webm=01;35:*.webp=01;35:*.ogm=01;35:*.mp4=01;35:*.m4v=01;35:*.mp4v=01;35:*.vob=01;35:*.qt=01;35:*.nuv=01;35:*.wmv=01;35:*.asf=01;35:*.rm=01;35:*.rmvb=01;35:*.flc=01;35:*.avi=01;35:*.fli=01;35:*.flv=01;35:*.gl=01;35:*.dl=01;35:*.xcf=01;35:*.xwd=01;35:*.yuv=01;35:*.cgm=01;35:*.emf=01;35:*.ogv=01;35:*.ogx=01;35:*.aac=00;36:*.au=00;36:*.flac=00;36:*.m4a=00;36:*.mid=00;36:*.midi=00;36:*.mka=00;36:*.mp3=00;36:*.mpc=00;36:*.ogg=00;36:*.ra=00;36:*.wav=00;36:*.oga=00;36:*.opus=00;36:*.spx=00;36:*.xspf=00;36:'), ('GNOME_TERMINAL_SERVICE', ':1.325'), ('SSH_AGENT_LAUNCHER', 'gnome-keyring'), ('SSH_AUTH_SOCK', '/run/user/1000/keyring/ssh'), ('AMENT_PREFIX_PATH', '/home/msd/MSD2/REV4/install/gear_manipulator_moveit_config:/home/msd/MSD2/REV4/install/my_robot:/home/msd/MSD2/REV4/install/motor_bridge:/opt/ros/humble'), ('SHELL', '/bin/bash'), ('QT_ACCESSIBILITY', '1'), ('GDMSESSION', 'ubuntu'), ('LESSCLOSE', '/usr/bin/lesspipe %s %s'), ('QT_IM_MODULE', 'ibus'), ('PWD', '/home/msd/MSD2/REV4/build/gear_manipulator_moveit_config'), ('XDG_CONFIG_DIRS', '/etc/xdg/xdg-ubuntu:/etc/xdg'), ('XDG_DATA_DIRS', '/usr/share/ubuntu:/usr/local/share/:/usr/share/:/var/lib/snapd/desktop'), ('PYTHONPATH', '/opt/ros/humble/lib/python3.10/site-packages:/opt/ros/humble/local/lib/python3.10/dist-packages'), ('COLCON', '1'), ('VTE_VERSION', '6800'), ('CMAKE_PREFIX_PATH', '/home/msd/MSD2/REV4/install/my_robot:/home/msd/MSD2/REV4/install/gear_manipulator_moveit_config:/home/msd/MSD2/REV4/install/motor_bridge:/opt/ros/humble')]), 'shell': False}
[3.253522] (marge) StdoutLine: {'line': b'-- Install configuration: ""\n'}
[3.255333] (marge) StdoutLine: {'line': b'-- Execute custom install script\n'}
[3.256524] (marge) StdoutLine: {'line': b'-- Symlinking: /home/msd/MSD2/REV4/install/marge/lib/libicl_stepper.so\n'}
[3.256852] (robot_commander) StdoutLine: {'line': b'-- Found Boost: /usr/lib/x86_64-linux-gnu/cmake/Boost-1.74.0/BoostConfig.cmake (found version "1.74.0") found components: system filesystem date_time program_options thread chrono \n'}
[3.285536] (marge) StdoutLine: {'line': b'-- Symlinking: /home/msd/MSD2/REV4/install/marge/lib/marge/homer\n'}
[3.318991] (-) TimerEvent: {}
[3.329786] (marge) StdoutLine: {'line': b'-- Symlinking: /home/msd/MSD2/REV4/install/marge/include/marge/ICLStepper.h\n'}
[3.331037] (robot_commander) StdoutLine: {'line': b'-- Found Boost: /usr/lib/x86_64-linux-gnu/cmake/Boost-1.74.0/BoostConfig.cmake (found version "1.74.0") found components: thread system filesystem regex date_time program_options \n'}
[3.400152] (robot_commander) StdoutLine: {'line': b'-- Found Boost: /usr/lib/x86_64-linux-gnu/cmake/Boost-1.74.0/BoostConfig.cmake (found version "1.74.0") found components: system filesystem date_time program_options thread \n'}
[3.400647] (marge) StdoutLine: {'line': b'-- Symlinking: /home/msd/MSD2/REV4/install/marge/share/marge/environment/library_path.sh\n'}
[3.421254] (-) TimerEvent: {}
[3.424062] (robot_servoing) StdoutLine: {'line': b'-- Found moveit_ros_planning: 2.5.9 (/opt/ros/humble/share/moveit_ros_planning/cmake)\n'}
[3.433761] (marge) StdoutLine: {'line': b'-- Symlinking: /home/msd/MSD2/REV4/install/marge/share/marge/environment/library_path.dsv\n'}
[3.448119] (robot_servoing) StdoutLine: {'line': b'-- Found Boost: /usr/lib/x86_64-linux-gnu/cmake/Boost-1.74.0/BoostConfig.cmake (found version "1.74.0") found components: system filesystem date_time program_options thread chrono \n'}
[3.470614] (marge) StdoutLine: {'line': b'-- Symlinking: /home/msd/MSD2/REV4/install/marge/share/ament_index/resource_index/package_run_dependencies/marge\n'}
[3.478224] (robot_moveit_config) StdoutLine: {'line': b'-- Found Python3: /usr/bin/python3 (found version "3.10.12") found components: Interpreter \n'}
[3.503854] (marge) StdoutLine: {'line': b'-- Symlinking: /home/msd/MSD2/REV4/install/marge/share/ament_index/resource_index/parent_prefix_path/marge\n'}
[3.522160] (-) TimerEvent: {}
[3.530601] (robot_servoing) StdoutLine: {'line': b'-- Found moveit_ros_planning_interface: 2.5.9 (/opt/ros/humble/share/moveit_ros_planning_interface/cmake)\n'}
[3.534686] (marge) StdoutLine: {'line': b'-- Symlinking: /home/msd/MSD2/REV4/install/marge/share/marge/environment/ament_prefix_path.sh\n'}
[3.539648] (robot_servoing) StdoutLine: {'line': b'-- Found Boost: /usr/lib/x86_64-linux-gnu/cmake/Boost-1.74.0/BoostConfig.cmake (found version "1.74.0") found components: date_time filesystem program_options system thread \n'}
[3.562453] (marge) StdoutLine: {'line': b'-- Symlinking: /home/msd/MSD2/REV4/install/marge/share/marge/environment/ament_prefix_path.dsv\n'}
[3.579554] (robot_servoing) StdoutLine: {'line': b'-- Found Boost: /usr/lib/x86_64-linux-gnu/cmake/Boost-1.74.0/BoostConfig.cmake (found version "1.74.0") found components: thread system filesystem regex date_time program_options \n'}
[3.594375] (marge) StdoutLine: {'line': b'-- Symlinking: /home/msd/MSD2/REV4/install/marge/share/marge/environment/path.sh\n'}
[3.622272] (-) TimerEvent: {}
[3.625743] (marge) StdoutLine: {'line': b'-- Symlinking: /home/msd/MSD2/REV4/install/marge/share/marge/environment/path.dsv\n'}
[3.632534] (robot_servoing) StdoutLine: {'line': b'-- Found Boost: /usr/lib/x86_64-linux-gnu/cmake/Boost-1.74.0/BoostConfig.cmake (found version "1.74.0") found components: system filesystem date_time program_options thread \n'}
[3.648975] (stepper_test) StderrLine: {'line': b'In file included from \x1b[01m\x1b[K/home/msd/MSD2/REV4/src/stepper_test/src/ICLStepper.cpp:1\x1b[m\x1b[K:\n'}
[3.649340] (stepper_test) StderrLine: {'line': b'\x1b[01m\x1b[K/home/msd/MSD2/REV4/src/stepper_test/include/stepper_test/ICLStepper.h:\x1b[m\x1b[K In constructor \xe2\x80\x98\x1b[01m\x1b[KICLStepper::ICLStepper(int, modbus_t*, int, int)\x1b[m\x1b[K\xe2\x80\x99:\n'}
[3.649463] (stepper_test) StderrLine: {'line': b'\x1b[01m\x1b[K/home/msd/MSD2/REV4/src/stepper_test/include/stepper_test/ICLStepper.h:30:9:\x1b[m\x1b[K \x1b[01;35m\x1b[Kwarning: \x1b[m\x1b[K\xe2\x80\x98\x1b[01m\x1b[KICLStepper::gear_ratio_\x1b[m\x1b[K\xe2\x80\x99 will be initialized after [\x1b[01;35m\x1b[K\x1b]8;;https://gcc.gnu.org/onlinedocs/gcc/Warning-Options.html#index-Wreorder\x07-Wreorder\x1b]8;;\x07\x1b[m\x1b[K]\n'}
[3.649614] (stepper_test) StderrLine: {'line': b'   30 |     int \x1b[01;35m\x1b[Kgear_ratio_\x1b[m\x1b[K;\n'}
[3.649709] (stepper_test) StderrLine: {'line': b'      |         \x1b[01;35m\x1b[K^~~~~~~~~~~\x1b[m\x1b[K\n'}
[3.649802] (stepper_test) StderrLine: {'line': b'\x1b[01m\x1b[K/home/msd/MSD2/REV4/src/stepper_test/include/stepper_test/ICLStepper.h:28:9:\x1b[m\x1b[K \x1b[01;35m\x1b[Kwarning: \x1b[m\x1b[K  \xe2\x80\x98\x1b[01m\x1b[Kint ICLStepper::delay_us_\x1b[m\x1b[K\xe2\x80\x99 [\x1b[01;35m\x1b[K\x1b]8;;https://gcc.gnu.org/onlinedocs/gcc/Warning-Options.html#index-Wreorder\x07-Wreorder\x1b]8;;\x07\x1b[m\x1b[K]\n'}
[3.649929] (stepper_test) StderrLine: {'line': b'   28 |     int \x1b[01;35m\x1b[Kdelay_us_\x1b[m\x1b[K;\n'}
[3.650042] (stepper_test) StderrLine: {'line': b'      |         \x1b[01;35m\x1b[K^~~~~~~~~\x1b[m\x1b[K\n'}
[3.651688] (stepper_test) StderrLine: {'line': b'\x1b[01m\x1b[K/home/msd/MSD2/REV4/src/stepper_test/src/ICLStepper.cpp:9:1:\x1b[m\x1b[K \x1b[01;35m\x1b[Kwarning: \x1b[m\x1b[K  when initialized here [\x1b[01;35m\x1b[K\x1b]8;;https://gcc.gnu.org/onlinedocs/gcc/Warning-Options.html#index-Wreorder\x07-Wreorder\x1b]8;;\x07\x1b[m\x1b[K]\n'}
[3.652449] (stepper_test) StderrLine: {'line': b'    9 | \x1b[01;35m\x1b[KICLStepper\x1b[m\x1b[K::ICLStepper(int slave_id, modbus_t* ctx, int pulses_per_revolution, int gear_ratio)\n'}
[3.652885] (stepper_test) StderrLine: {'line': b'      | \x1b[01;35m\x1b[K^~~~~~~~~~\x1b[m\x1b[K\n'}
[3.659461] (stepper_test) StderrLine: {'line': b'\x1b[01m\x1b[K/home/msd/MSD2/REV4/src/stepper_test/src/ICLStepper.cpp:\x1b[m\x1b[K In member function \xe2\x80\x98\x1b[01m\x1b[Kint ICLStepper::home(double, double, bool, double)\x1b[m\x1b[K\xe2\x80\x99:\n'}
[3.659785] (stepper_test) StderrLine: {'line': b'\x1b[01m\x1b[K/home/msd/MSD2/REV4/src/stepper_test/src/ICLStepper.cpp:229:20:\x1b[m\x1b[K \x1b[01;35m\x1b[Kwarning: \x1b[m\x1b[Knarrowing conversion of \xe2\x80\x98\x1b[01m\x1b[K(clockwise ? 7 : 6)\x1b[m\x1b[K\xe2\x80\x99 from \xe2\x80\x98\x1b[01m\x1b[Kint\x1b[m\x1b[K\xe2\x80\x99 to \xe2\x80\x98\x1b[01m\x1b[Kuint16_t\x1b[m\x1b[K\xe2\x80\x99 {aka \xe2\x80\x98\x1b[01m\x1b[Kshort unsigned int\x1b[m\x1b[K\xe2\x80\x99} [\x1b[01;35m\x1b[K\x1b]8;;https://gcc.gnu.org/onlinedocs/gcc/Warning-Options.html#index-Wnarrowing\x07-Wnarrowing\x1b]8;;\x07\x1b[m\x1b[K]\n'}
[3.659929] (stepper_test) StderrLine: {'line': b'  229 |         \x1b[01;35m\x1b[K(clockwise ? 0b111 : 0b110)\x1b[m\x1b[K, // Homing mode\n'}
[3.660059] (stepper_test) StderrLine: {'line': b'      |         \x1b[01;35m\x1b[K~~~~~~~~~~~^~~~~~~~~~~~~~~~\x1b[m\x1b[K\n'}
[3.660157] (stepper_test) StderrLine: {'line': b'\x1b[01m\x1b[K/home/msd/MSD2/REV4/src/stepper_test/src/ICLStepper.cpp:234:9:\x1b[m\x1b[K \x1b[01;35m\x1b[Kwarning: \x1b[m\x1b[Knarrowing conversion of \xe2\x80\x98\x1b[01m\x1b[Khigh_velocity_rpm\x1b[m\x1b[K\xe2\x80\x99 from \xe2\x80\x98\x1b[01m\x1b[Kuint\x1b[m\x1b[K\xe2\x80\x99 {aka \xe2\x80\x98\x1b[01m\x1b[Kunsigned int\x1b[m\x1b[K\xe2\x80\x99} to \xe2\x80\x98\x1b[01m\x1b[Kuint16_t\x1b[m\x1b[K\xe2\x80\x99 {aka \xe2\x80\x98\x1b[01m\x1b[Kshort unsigned int\x1b[m\x1b[K\xe2\x80\x99} [\x1b[01;35m\x1b[K\x1b]8;;https://gcc.gnu.org/onlinedocs/gcc/Warning-Options.html#index-Wnarrowing\x07-Wnarrowing\x1b]8;;\x07\x1b[m\x1b[K]\n'}
[3.660269] (stepper_test) StderrLine: {'line': b'  234 |         \x1b[01;35m\x1b[Khigh_velocity_rpm\x1b[m\x1b[K,    // Homing high velocity\n'}
[3.660368] (stepper_test) StderrLine: {'line': b'      |         \x1b[01;35m\x1b[K^~~~~~~~~~~~~~~~~\x1b[m\x1b[K\n'}
[3.660467] (stepper_test) StderrLine: {'line': b'\x1b[01m\x1b[K/home/msd/MSD2/REV4/src/stepper_test/src/ICLStepper.cpp:235:9:\x1b[m\x1b[K \x1b[01;35m\x1b[Kwarning: \x1b[m\x1b[Knarrowing conversion of \xe2\x80\x98\x1b[01m\x1b[Klow_velocity_rpm\x1b[m\x1b[K\xe2\x80\x99 from \xe2\x80\x98\x1b[01m\x1b[Kuint\x1b[m\x1b[K\xe2\x80\x99 {aka \xe2\x80\x98\x1b[01m\x1b[Kunsigned int\x1b[m\x1b[K\xe2\x80\x99} to \xe2\x80\x98\x1b[01m\x1b[Kuint16_t\x1b[m\x1b[K\xe2\x80\x99 {aka \xe2\x80\x98\x1b[01m\x1b[Kshort unsigned int\x1b[m\x1b[K\xe2\x80\x99} [\x1b[01;35m\x1b[K\x1b]8;;https://gcc.gnu.org/onlinedocs/gcc/Warning-Options.html#index-Wnarrowing\x07-Wnarrowing\x1b]8;;\x07\x1b[m\x1b[K]\n'}
[3.660593] (stepper_test) StderrLine: {'line': b'  235 |         \x1b[01;35m\x1b[Klow_velocity_rpm\x1b[m\x1b[K,      // Homing low velocity\n'}
[3.660692] (marge) StdoutLine: {'line': b'-- Symlinking: /home/msd/MSD2/REV4/install/marge/share/marge/local_setup.bash\n'}
[3.664588] (stepper_test) StderrLine: {'line': b'      |         \x1b[01;35m\x1b[K^~~~~~~~~~~~~~~~\x1b[m\x1b[K\n'}
[3.676801] (robot_commander) StdoutLine: {'line': b'-- Configuring done\n'}
[3.693665] (marge) StdoutLine: {'line': b'-- Symlinking: /home/msd/MSD2/REV4/install/marge/share/marge/local_setup.sh\n'}
[3.722562] (-) TimerEvent: {}
[3.724034] (robot_moveit_config) StdoutLine: {'line': b'-- Override CMake install command with custom implementation using symlinks instead of copying resources\n'}
[3.726272] (marge) StdoutLine: {'line': b'-- Symlinking: /home/msd/MSD2/REV4/install/marge/share/marge/local_setup.zsh\n'}
[3.748942] (robot_servoing) StdoutLine: {'line': b'-- Found ament_lint_auto: 0.12.15 (/opt/ros/humble/share/ament_lint_auto/cmake)\n'}
[3.752360] (marge) StdoutLine: {'line': b'-- Symlinking: /home/msd/MSD2/REV4/install/marge/share/marge/local_setup.dsv\n'}
[3.772900] (marge) StdoutLine: {'line': b'-- Symlinking: /home/msd/MSD2/REV4/install/marge/share/marge/package.dsv\n'}
[3.793354] (robot_commander) StdoutLine: {'line': b'-- Generating done\n'}
[3.796837] (marge) StdoutLine: {'line': b'-- Symlinking: /home/msd/MSD2/REV4/install/marge/share/ament_index/resource_index/packages/marge\n'}
[3.814989] (marge) StdoutLine: {'line': b'-- Symlinking: /home/msd/MSD2/REV4/install/marge/share/marge/cmake/ament_cmake_export_include_directories-extras.cmake\n'}
[3.825584] (-) TimerEvent: {}
[3.833061] (robot_hardware) StderrLine: {'line': b'In file included from \x1b[01m\x1b[K/home/msd/MSD2/REV4/src/robot_hardware/src/ICLStepper.cpp:1\x1b[m\x1b[K:\n'}
[3.833345] (robot_hardware) StderrLine: {'line': b'\x1b[01m\x1b[K/home/msd/MSD2/REV4/src/robot_hardware/include/robot_hardware/ICLStepper.h:\x1b[m\x1b[K In constructor \xe2\x80\x98\x1b[01m\x1b[KICLStepper::ICLStepper(int, modbus_t*, int, int)\x1b[m\x1b[K\xe2\x80\x99:\n'}
[3.833477] (robot_hardware) StderrLine: {'line': b'\x1b[01m\x1b[K/home/msd/MSD2/REV4/src/robot_hardware/include/robot_hardware/ICLStepper.h:30:9:\x1b[m\x1b[K \x1b[01;35m\x1b[Kwarning: \x1b[m\x1b[K\xe2\x80\x98\x1b[01m\x1b[KICLStepper::gear_ratio_\x1b[m\x1b[K\xe2\x80\x99 will be initialized after [\x1b[01;35m\x1b[K\x1b]8;;https://gcc.gnu.org/onlinedocs/gcc/Warning-Options.html#index-Wreorder\x07-Wreorder\x1b]8;;\x07\x1b[m\x1b[K]\n'}
[3.833656] (robot_hardware) StderrLine: {'line': b'   30 |     int \x1b[01;35m\x1b[Kgear_ratio_\x1b[m\x1b[K;\n'}
[3.833777] (robot_hardware) StderrLine: {'line': b'      |         \x1b[01;35m\x1b[K^~~~~~~~~~~\x1b[m\x1b[K\n'}
[3.834002] (robot_hardware) StderrLine: {'line': b'\x1b[01m\x1b[K/home/msd/MSD2/REV4/src/robot_hardware/include/robot_hardware/ICLStepper.h:28:9:\x1b[m\x1b[K \x1b[01;35m\x1b[Kwarning: \x1b[m\x1b[K  \xe2\x80\x98\x1b[01m\x1b[Kint ICLStepper::delay_us_\x1b[m\x1b[K\xe2\x80\x99 [\x1b[01;35m\x1b[K\x1b]8;;https://gcc.gnu.org/onlinedocs/gcc/Warning-Options.html#index-Wreorder\x07-Wreorder\x1b]8;;\x07\x1b[m\x1b[K]\n'}
[3.834134] (robot_hardware) StderrLine: {'line': b'   28 |     int \x1b[01;35m\x1b[Kdelay_us_\x1b[m\x1b[K;\n'}
[3.834247] (robot_hardware) StderrLine: {'line': b'      |         \x1b[01;35m\x1b[K^~~~~~~~~\x1b[m\x1b[K\n'}
[3.834357] (robot_hardware) StderrLine: {'line': b'\x1b[01m\x1b[K/home/msd/MSD2/REV4/src/robot_hardware/src/ICLStepper.cpp:9:1:\x1b[m\x1b[K \x1b[01;35m\x1b[Kwarning: \x1b[m\x1b[K  when initialized here [\x1b[01;35m\x1b[K\x1b]8;;https://gcc.gnu.org/onlinedocs/gcc/Warning-Options.html#index-Wreorder\x07-Wreorder\x1b]8;;\x07\x1b[m\x1b[K]\n'}
[3.834467] (robot_hardware) StderrLine: {'line': b'    9 | \x1b[01;35m\x1b[KICLStepper\x1b[m\x1b[K::ICLStepper(int slave_id, modbus_t* ctx, int pulses_per_revolution, int gear_ratio)\n'}
[3.834697] (robot_hardware) StderrLine: {'line': b'      | \x1b[01;35m\x1b[K^~~~~~~~~~\x1b[m\x1b[K\n'}
[3.834810] (marge) StdoutLine: {'line': b'-- Symlinking: /home/msd/MSD2/REV4/install/marge/share/marge/cmake/ament_cmake_export_libraries-extras.cmake\n'}
[3.842890] (robot_hardware) StderrLine: {'line': b'\x1b[01m\x1b[K/home/msd/MSD2/REV4/src/robot_hardware/src/ICLStepper.cpp:\x1b[m\x1b[K In member function \xe2\x80\x98\x1b[01m\x1b[Kint ICLStepper::home(double, double, bool, double)\x1b[m\x1b[K\xe2\x80\x99:\n'}
[3.845569] (robot_hardware) StderrLine: {'line': b'\x1b[01m\x1b[K/home/msd/MSD2/REV4/src/robot_hardware/src/ICLStepper.cpp:229:20:\x1b[m\x1b[K \x1b[01;35m\x1b[Kwarning: \x1b[m\x1b[Knarrowing conversion of \xe2\x80\x98\x1b[01m\x1b[K(clockwise ? 7 : 6)\x1b[m\x1b[K\xe2\x80\x99 from \xe2\x80\x98\x1b[01m\x1b[Kint\x1b[m\x1b[K\xe2\x80\x99 to \xe2\x80\x98\x1b[01m\x1b[Kuint16_t\x1b[m\x1b[K\xe2\x80\x99 {aka \xe2\x80\x98\x1b[01m\x1b[Kshort unsigned int\x1b[m\x1b[K\xe2\x80\x99} [\x1b[01;35m\x1b[K\x1b]8;;https://gcc.gnu.org/onlinedocs/gcc/Warning-Options.html#index-Wnarrowing\x07-Wnarrowing\x1b]8;;\x07\x1b[m\x1b[K]\n'}
[3.845916] (robot_hardware) StderrLine: {'line': b'  229 |         \x1b[01;35m\x1b[K(clockwise ? 0b111 : 0b110)\x1b[m\x1b[K, // Homing mode\n'}
[3.846064] (robot_hardware) StderrLine: {'line': b'      |         \x1b[01;35m\x1b[K~~~~~~~~~~~^~~~~~~~~~~~~~~~\x1b[m\x1b[K\n'}
[3.846173] (robot_commander) StdoutLine: {'line': b'-- Build files have been written to: /home/msd/MSD2/REV4/build/robot_commander\n'}
[3.846296] (robot_hardware) StderrLine: {'line': b'\x1b[01m\x1b[K/home/msd/MSD2/REV4/src/robot_hardware/src/ICLStepper.cpp:234:9:\x1b[m\x1b[K \x1b[01;35m\x1b[Kwarning: \x1b[m\x1b[Knarrowing conversion of \xe2\x80\x98\x1b[01m\x1b[Khigh_velocity_rpm\x1b[m\x1b[K\xe2\x80\x99 from \xe2\x80\x98\x1b[01m\x1b[Kuint\x1b[m\x1b[K\xe2\x80\x99 {aka \xe2\x80\x98\x1b[01m\x1b[Kunsigned int\x1b[m\x1b[K\xe2\x80\x99} to \xe2\x80\x98\x1b[01m\x1b[Kuint16_t\x1b[m\x1b[K\xe2\x80\x99 {aka \xe2\x80\x98\x1b[01m\x1b[Kshort unsigned int\x1b[m\x1b[K\xe2\x80\x99} [\x1b[01;35m\x1b[K\x1b]8;;https://gcc.gnu.org/onlinedocs/gcc/Warning-Options.html#index-Wnarrowing\x07-Wnarrowing\x1b]8;;\x07\x1b[m\x1b[K]\n'}
[3.846415] (robot_hardware) StderrLine: {'line': b'  234 |         \x1b[01;35m\x1b[Khigh_velocity_rpm\x1b[m\x1b[K,    // Homing high velocity\n'}
[3.846528] (robot_hardware) StderrLine: {'line': b'      |         \x1b[01;35m\x1b[K^~~~~~~~~~~~~~~~~\x1b[m\x1b[K\n'}
[3.846634] (robot_hardware) StderrLine: {'line': b'\x1b[01m\x1b[K/home/msd/MSD2/REV4/src/robot_hardware/src/ICLStepper.cpp:235:9:\x1b[m\x1b[K \x1b[01;35m\x1b[Kwarning: \x1b[m\x1b[Knarrowing conversion of \xe2\x80\x98\x1b[01m\x1b[Klow_velocity_rpm\x1b[m\x1b[K\xe2\x80\x99 from \xe2\x80\x98\x1b[01m\x1b[Kuint\x1b[m\x1b[K\xe2\x80\x99 {aka \xe2\x80\x98\x1b[01m\x1b[Kunsigned int\x1b[m\x1b[K\xe2\x80\x99} to \xe2\x80\x98\x1b[01m\x1b[Kuint16_t\x1b[m\x1b[K\xe2\x80\x99 {aka \xe2\x80\x98\x1b[01m\x1b[Kshort unsigned int\x1b[m\x1b[K\xe2\x80\x99} [\x1b[01;35m\x1b[K\x1b]8;;https://gcc.gnu.org/onlinedocs/gcc/Warning-Options.html#index-Wnarrowing\x07-Wnarrowing\x1b]8;;\x07\x1b[m\x1b[K]\n'}
[3.846759] (robot_hardware) StderrLine: {'line': b'  235 |         \x1b[01;35m\x1b[Klow_velocity_rpm\x1b[m\x1b[K,      // Homing low velocity\n'}
[3.846854] (robot_hardware) StderrLine: {'line': b'      |         \x1b[01;35m\x1b[K^~~~~~~~~~~~~~~~\x1b[m\x1b[K\n'}
[3.849353] (marge) StdoutLine: {'line': b'-- Symlinking: /home/msd/MSD2/REV4/install/marge/share/marge/cmake/margeConfig.cmake\n'}
[3.867990] (marge) StdoutLine: {'line': b'-- Symlinking: /home/msd/MSD2/REV4/install/marge/share/marge/cmake/margeConfig-version.cmake\n'}
[3.885926] (marge) StdoutLine: {'line': b'-- Symlinking: /home/msd/MSD2/REV4/install/marge/share/marge/package.xml\n'}
[3.904189] (gear_manipulator_moveit_config) StdoutLine: {'line': b'-- Install configuration: ""\n'}
[3.904452] (gear_manipulator_moveit_config) StdoutLine: {'line': b'-- Execute custom install script\n'}
[3.904592] (gear_manipulator_moveit_config) StdoutLine: {'line': b'-- Symlinking: /home/msd/MSD2/REV4/install/gear_manipulator_moveit_config/share/ament_index/resource_index/package_run_dependencies/gear_manipulator_moveit_config\n'}
[3.904698] (gear_manipulator_moveit_config) StdoutLine: {'line': b'-- Symlinking: /home/msd/MSD2/REV4/install/gear_manipulator_moveit_config/share/ament_index/resource_index/parent_prefix_path/gear_manipulator_moveit_config\n'}
[3.904799] (gear_manipulator_moveit_config) StdoutLine: {'line': b'-- Symlinking: /home/msd/MSD2/REV4/install/gear_manipulator_moveit_config/share/gear_manipulator_moveit_config/environment/ament_prefix_path.sh\n'}
[3.904903] (gear_manipulator_moveit_config) StdoutLine: {'line': b'-- Symlinking: /home/msd/MSD2/REV4/install/gear_manipulator_moveit_config/share/gear_manipulator_moveit_config/environment/ament_prefix_path.dsv\n'}
[3.905069] (gear_manipulator_moveit_config) StdoutLine: {'line': b'-- Symlinking: /home/msd/MSD2/REV4/install/gear_manipulator_moveit_config/share/gear_manipulator_moveit_config/environment/path.sh\n'}
[3.908250] (gear_manipulator_moveit_config) StdoutLine: {'line': b'-- Symlinking: /home/msd/MSD2/REV4/install/gear_manipulator_moveit_config/share/gear_manipulator_moveit_config/environment/path.dsv\n'}
[3.908418] (gear_manipulator_moveit_config) StdoutLine: {'line': b'-- Symlinking: /home/msd/MSD2/REV4/install/gear_manipulator_moveit_config/share/gear_manipulator_moveit_config/local_setup.bash\n'}
[3.908561] (gear_manipulator_moveit_config) StdoutLine: {'line': b'-- Symlinking: /home/msd/MSD2/REV4/install/gear_manipulator_moveit_config/share/gear_manipulator_moveit_config/local_setup.sh\n'}
[3.908697] (gear_manipulator_moveit_config) StdoutLine: {'line': b'-- Symlinking: /home/msd/MSD2/REV4/install/gear_manipulator_moveit_config/share/gear_manipulator_moveit_config/local_setup.zsh\n'}
[3.908806] (gear_manipulator_moveit_config) StdoutLine: {'line': b'-- Symlinking: /home/msd/MSD2/REV4/install/gear_manipulator_moveit_config/share/gear_manipulator_moveit_config/local_setup.dsv\n'}
[3.908913] (gear_manipulator_moveit_config) StdoutLine: {'line': b'-- Symlinking: /home/msd/MSD2/REV4/install/gear_manipulator_moveit_config/share/gear_manipulator_moveit_config/package.dsv\n'}
[3.909020] (gear_manipulator_moveit_config) StdoutLine: {'line': b'-- Symlinking: /home/msd/MSD2/REV4/install/gear_manipulator_moveit_config/share/ament_index/resource_index/packages/gear_manipulator_moveit_config\n'}
[3.909124] (gear_manipulator_moveit_config) StdoutLine: {'line': b'-- Symlinking: /home/msd/MSD2/REV4/install/gear_manipulator_moveit_config/share/gear_manipulator_moveit_config/cmake/gear_manipulator_moveit_configConfig.cmake\n'}
[3.909232] (gear_manipulator_moveit_config) StdoutLine: {'line': b'-- Symlinking: /home/msd/MSD2/REV4/install/gear_manipulator_moveit_config/share/gear_manipulator_moveit_config/cmake/gear_manipulator_moveit_configConfig-version.cmake\n'}
[3.909349] (gear_manipulator_moveit_config) StdoutLine: {'line': b'-- Symlinking: /home/msd/MSD2/REV4/install/gear_manipulator_moveit_config/share/gear_manipulator_moveit_config/package.xml\n'}
[3.909452] (gear_manipulator_moveit_config) StdoutLine: {'line': b'-- Symlinking: /home/msd/MSD2/REV4/install/gear_manipulator_moveit_config/share/gear_manipulator_moveit_config/launch/demo.launch.py\n'}
[3.909580] (gear_manipulator_moveit_config) StdoutLine: {'line': b'-- Symlinking: /home/msd/MSD2/REV4/install/gear_manipulator_moveit_config/share/gear_manipulator_moveit_config/launch/move_group.launch.py\n'}
[3.909684] (gear_manipulator_moveit_config) StdoutLine: {'line': b'-- Symlinking: /home/msd/MSD2/REV4/install/gear_manipulator_moveit_config/share/gear_manipulator_moveit_config/launch/moveit_rviz.launch.py\n'}
[3.909783] (gear_manipulator_moveit_config) StdoutLine: {'line': b'-- Symlinking: /home/msd/MSD2/REV4/install/gear_manipulator_moveit_config/share/gear_manipulator_moveit_config/launch/rsp.launch.py\n'}
[3.909886] (gear_manipulator_moveit_config) StdoutLine: {'line': b'-- Symlinking: /home/msd/MSD2/REV4/install/gear_manipulator_moveit_config/share/gear_manipulator_moveit_config/launch/setup_assistant.launch.py\n'}
[3.909984] (marge) CommandEnded: {'returncode': 0}
[3.913635] (stepper_test) StderrLine: {'line': b'\x1b[01m\x1b[K/home/msd/MSD2/REV4/src/stepper_test/src/ICLStepper.cpp:\x1b[m\x1b[K In member function \xe2\x80\x98\x1b[01m\x1b[Kint ICLStepper::set_as_home()\x1b[m\x1b[K\xe2\x80\x99:\n'}
[3.913816] (stepper_test) StderrLine: {'line': b'\x1b[01m\x1b[K/home/msd/MSD2/REV4/src/stepper_test/src/ICLStepper.cpp:290:1:\x1b[m\x1b[K \x1b[01;35m\x1b[Kwarning: \x1b[m\x1b[Kcontrol reaches end of non-void function [\x1b[01;35m\x1b[K\x1b]8;;https://gcc.gnu.org/onlinedocs/gcc/Warning-Options.html#index-Wreturn-type\x07-Wreturn-type\x1b]8;;\x07\x1b[m\x1b[K]\n'}
[3.913931] (stepper_test) StderrLine: {'line': b'  290 | \x1b[01;35m\x1b[K}\x1b[m\x1b[K\n'}
[3.914039] (stepper_test) StderrLine: {'line': b'      | \x1b[01;35m\x1b[K^\x1b[m\x1b[K\n'}
[3.925719] (-) TimerEvent: {}
[3.930344] (gear_manipulator_moveit_config) StdoutLine: {'line': b'-- Symlinking: /home/msd/MSD2/REV4/install/gear_manipulator_moveit_config/share/gear_manipulator_moveit_config/launch/spawn_controllers.launch.py\n'}
[3.953640] (marge) JobEnded: {'identifier': 'marge', 'rc': 0}
[3.967032] (robot_commander) CommandEnded: {'returncode': 0}
[3.969022] (robot_commander) JobProgress: {'identifier': 'robot_commander', 'progress': 'build'}
[3.969106] (robot_commander) Command: {'cmd': ['/usr/bin/cmake', '--build', '/home/msd/MSD2/REV4/build/robot_commander', '--', '-j8', '-l8'], 'cwd': '/home/msd/MSD2/REV4/build/robot_commander', 'env': OrderedDict([('LESSOPEN', '| /usr/bin/lesspipe %s'), ('USER', 'msd'), ('XDG_SESSION_TYPE', 'wayland'), ('SHLVL', '1'), ('LD_LIBRARY_PATH', '/opt/ros/humble/opt/rviz_ogre_vendor/lib:/opt/ros/humble/lib/x86_64-linux-gnu:/opt/ros/humble/lib'), ('HOME', '/home/msd'), ('OLDPWD', '/home/msd/MSD2/REV4'), ('DESKTOP_SESSION', 'ubuntu'), ('ROS_PYTHON_VERSION', '3'), ('GNOME_SHELL_SESSION_MODE', 'ubuntu'), ('GTK_MODULES', 'gail:atk-bridge'), ('SYSTEMD_EXEC_PID', '1554'), ('DBUS_SESSION_BUS_ADDRESS', 'unix:path=/run/user/1000/bus'), ('COLORTERM', 'truecolor'), ('IM_CONFIG_PHASE', '1'), ('WAYLAND_DISPLAY', 'wayland-0'), ('COLCON_PREFIX_PATH', '/home/msd/MSD2/REV4/install'), ('ROS_DISTRO', 'humble'), ('LOGNAME', 'msd'), ('_', '/usr/bin/colcon'), ('ROS_VERSION', '2'), ('XDG_SESSION_CLASS', 'user'), ('USERNAME', 'msd'), ('TERM', 'xterm-256color'), ('GNOME_DESKTOP_SESSION_ID', 'this-is-deprecated'), ('ROS_LOCALHOST_ONLY', '0'), ('PATH', '/opt/ros/humble/bin:/usr/local/sbin:/usr/local/bin:/usr/sbin:/usr/bin:/sbin:/bin:/usr/games:/usr/local/games:/snap/bin:/snap/bin'), ('SESSION_MANAGER', 'local/msd-ThinkPad-E14:@/tmp/.ICE-unix/1525,unix/msd-ThinkPad-E14:/tmp/.ICE-unix/1525'), ('XDG_MENU_PREFIX', 'gnome-'), ('GNOME_TERMINAL_SCREEN', '/org/gnome/Terminal/screen/7158f50d_a2ac_433b_a426_8c4df8937725'), ('GNOME_SETUP_DISPLAY', ':1'), ('XDG_RUNTIME_DIR', '/run/user/1000'), ('DISPLAY', ':0'), ('LANG', 'en_US.UTF-8'), ('XDG_CURRENT_DESKTOP', 'ubuntu:GNOME'), ('XMODIFIERS', '@im=ibus'), ('XDG_SESSION_DESKTOP', 'ubuntu'), ('XAUTHORITY', '/run/user/1000/.mutter-Xwaylandauth.Q9KNN3'), ('LS_COLORS', 'rs=0:di=01;34:ln=01;36:mh=00:pi=40;33:so=01;35:do=01;35:bd=40;33;01:cd=40;33;01:or=40;31;01:mi=00:su=37;41:sg=30;43:ca=30;41:tw=30;42:ow=34;42:st=37;44:ex=01;32:*.tar=01;31:*.tgz=01;31:*.arc=01;31:*.arj=01;31:*.taz=01;31:*.lha=01;31:*.lz4=01;31:*.lzh=01;31:*.lzma=01;31:*.tlz=01;31:*.txz=01;31:*.tzo=01;31:*.t7z=01;31:*.zip=01;31:*.z=01;31:*.dz=01;31:*.gz=01;31:*.lrz=01;31:*.lz=01;31:*.lzo=01;31:*.xz=01;31:*.zst=01;31:*.tzst=01;31:*.bz2=01;31:*.bz=01;31:*.tbz=01;31:*.tbz2=01;31:*.tz=01;31:*.deb=01;31:*.rpm=01;31:*.jar=01;31:*.war=01;31:*.ear=01;31:*.sar=01;31:*.rar=01;31:*.alz=01;31:*.ace=01;31:*.zoo=01;31:*.cpio=01;31:*.7z=01;31:*.rz=01;31:*.cab=01;31:*.wim=01;31:*.swm=01;31:*.dwm=01;31:*.esd=01;31:*.jpg=01;35:*.jpeg=01;35:*.mjpg=01;35:*.mjpeg=01;35:*.gif=01;35:*.bmp=01;35:*.pbm=01;35:*.pgm=01;35:*.ppm=01;35:*.tga=01;35:*.xbm=01;35:*.xpm=01;35:*.tif=01;35:*.tiff=01;35:*.png=01;35:*.svg=01;35:*.svgz=01;35:*.mng=01;35:*.pcx=01;35:*.mov=01;35:*.mpg=01;35:*.mpeg=01;35:*.m2v=01;35:*.mkv=01;35:*.webm=01;35:*.webp=01;35:*.ogm=01;35:*.mp4=01;35:*.m4v=01;35:*.mp4v=01;35:*.vob=01;35:*.qt=01;35:*.nuv=01;35:*.wmv=01;35:*.asf=01;35:*.rm=01;35:*.rmvb=01;35:*.flc=01;35:*.avi=01;35:*.fli=01;35:*.flv=01;35:*.gl=01;35:*.dl=01;35:*.xcf=01;35:*.xwd=01;35:*.yuv=01;35:*.cgm=01;35:*.emf=01;35:*.ogv=01;35:*.ogx=01;35:*.aac=00;36:*.au=00;36:*.flac=00;36:*.m4a=00;36:*.mid=00;36:*.midi=00;36:*.mka=00;36:*.mp3=00;36:*.mpc=00;36:*.ogg=00;36:*.ra=00;36:*.wav=00;36:*.oga=00;36:*.opus=00;36:*.spx=00;36:*.xspf=00;36:'), ('GNOME_TERMINAL_SERVICE', ':1.325'), ('SSH_AGENT_LAUNCHER', 'gnome-keyring'), ('SSH_AUTH_SOCK', '/run/user/1000/keyring/ssh'), ('AMENT_PREFIX_PATH', '/home/msd/MSD2/REV4/install/gear_manipulator_moveit_config:/home/msd/MSD2/REV4/install/my_robot:/home/msd/MSD2/REV4/install/motor_bridge:/opt/ros/humble'), ('SHELL', '/bin/bash'), ('QT_ACCESSIBILITY', '1'), ('GDMSESSION', 'ubuntu'), ('LESSCLOSE', '/usr/bin/lesspipe %s %s'), ('QT_IM_MODULE', 'ibus'), ('PWD', '/home/msd/MSD2/REV4/build/robot_commander'), ('XDG_CONFIG_DIRS', '/etc/xdg/xdg-ubuntu:/etc/xdg'), ('XDG_DATA_DIRS', '/usr/share/ubuntu:/usr/local/share/:/usr/share/:/var/lib/snapd/desktop'), ('PYTHONPATH', '/opt/ros/humble/lib/python3.10/site-packages:/opt/ros/humble/local/lib/python3.10/dist-packages'), ('COLCON', '1'), ('VTE_VERSION', '6800'), ('CMAKE_PREFIX_PATH', '/home/msd/MSD2/REV4/install/gear_manipulator_moveit_config:/home/msd/MSD2/REV4/install/motor_bridge:/home/msd/MSD2/REV4/install/my_robot:/opt/ros/humble')]), 'shell': False}
[3.969949] (gear_manipulator_moveit_config) StdoutLine: {'line': b'-- Symlinking: /home/msd/MSD2/REV4/install/gear_manipulator_moveit_config/share/gear_manipulator_moveit_config/launch/static_virtual_joint_tfs.launch.py\n'}
[4.009382] (robot_hardware) StderrLine: {'line': b'\x1b[01m\x1b[K/home/msd/MSD2/REV4/src/robot_hardware/src/ICLStepper.cpp:\x1b[m\x1b[K In member function \xe2\x80\x98\x1b[01m\x1b[Kint ICLStepper::set_as_home()\x1b[m\x1b[K\xe2\x80\x99:\n'}
[4.009662] (robot_hardware) StderrLine: {'line': b'\x1b[01m\x1b[K/home/msd/MSD2/REV4/src/robot_hardware/src/ICLStepper.cpp:290:1:\x1b[m\x1b[K \x1b[01;35m\x1b[Kwarning: \x1b[m\x1b[Kcontrol reaches end of non-void function [\x1b[01;35m\x1b[K\x1b]8;;https://gcc.gnu.org/onlinedocs/gcc/Warning-Options.html#index-Wreturn-type\x07-Wreturn-type\x1b]8;;\x07\x1b[m\x1b[K]\n'}
[4.013247] (robot_hardware) StderrLine: {'line': b'  290 | \x1b[01;35m\x1b[K}\x1b[m\x1b[K\n'}
[4.013784] (robot_hardware) StderrLine: {'line': b'      | \x1b[01;35m\x1b[K^\x1b[m\x1b[K\n'}
[4.014007] (gear_manipulator_moveit_config) StdoutLine: {'line': b'-- Symlinking: /home/msd/MSD2/REV4/install/gear_manipulator_moveit_config/share/gear_manipulator_moveit_config/launch/warehouse_db.launch.py\n'}
[4.015277] (robot_moveit_config) StdoutLine: {'line': b'-- Configuring done\n'}
[4.023746] (robot_moveit_config) StdoutLine: {'line': b'-- Generating done\n'}
[4.028846] (robot_moveit_config) StdoutLine: {'line': b'-- Build files have been written to: /home/msd/MSD2/REV4/build/robot_moveit_config\n'}
[4.029409] (-) TimerEvent: {}
[4.034635] (gear_manipulator_moveit_config) StdoutLine: {'line': b'-- Symlinking: /home/msd/MSD2/REV4/install/gear_manipulator_moveit_config/share/gear_manipulator_moveit_config/config/gear_manipulator.ros2_control.xacro\n'}
[4.046819] (robot_moveit_config) CommandEnded: {'returncode': 0}
[4.048188] (robot_moveit_config) JobProgress: {'identifier': 'robot_moveit_config', 'progress': 'build'}
[4.048277] (robot_moveit_config) Command: {'cmd': ['/usr/bin/cmake', '--build', '/home/msd/MSD2/REV4/build/robot_moveit_config', '--', '-j8', '-l8'], 'cwd': '/home/msd/MSD2/REV4/build/robot_moveit_config', 'env': OrderedDict([('LESSOPEN', '| /usr/bin/lesspipe %s'), ('USER', 'msd'), ('XDG_SESSION_TYPE', 'wayland'), ('SHLVL', '1'), ('LD_LIBRARY_PATH', '/opt/ros/humble/opt/rviz_ogre_vendor/lib:/opt/ros/humble/lib/x86_64-linux-gnu:/opt/ros/humble/lib'), ('HOME', '/home/msd'), ('OLDPWD', '/home/msd/MSD2/REV4'), ('DESKTOP_SESSION', 'ubuntu'), ('ROS_PYTHON_VERSION', '3'), ('GNOME_SHELL_SESSION_MODE', 'ubuntu'), ('GTK_MODULES', 'gail:atk-bridge'), ('SYSTEMD_EXEC_PID', '1554'), ('DBUS_SESSION_BUS_ADDRESS', 'unix:path=/run/user/1000/bus'), ('COLORTERM', 'truecolor'), ('IM_CONFIG_PHASE', '1'), ('WAYLAND_DISPLAY', 'wayland-0'), ('COLCON_PREFIX_PATH', '/home/msd/MSD2/REV4/install'), ('ROS_DISTRO', 'humble'), ('LOGNAME', 'msd'), ('_', '/usr/bin/colcon'), ('ROS_VERSION', '2'), ('XDG_SESSION_CLASS', 'user'), ('USERNAME', 'msd'), ('TERM', 'xterm-256color'), ('GNOME_DESKTOP_SESSION_ID', 'this-is-deprecated'), ('ROS_LOCALHOST_ONLY', '0'), ('PATH', '/opt/ros/humble/bin:/usr/local/sbin:/usr/local/bin:/usr/sbin:/usr/bin:/sbin:/bin:/usr/games:/usr/local/games:/snap/bin:/snap/bin'), ('SESSION_MANAGER', 'local/msd-ThinkPad-E14:@/tmp/.ICE-unix/1525,unix/msd-ThinkPad-E14:/tmp/.ICE-unix/1525'), ('XDG_MENU_PREFIX', 'gnome-'), ('GNOME_TERMINAL_SCREEN', '/org/gnome/Terminal/screen/7158f50d_a2ac_433b_a426_8c4df8937725'), ('GNOME_SETUP_DISPLAY', ':1'), ('XDG_RUNTIME_DIR', '/run/user/1000'), ('DISPLAY', ':0'), ('LANG', 'en_US.UTF-8'), ('XDG_CURRENT_DESKTOP', 'ubuntu:GNOME'), ('XMODIFIERS', '@im=ibus'), ('XDG_SESSION_DESKTOP', 'ubuntu'), ('XAUTHORITY', '/run/user/1000/.mutter-Xwaylandauth.Q9KNN3'), ('LS_COLORS', 'rs=0:di=01;34:ln=01;36:mh=00:pi=40;33:so=01;35:do=01;35:bd=40;33;01:cd=40;33;01:or=40;31;01:mi=00:su=37;41:sg=30;43:ca=30;41:tw=30;42:ow=34;42:st=37;44:ex=01;32:*.tar=01;31:*.tgz=01;31:*.arc=01;31:*.arj=01;31:*.taz=01;31:*.lha=01;31:*.lz4=01;31:*.lzh=01;31:*.lzma=01;31:*.tlz=01;31:*.txz=01;31:*.tzo=01;31:*.t7z=01;31:*.zip=01;31:*.z=01;31:*.dz=01;31:*.gz=01;31:*.lrz=01;31:*.lz=01;31:*.lzo=01;31:*.xz=01;31:*.zst=01;31:*.tzst=01;31:*.bz2=01;31:*.bz=01;31:*.tbz=01;31:*.tbz2=01;31:*.tz=01;31:*.deb=01;31:*.rpm=01;31:*.jar=01;31:*.war=01;31:*.ear=01;31:*.sar=01;31:*.rar=01;31:*.alz=01;31:*.ace=01;31:*.zoo=01;31:*.cpio=01;31:*.7z=01;31:*.rz=01;31:*.cab=01;31:*.wim=01;31:*.swm=01;31:*.dwm=01;31:*.esd=01;31:*.jpg=01;35:*.jpeg=01;35:*.mjpg=01;35:*.mjpeg=01;35:*.gif=01;35:*.bmp=01;35:*.pbm=01;35:*.pgm=01;35:*.ppm=01;35:*.tga=01;35:*.xbm=01;35:*.xpm=01;35:*.tif=01;35:*.tiff=01;35:*.png=01;35:*.svg=01;35:*.svgz=01;35:*.mng=01;35:*.pcx=01;35:*.mov=01;35:*.mpg=01;35:*.mpeg=01;35:*.m2v=01;35:*.mkv=01;35:*.webm=01;35:*.webp=01;35:*.ogm=01;35:*.mp4=01;35:*.m4v=01;35:*.mp4v=01;35:*.vob=01;35:*.qt=01;35:*.nuv=01;35:*.wmv=01;35:*.asf=01;35:*.rm=01;35:*.rmvb=01;35:*.flc=01;35:*.avi=01;35:*.fli=01;35:*.flv=01;35:*.gl=01;35:*.dl=01;35:*.xcf=01;35:*.xwd=01;35:*.yuv=01;35:*.cgm=01;35:*.emf=01;35:*.ogv=01;35:*.ogx=01;35:*.aac=00;36:*.au=00;36:*.flac=00;36:*.m4a=00;36:*.mid=00;36:*.midi=00;36:*.mka=00;36:*.mp3=00;36:*.mpc=00;36:*.ogg=00;36:*.ra=00;36:*.wav=00;36:*.oga=00;36:*.opus=00;36:*.spx=00;36:*.xspf=00;36:'), ('GNOME_TERMINAL_SERVICE', ':1.325'), ('SSH_AGENT_LAUNCHER', 'gnome-keyring'), ('SSH_AUTH_SOCK', '/run/user/1000/keyring/ssh'), ('AMENT_PREFIX_PATH', '/home/msd/MSD2/REV4/install/spotarm_assembly_description:/home/msd/MSD2/REV4/install/gear_manipulator_moveit_config:/home/msd/MSD2/REV4/install/my_robot:/home/msd/MSD2/REV4/install/motor_bridge:/opt/ros/humble'), ('SHELL', '/bin/bash'), ('QT_ACCESSIBILITY', '1'), ('GDMSESSION', 'ubuntu'), ('LESSCLOSE', '/usr/bin/lesspipe %s %s'), ('QT_IM_MODULE', 'ibus'), ('PWD', '/home/msd/MSD2/REV4/build/robot_moveit_config'), ('XDG_CONFIG_DIRS', '/etc/xdg/xdg-ubuntu:/etc/xdg'), ('XDG_DATA_DIRS', '/usr/share/ubuntu:/usr/local/share/:/usr/share/:/var/lib/snapd/desktop'), ('PYTHONPATH', '/home/msd/MSD2/REV4/build/spotarm_assembly_description:/home/msd/MSD2/REV4/install/spotarm_assembly_description/lib/python3.10/site-packages:/opt/ros/humble/lib/python3.10/site-packages:/opt/ros/humble/local/lib/python3.10/dist-packages'), ('COLCON', '1'), ('VTE_VERSION', '6800'), ('CMAKE_PREFIX_PATH', '/home/msd/MSD2/REV4/install/gear_manipulator_moveit_config:/home/msd/MSD2/REV4/install/motor_bridge:/home/msd/MSD2/REV4/install/my_robot:/opt/ros/humble')]), 'shell': False}
[4.061005] (gear_manipulator_moveit_config) StdoutLine: {'line': b'-- Symlinking: /home/msd/MSD2/REV4/install/gear_manipulator_moveit_config/share/gear_manipulator_moveit_config/config/gear_manipulator.srdf\n'}
[4.084716] (gear_manipulator_moveit_config) StdoutLine: {'line': b'-- Symlinking: /home/msd/MSD2/REV4/install/gear_manipulator_moveit_config/share/gear_manipulator_moveit_config/config/gear_manipulator.urdf.xacro\n'}
[4.089897] (robot_commander) StdoutLine: {'line': b'[ 50%] \x1b[32mBuilding CXX object CMakeFiles/commander.dir/src/commander.cpp.o\x1b[0m\n'}
[4.094144] (robot_servoing) StdoutLine: {'line': b"-- Added test 'cppcheck' to perform static code analysis on C / C++ code\n"}
[4.095129] (robot_servoing) StdoutLine: {'line': b'-- Configured cppcheck include dirs: /home/msd/MSD2/REV4/src/robot_servoing/include\n'}
[4.095351] (robot_servoing) StdoutLine: {'line': b'-- Configured cppcheck exclude dirs and/or files: \n'}
[4.095832] (robot_servoing) StdoutLine: {'line': b"-- Added test 'flake8' to check Python code syntax and style conventions\n"}
[4.096891] (robot_servoing) StdoutLine: {'line': b"-- Added test 'lint_cmake' to check CMake code style\n"}
[4.097894] (robot_servoing) StdoutLine: {'line': b"-- Added test 'pep257' to check Python code against some of the docstring style conventions in PEP 257\n"}
[4.099553] (gear_manipulator_moveit_config) StdoutLine: {'line': b'-- Symlinking: /home/msd/MSD2/REV4/install/gear_manipulator_moveit_config/share/gear_manipulator_moveit_config/config/initial_positions.yaml\n'}
[4.099919] (robot_servoing) StdoutLine: {'line': b"-- Added test 'uncrustify' to check C / C++ code style\n"}
[4.100119] (robot_servoing) StdoutLine: {'line': b'-- Configured uncrustify additional arguments: \n'}
[4.101125] (robot_servoing) StdoutLine: {'line': b"-- Added test 'xmllint' to check XML markup files\n"}
[4.103283] (robot_servoing) StdoutLine: {'line': b'-- Configuring done\n'}
[4.112394] (gear_manipulator_moveit_config) StdoutLine: {'line': b'-- Symlinking: /home/msd/MSD2/REV4/install/gear_manipulator_moveit_config/share/gear_manipulator_moveit_config/config/joint_limits.yaml\n'}
[4.122589] (robot_moveit_config) CommandEnded: {'returncode': 0}
[4.123127] (robot_moveit_config) JobProgress: {'identifier': 'robot_moveit_config', 'progress': 'install'}
[4.123455] (robot_moveit_config) Command: {'cmd': ['/usr/bin/cmake', '--install', '/home/msd/MSD2/REV4/build/robot_moveit_config'], 'cwd': '/home/msd/MSD2/REV4/build/robot_moveit_config', 'env': OrderedDict([('LESSOPEN', '| /usr/bin/lesspipe %s'), ('USER', 'msd'), ('XDG_SESSION_TYPE', 'wayland'), ('SHLVL', '1'), ('LD_LIBRARY_PATH', '/opt/ros/humble/opt/rviz_ogre_vendor/lib:/opt/ros/humble/lib/x86_64-linux-gnu:/opt/ros/humble/lib'), ('HOME', '/home/msd'), ('OLDPWD', '/home/msd/MSD2/REV4'), ('DESKTOP_SESSION', 'ubuntu'), ('ROS_PYTHON_VERSION', '3'), ('GNOME_SHELL_SESSION_MODE', 'ubuntu'), ('GTK_MODULES', 'gail:atk-bridge'), ('SYSTEMD_EXEC_PID', '1554'), ('DBUS_SESSION_BUS_ADDRESS', 'unix:path=/run/user/1000/bus'), ('COLORTERM', 'truecolor'), ('IM_CONFIG_PHASE', '1'), ('WAYLAND_DISPLAY', 'wayland-0'), ('COLCON_PREFIX_PATH', '/home/msd/MSD2/REV4/install'), ('ROS_DISTRO', 'humble'), ('LOGNAME', 'msd'), ('_', '/usr/bin/colcon'), ('ROS_VERSION', '2'), ('XDG_SESSION_CLASS', 'user'), ('USERNAME', 'msd'), ('TERM', 'xterm-256color'), ('GNOME_DESKTOP_SESSION_ID', 'this-is-deprecated'), ('ROS_LOCALHOST_ONLY', '0'), ('PATH', '/opt/ros/humble/bin:/usr/local/sbin:/usr/local/bin:/usr/sbin:/usr/bin:/sbin:/bin:/usr/games:/usr/local/games:/snap/bin:/snap/bin'), ('SESSION_MANAGER', 'local/msd-ThinkPad-E14:@/tmp/.ICE-unix/1525,unix/msd-ThinkPad-E14:/tmp/.ICE-unix/1525'), ('XDG_MENU_PREFIX', 'gnome-'), ('GNOME_TERMINAL_SCREEN', '/org/gnome/Terminal/screen/7158f50d_a2ac_433b_a426_8c4df8937725'), ('GNOME_SETUP_DISPLAY', ':1'), ('XDG_RUNTIME_DIR', '/run/user/1000'), ('DISPLAY', ':0'), ('LANG', 'en_US.UTF-8'), ('XDG_CURRENT_DESKTOP', 'ubuntu:GNOME'), ('XMODIFIERS', '@im=ibus'), ('XDG_SESSION_DESKTOP', 'ubuntu'), ('XAUTHORITY', '/run/user/1000/.mutter-Xwaylandauth.Q9KNN3'), ('LS_COLORS', 'rs=0:di=01;34:ln=01;36:mh=00:pi=40;33:so=01;35:do=01;35:bd=40;33;01:cd=40;33;01:or=40;31;01:mi=00:su=37;41:sg=30;43:ca=30;41:tw=30;42:ow=34;42:st=37;44:ex=01;32:*.tar=01;31:*.tgz=01;31:*.arc=01;31:*.arj=01;31:*.taz=01;31:*.lha=01;31:*.lz4=01;31:*.lzh=01;31:*.lzma=01;31:*.tlz=01;31:*.txz=01;31:*.tzo=01;31:*.t7z=01;31:*.zip=01;31:*.z=01;31:*.dz=01;31:*.gz=01;31:*.lrz=01;31:*.lz=01;31:*.lzo=01;31:*.xz=01;31:*.zst=01;31:*.tzst=01;31:*.bz2=01;31:*.bz=01;31:*.tbz=01;31:*.tbz2=01;31:*.tz=01;31:*.deb=01;31:*.rpm=01;31:*.jar=01;31:*.war=01;31:*.ear=01;31:*.sar=01;31:*.rar=01;31:*.alz=01;31:*.ace=01;31:*.zoo=01;31:*.cpio=01;31:*.7z=01;31:*.rz=01;31:*.cab=01;31:*.wim=01;31:*.swm=01;31:*.dwm=01;31:*.esd=01;31:*.jpg=01;35:*.jpeg=01;35:*.mjpg=01;35:*.mjpeg=01;35:*.gif=01;35:*.bmp=01;35:*.pbm=01;35:*.pgm=01;35:*.ppm=01;35:*.tga=01;35:*.xbm=01;35:*.xpm=01;35:*.tif=01;35:*.tiff=01;35:*.png=01;35:*.svg=01;35:*.svgz=01;35:*.mng=01;35:*.pcx=01;35:*.mov=01;35:*.mpg=01;35:*.mpeg=01;35:*.m2v=01;35:*.mkv=01;35:*.webm=01;35:*.webp=01;35:*.ogm=01;35:*.mp4=01;35:*.m4v=01;35:*.mp4v=01;35:*.vob=01;35:*.qt=01;35:*.nuv=01;35:*.wmv=01;35:*.asf=01;35:*.rm=01;35:*.rmvb=01;35:*.flc=01;35:*.avi=01;35:*.fli=01;35:*.flv=01;35:*.gl=01;35:*.dl=01;35:*.xcf=01;35:*.xwd=01;35:*.yuv=01;35:*.cgm=01;35:*.emf=01;35:*.ogv=01;35:*.ogx=01;35:*.aac=00;36:*.au=00;36:*.flac=00;36:*.m4a=00;36:*.mid=00;36:*.midi=00;36:*.mka=00;36:*.mp3=00;36:*.mpc=00;36:*.ogg=00;36:*.ra=00;36:*.wav=00;36:*.oga=00;36:*.opus=00;36:*.spx=00;36:*.xspf=00;36:'), ('GNOME_TERMINAL_SERVICE', ':1.325'), ('SSH_AGENT_LAUNCHER', 'gnome-keyring'), ('SSH_AUTH_SOCK', '/run/user/1000/keyring/ssh'), ('AMENT_PREFIX_PATH', '/home/msd/MSD2/REV4/install/spotarm_assembly_description:/home/msd/MSD2/REV4/install/gear_manipulator_moveit_config:/home/msd/MSD2/REV4/install/my_robot:/home/msd/MSD2/REV4/install/motor_bridge:/opt/ros/humble'), ('SHELL', '/bin/bash'), ('QT_ACCESSIBILITY', '1'), ('GDMSESSION', 'ubuntu'), ('LESSCLOSE', '/usr/bin/lesspipe %s %s'), ('QT_IM_MODULE', 'ibus'), ('PWD', '/home/msd/MSD2/REV4/build/robot_moveit_config'), ('XDG_CONFIG_DIRS', '/etc/xdg/xdg-ubuntu:/etc/xdg'), ('XDG_DATA_DIRS', '/usr/share/ubuntu:/usr/local/share/:/usr/share/:/var/lib/snapd/desktop'), ('PYTHONPATH', '/home/msd/MSD2/REV4/build/spotarm_assembly_description:/home/msd/MSD2/REV4/install/spotarm_assembly_description/lib/python3.10/site-packages:/opt/ros/humble/lib/python3.10/site-packages:/opt/ros/humble/local/lib/python3.10/dist-packages'), ('COLCON', '1'), ('VTE_VERSION', '6800'), ('CMAKE_PREFIX_PATH', '/home/msd/MSD2/REV4/install/gear_manipulator_moveit_config:/home/msd/MSD2/REV4/install/motor_bridge:/home/msd/MSD2/REV4/install/my_robot:/opt/ros/humble')]), 'shell': False}
[4.125645] (gear_manipulator_moveit_config) StdoutLine: {'line': b'-- Symlinking: /home/msd/MSD2/REV4/install/gear_manipulator_moveit_config/share/gear_manipulator_moveit_config/config/kinematics.yaml\n'}
[4.129994] (-) TimerEvent: {}
[4.133724] (robot_moveit_config) StdoutLine: {'line': b'-- Install configuration: ""\n'}
[4.134248] (robot_moveit_config) StdoutLine: {'line': b'-- Execute custom install script\n'}
[4.134640] (robot_moveit_config) StdoutLine: {'line': b'-- Symlinking: /home/msd/MSD2/REV4/install/robot_moveit_config/share/ament_index/resource_index/package_run_dependencies/robot_moveit_config\n'}
[4.137573] (gear_manipulator_moveit_config) StdoutLine: {'line': b'-- Symlinking: /home/msd/MSD2/REV4/install/gear_manipulator_moveit_config/share/gear_manipulator_moveit_config/config/moveit.rviz\n'}
[4.145256] (robot_servoing) StdoutLine: {'line': b'-- Generating done\n'}
[4.146371] (robot_moveit_config) StdoutLine: {'line': b'-- Symlinking: /home/msd/MSD2/REV4/install/robot_moveit_config/share/ament_index/resource_index/parent_prefix_path/robot_moveit_config\n'}
[4.150863] (gear_manipulator_moveit_config) StdoutLine: {'line': b'-- Symlinking: /home/msd/MSD2/REV4/install/gear_manipulator_moveit_config/share/gear_manipulator_moveit_config/config/moveit_controllers.yaml\n'}
[4.155921] (robot_servoing) StdoutLine: {'line': b'-- Build files have been written to: /home/msd/MSD2/REV4/build/robot_servoing\n'}
[4.156619] (robot_moveit_config) StdoutLine: {'line': b'-- Symlinking: /home/msd/MSD2/REV4/install/robot_moveit_config/share/robot_moveit_config/environment/ament_prefix_path.sh\n'}
[4.168863] (gear_manipulator_moveit_config) StdoutLine: {'line': b'-- Symlinking: /home/msd/MSD2/REV4/install/gear_manipulator_moveit_config/share/gear_manipulator_moveit_config/config/pilz_cartesian_limits.yaml\n'}
[4.171866] (robot_moveit_config) StdoutLine: {'line': b'-- Symlinking: /home/msd/MSD2/REV4/install/robot_moveit_config/share/robot_moveit_config/environment/ament_prefix_path.dsv\n'}
[4.181090] (gear_manipulator_moveit_config) StdoutLine: {'line': b'-- Symlinking: /home/msd/MSD2/REV4/install/gear_manipulator_moveit_config/share/gear_manipulator_moveit_config/.setup_assistant\n'}
[4.187706] (robot_moveit_config) StdoutLine: {'line': b'-- Symlinking: /home/msd/MSD2/REV4/install/robot_moveit_config/share/robot_moveit_config/environment/path.sh\n'}
[4.192941] (robot_servoing) CommandEnded: {'returncode': 0}
[4.194010] (robot_servoing) JobProgress: {'identifier': 'robot_servoing', 'progress': 'build'}
[4.194682] (robot_servoing) Command: {'cmd': ['/usr/bin/cmake', '--build', '/home/msd/MSD2/REV4/build/robot_servoing', '--', '-j8', '-l8'], 'cwd': '/home/msd/MSD2/REV4/build/robot_servoing', 'env': OrderedDict([('LESSOPEN', '| /usr/bin/lesspipe %s'), ('USER', 'msd'), ('XDG_SESSION_TYPE', 'wayland'), ('SHLVL', '1'), ('LD_LIBRARY_PATH', '/opt/ros/humble/opt/rviz_ogre_vendor/lib:/opt/ros/humble/lib/x86_64-linux-gnu:/opt/ros/humble/lib'), ('HOME', '/home/msd'), ('OLDPWD', '/home/msd/MSD2/REV4'), ('DESKTOP_SESSION', 'ubuntu'), ('ROS_PYTHON_VERSION', '3'), ('GNOME_SHELL_SESSION_MODE', 'ubuntu'), ('GTK_MODULES', 'gail:atk-bridge'), ('SYSTEMD_EXEC_PID', '1554'), ('DBUS_SESSION_BUS_ADDRESS', 'unix:path=/run/user/1000/bus'), ('COLORTERM', 'truecolor'), ('IM_CONFIG_PHASE', '1'), ('WAYLAND_DISPLAY', 'wayland-0'), ('COLCON_PREFIX_PATH', '/home/msd/MSD2/REV4/install'), ('ROS_DISTRO', 'humble'), ('LOGNAME', 'msd'), ('_', '/usr/bin/colcon'), ('ROS_VERSION', '2'), ('XDG_SESSION_CLASS', 'user'), ('USERNAME', 'msd'), ('TERM', 'xterm-256color'), ('GNOME_DESKTOP_SESSION_ID', 'this-is-deprecated'), ('ROS_LOCALHOST_ONLY', '0'), ('PATH', '/opt/ros/humble/bin:/usr/local/sbin:/usr/local/bin:/usr/sbin:/usr/bin:/sbin:/bin:/usr/games:/usr/local/games:/snap/bin:/snap/bin'), ('SESSION_MANAGER', 'local/msd-ThinkPad-E14:@/tmp/.ICE-unix/1525,unix/msd-ThinkPad-E14:/tmp/.ICE-unix/1525'), ('XDG_MENU_PREFIX', 'gnome-'), ('GNOME_TERMINAL_SCREEN', '/org/gnome/Terminal/screen/7158f50d_a2ac_433b_a426_8c4df8937725'), ('GNOME_SETUP_DISPLAY', ':1'), ('XDG_RUNTIME_DIR', '/run/user/1000'), ('DISPLAY', ':0'), ('LANG', 'en_US.UTF-8'), ('XDG_CURRENT_DESKTOP', 'ubuntu:GNOME'), ('XMODIFIERS', '@im=ibus'), ('XDG_SESSION_DESKTOP', 'ubuntu'), ('XAUTHORITY', '/run/user/1000/.mutter-Xwaylandauth.Q9KNN3'), ('LS_COLORS', 'rs=0:di=01;34:ln=01;36:mh=00:pi=40;33:so=01;35:do=01;35:bd=40;33;01:cd=40;33;01:or=40;31;01:mi=00:su=37;41:sg=30;43:ca=30;41:tw=30;42:ow=34;42:st=37;44:ex=01;32:*.tar=01;31:*.tgz=01;31:*.arc=01;31:*.arj=01;31:*.taz=01;31:*.lha=01;31:*.lz4=01;31:*.lzh=01;31:*.lzma=01;31:*.tlz=01;31:*.txz=01;31:*.tzo=01;31:*.t7z=01;31:*.zip=01;31:*.z=01;31:*.dz=01;31:*.gz=01;31:*.lrz=01;31:*.lz=01;31:*.lzo=01;31:*.xz=01;31:*.zst=01;31:*.tzst=01;31:*.bz2=01;31:*.bz=01;31:*.tbz=01;31:*.tbz2=01;31:*.tz=01;31:*.deb=01;31:*.rpm=01;31:*.jar=01;31:*.war=01;31:*.ear=01;31:*.sar=01;31:*.rar=01;31:*.alz=01;31:*.ace=01;31:*.zoo=01;31:*.cpio=01;31:*.7z=01;31:*.rz=01;31:*.cab=01;31:*.wim=01;31:*.swm=01;31:*.dwm=01;31:*.esd=01;31:*.jpg=01;35:*.jpeg=01;35:*.mjpg=01;35:*.mjpeg=01;35:*.gif=01;35:*.bmp=01;35:*.pbm=01;35:*.pgm=01;35:*.ppm=01;35:*.tga=01;35:*.xbm=01;35:*.xpm=01;35:*.tif=01;35:*.tiff=01;35:*.png=01;35:*.svg=01;35:*.svgz=01;35:*.mng=01;35:*.pcx=01;35:*.mov=01;35:*.mpg=01;35:*.mpeg=01;35:*.m2v=01;35:*.mkv=01;35:*.webm=01;35:*.webp=01;35:*.ogm=01;35:*.mp4=01;35:*.m4v=01;35:*.mp4v=01;35:*.vob=01;35:*.qt=01;35:*.nuv=01;35:*.wmv=01;35:*.asf=01;35:*.rm=01;35:*.rmvb=01;35:*.flc=01;35:*.avi=01;35:*.fli=01;35:*.flv=01;35:*.gl=01;35:*.dl=01;35:*.xcf=01;35:*.xwd=01;35:*.yuv=01;35:*.cgm=01;35:*.emf=01;35:*.ogv=01;35:*.ogx=01;35:*.aac=00;36:*.au=00;36:*.flac=00;36:*.m4a=00;36:*.mid=00;36:*.midi=00;36:*.mka=00;36:*.mp3=00;36:*.mpc=00;36:*.ogg=00;36:*.ra=00;36:*.wav=00;36:*.oga=00;36:*.opus=00;36:*.spx=00;36:*.xspf=00;36:'), ('GNOME_TERMINAL_SERVICE', ':1.325'), ('SSH_AGENT_LAUNCHER', 'gnome-keyring'), ('SSH_AUTH_SOCK', '/run/user/1000/keyring/ssh'), ('AMENT_PREFIX_PATH', '/home/msd/MSD2/REV4/install/gear_manipulator_moveit_config:/home/msd/MSD2/REV4/install/my_robot:/home/msd/MSD2/REV4/install/motor_bridge:/opt/ros/humble'), ('SHELL', '/bin/bash'), ('QT_ACCESSIBILITY', '1'), ('GDMSESSION', 'ubuntu'), ('LESSCLOSE', '/usr/bin/lesspipe %s %s'), ('QT_IM_MODULE', 'ibus'), ('PWD', '/home/msd/MSD2/REV4/build/robot_servoing'), ('XDG_CONFIG_DIRS', '/etc/xdg/xdg-ubuntu:/etc/xdg'), ('XDG_DATA_DIRS', '/usr/share/ubuntu:/usr/local/share/:/usr/share/:/var/lib/snapd/desktop'), ('PYTHONPATH', '/opt/ros/humble/lib/python3.10/site-packages:/opt/ros/humble/local/lib/python3.10/dist-packages'), ('COLCON', '1'), ('VTE_VERSION', '6800'), ('CMAKE_PREFIX_PATH', '/home/msd/MSD2/REV4/install/gear_manipulator_moveit_config:/home/msd/MSD2/REV4/install/motor_bridge:/home/msd/MSD2/REV4/install/my_robot:/opt/ros/humble')]), 'shell': False}
[4.199370] (robot_moveit_config) StdoutLine: {'line': b'-- Symlinking: /home/msd/MSD2/REV4/install/robot_moveit_config/share/robot_moveit_config/environment/path.dsv\n'}
[4.200585] (gear_manipulator_moveit_config) CommandEnded: {'returncode': 0}
[4.209189] (robot_moveit_config) StdoutLine: {'line': b'-- Symlinking: /home/msd/MSD2/REV4/install/robot_moveit_config/share/robot_moveit_config/local_setup.bash\n'}
[4.218064] (gear_manipulator_moveit_config) JobEnded: {'identifier': 'gear_manipulator_moveit_config', 'rc': 0}
[4.218563] (robot_moveit_config) StdoutLine: {'line': b'-- Symlinking: /home/msd/MSD2/REV4/install/robot_moveit_config/share/robot_moveit_config/local_setup.sh\n'}
[4.226783] (robot_moveit_config) StdoutLine: {'line': b'-- Symlinking: /home/msd/MSD2/REV4/install/robot_moveit_config/share/robot_moveit_config/local_setup.zsh\n'}
[4.230125] (-) TimerEvent: {}
[4.235564] (robot_moveit_config) StdoutLine: {'line': b'-- Symlinking: /home/msd/MSD2/REV4/install/robot_moveit_config/share/robot_moveit_config/local_setup.dsv\n'}
[4.245891] (robot_moveit_config) StdoutLine: {'line': b'-- Symlinking: /home/msd/MSD2/REV4/install/robot_moveit_config/share/robot_moveit_config/package.dsv\n'}
[4.261330] (robot_moveit_config) StdoutLine: {'line': b'-- Symlinking: /home/msd/MSD2/REV4/install/robot_moveit_config/share/ament_index/resource_index/packages/robot_moveit_config\n'}
[4.265950] (robot_servoing) StdoutLine: {'line': b'[ 50%] \x1b[32mBuilding CXX object CMakeFiles/servo_controller_input.dir/src/my_gamepad_to_servo_node.cpp.o\x1b[0m\n'}
[4.270347] (robot_moveit_config) StdoutLine: {'line': b'-- Symlinking: /home/msd/MSD2/REV4/install/robot_moveit_config/share/robot_moveit_config/cmake/robot_moveit_configConfig.cmake\n'}
[4.280933] (robot_moveit_config) StdoutLine: {'line': b'-- Symlinking: /home/msd/MSD2/REV4/install/robot_moveit_config/share/robot_moveit_config/cmake/robot_moveit_configConfig-version.cmake\n'}
[4.289838] (robot_moveit_config) StdoutLine: {'line': b'-- Symlinking: /home/msd/MSD2/REV4/install/robot_moveit_config/share/robot_moveit_config/package.xml\n'}
[4.299078] (robot_moveit_config) StdoutLine: {'line': b'-- Symlinking: /home/msd/MSD2/REV4/install/robot_moveit_config/share/robot_moveit_config/launch/demo.launch.py\n'}
[4.307666] (robot_moveit_config) StdoutLine: {'line': b'-- Symlinking: /home/msd/MSD2/REV4/install/robot_moveit_config/share/robot_moveit_config/launch/move_group.launch.py\n'}
[4.316445] (robot_moveit_config) StdoutLine: {'line': b'-- Symlinking: /home/msd/MSD2/REV4/install/robot_moveit_config/share/robot_moveit_config/launch/moveit_rviz.launch.py\n'}
[4.324920] (robot_moveit_config) StdoutLine: {'line': b'-- Symlinking: /home/msd/MSD2/REV4/install/robot_moveit_config/share/robot_moveit_config/launch/rsp.launch.py\n'}
[4.330241] (-) TimerEvent: {}
[4.333313] (robot_moveit_config) StdoutLine: {'line': b'-- Symlinking: /home/msd/MSD2/REV4/install/robot_moveit_config/share/robot_moveit_config/launch/setup_assistant.launch.py\n'}
[4.341596] (robot_moveit_config) StdoutLine: {'line': b'-- Symlinking: /home/msd/MSD2/REV4/install/robot_moveit_config/share/robot_moveit_config/launch/spawn_controllers.launch.py\n'}
[4.350740] (robot_moveit_config) StdoutLine: {'line': b'-- Symlinking: /home/msd/MSD2/REV4/install/robot_moveit_config/share/robot_moveit_config/launch/static_virtual_joint_tfs.launch.py\n'}
[4.362149] (robot_moveit_config) StdoutLine: {'line': b'-- Symlinking: /home/msd/MSD2/REV4/install/robot_moveit_config/share/robot_moveit_config/config/initial_positions.yaml\n'}
[4.373286] (robot_moveit_config) StdoutLine: {'line': b'-- Symlinking: /home/msd/MSD2/REV4/install/robot_moveit_config/share/robot_moveit_config/config/joint_limits.yaml\n'}
[4.382514] (robot_moveit_config) StdoutLine: {'line': b'-- Symlinking: /home/msd/MSD2/REV4/install/robot_moveit_config/share/robot_moveit_config/config/kinematics.yaml\n'}
[4.391874] (robot_moveit_config) StdoutLine: {'line': b'-- Symlinking: /home/msd/MSD2/REV4/install/robot_moveit_config/share/robot_moveit_config/config/moveit.rviz\n'}
[4.401113] (robot_moveit_config) StdoutLine: {'line': b'-- Symlinking: /home/msd/MSD2/REV4/install/robot_moveit_config/share/robot_moveit_config/config/moveit_controllers.yaml\n'}
[4.409941] (robot_moveit_config) StdoutLine: {'line': b'-- Symlinking: /home/msd/MSD2/REV4/install/robot_moveit_config/share/robot_moveit_config/config/pilz_cartesian_limits.yaml\n'}
[4.418818] (robot_moveit_config) StdoutLine: {'line': b'-- Symlinking: /home/msd/MSD2/REV4/install/robot_moveit_config/share/robot_moveit_config/config/ros2_controllers.yaml\n'}
[4.428686] (robot_moveit_config) StdoutLine: {'line': b'-- Symlinking: /home/msd/MSD2/REV4/install/robot_moveit_config/share/robot_moveit_config/config/spotarm_assembly.ros2_control.xacro\n'}
[4.430421] (-) TimerEvent: {}
[4.441571] (robot_moveit_config) StdoutLine: {'line': b'-- Symlinking: /home/msd/MSD2/REV4/install/robot_moveit_config/share/robot_moveit_config/config/spotarm_assembly.srdf\n'}
[4.453224] (robot_moveit_config) StdoutLine: {'line': b'-- Symlinking: /home/msd/MSD2/REV4/install/robot_moveit_config/share/robot_moveit_config/config/spotarm_assembly.urdf.xacro\n'}
[4.471221] (robot_moveit_config) StdoutLine: {'line': b'-- Symlinking: /home/msd/MSD2/REV4/install/robot_moveit_config/share/robot_moveit_config/.setup_assistant\n'}
[4.476559] (robot_hardware) StderrLine: {'line': b'\x1b[01m\x1b[K/home/msd/MSD2/REV4/src/robot_hardware/src/arm_hardware_interface.cpp:\x1b[m\x1b[K In member function \xe2\x80\x98\x1b[01m\x1b[Kvirtual hardware_interface::CallbackReturn robot_hardware::ArmHardwareInterface::on_configure(const rclcpp_lifecycle::State&)\x1b[m\x1b[K\xe2\x80\x99:\n'}
[4.476774] (robot_hardware) StderrLine: {'line': b'\x1b[01m\x1b[K/home/msd/MSD2/REV4/src/robot_hardware/src/arm_hardware_interface.cpp:95:25:\x1b[m\x1b[K \x1b[01;35m\x1b[Kwarning: \x1b[m\x1b[Kcomparison of integer expressions of different signedness: \xe2\x80\x98\x1b[01m\x1b[Kint\x1b[m\x1b[K\xe2\x80\x99 and \xe2\x80\x98\x1b[01m\x1b[Kstd::vector<int>::size_type\x1b[m\x1b[K\xe2\x80\x99 {aka \xe2\x80\x98\x1b[01m\x1b[Klong unsigned int\x1b[m\x1b[K\xe2\x80\x99} [\x1b[01;35m\x1b[K\x1b]8;;https://gcc.gnu.org/onlinedocs/gcc/Warning-Options.html#index-Wsign-compare\x07-Wsign-compare\x1b]8;;\x07\x1b[m\x1b[K]\n'}
[4.476883] (robot_hardware) StderrLine: {'line': b'   95 |         for (int i=0; \x1b[01;35m\x1b[Ki < motor_ids_.size()\x1b[m\x1b[K; i++){\n'}
[4.476991] (robot_hardware) StderrLine: {'line': b'      |                       \x1b[01;35m\x1b[K~~^~~~~~~~~~~~~~~~~~~\x1b[m\x1b[K\n'}
[4.489129] (robot_moveit_config) CommandEnded: {'returncode': 0}
[4.503540] (robot_hardware) StderrLine: {'line': b'\x1b[01m\x1b[K/home/msd/MSD2/REV4/src/robot_hardware/src/arm_hardware_interface.cpp:\x1b[m\x1b[K In member function \xe2\x80\x98\x1b[01m\x1b[Kvirtual hardware_interface::return_type robot_hardware::ArmHardwareInterface::read(const rclcpp::Time&, const rclcpp::Duration&)\x1b[m\x1b[K\xe2\x80\x99:\n'}
[4.504217] (robot_hardware) StderrLine: {'line': b'\x1b[01m\x1b[K/home/msd/MSD2/REV4/src/robot_hardware/src/arm_hardware_interface.cpp:137:116:\x1b[m\x1b[K \x1b[01;35m\x1b[Kwarning: \x1b[m\x1b[Kunused parameter \xe2\x80\x98\x1b[01m\x1b[Kperiod\x1b[m\x1b[K\xe2\x80\x99 [\x1b[01;35m\x1b[K\x1b]8;;https://gcc.gnu.org/onlinedocs/gcc/Warning-Options.html#index-Wunused-parameter\x07-Wunused-parameter\x1b]8;;\x07\x1b[m\x1b[K]\n'}
[4.504592] (robot_hardware) StderrLine: {'line': b'  137 |     hardware_interface::return_type ArmHardwareInterface::read(const rclcpp::Time & time, \x1b[01;35m\x1b[Kconst rclcpp::Duration & period\x1b[m\x1b[K){\n'}
[4.505466] (robot_hardware) StderrLine: {'line': b'      |                                                                                           \x1b[01;35m\x1b[K~~~~~~~~~~~~~~~~~~~~~~~~~^~~~~~\x1b[m\x1b[K\n'}
[4.505572] (robot_hardware) StderrLine: {'line': b'\x1b[01m\x1b[K/home/msd/MSD2/REV4/src/robot_hardware/src/arm_hardware_interface.cpp:\x1b[m\x1b[K In member function \xe2\x80\x98\x1b[01m\x1b[Kvirtual hardware_interface::return_type robot_hardware::ArmHardwareInterface::write(const rclcpp::Time&, const rclcpp::Duration&)\x1b[m\x1b[K\xe2\x80\x99:\n'}
[4.505640] (robot_hardware) StderrLine: {'line': b'\x1b[01m\x1b[K/home/msd/MSD2/REV4/src/robot_hardware/src/arm_hardware_interface.cpp:148:86:\x1b[m\x1b[K \x1b[01;35m\x1b[Kwarning: \x1b[m\x1b[Kunused parameter \xe2\x80\x98\x1b[01m\x1b[Ktime\x1b[m\x1b[K\xe2\x80\x99 [\x1b[01;35m\x1b[K\x1b]8;;https://gcc.gnu.org/onlinedocs/gcc/Warning-Options.html#index-Wunused-parameter\x07-Wunused-parameter\x1b]8;;\x07\x1b[m\x1b[K]\n'}
[4.506020] (robot_hardware) StderrLine: {'line': b'  148 |     hardware_interface::return_type ArmHardwareInterface::write(\x1b[01;35m\x1b[Kconst rclcpp::Time & time\x1b[m\x1b[K, const rclcpp::Duration & period){\n'}
[4.506090] (robot_hardware) StderrLine: {'line': b'      |                                                                 \x1b[01;35m\x1b[K~~~~~~~~~~~~~~~~~~~~~^~~~\x1b[m\x1b[K\n'}
[4.506150] (robot_hardware) StderrLine: {'line': b'\x1b[01m\x1b[K/home/msd/MSD2/REV4/src/robot_hardware/src/arm_hardware_interface.cpp:148:117:\x1b[m\x1b[K \x1b[01;35m\x1b[Kwarning: \x1b[m\x1b[Kunused parameter \xe2\x80\x98\x1b[01m\x1b[Kperiod\x1b[m\x1b[K\xe2\x80\x99 [\x1b[01;35m\x1b[K\x1b]8;;https://gcc.gnu.org/onlinedocs/gcc/Warning-Options.html#index-Wunused-parameter\x07-Wunused-parameter\x1b]8;;\x07\x1b[m\x1b[K]\n'}
[4.506213] (robot_hardware) StderrLine: {'line': b'  148 |     hardware_interface::return_type ArmHardwareInterface::write(const rclcpp::Time & time, \x1b[01;35m\x1b[Kconst rclcpp::Duration & period\x1b[m\x1b[K){\n'}
[4.506271] (robot_hardware) StderrLine: {'line': b'      |                                                                                            \x1b[01;35m\x1b[K~~~~~~~~~~~~~~~~~~~~~~~~~^~~~~~\x1b[m\x1b[K\n'}
[4.513959] (robot_moveit_config) JobEnded: {'identifier': 'robot_moveit_config', 'rc': 0}
[4.514676] (robot_bringup) JobStarted: {'identifier': 'robot_bringup'}
[4.522975] (robot_bringup) JobProgress: {'identifier': 'robot_bringup', 'progress': 'cmake'}
[4.523441] (robot_bringup) Command: {'cmd': ['/usr/bin/cmake', '/home/msd/MSD2/REV4/src/robot_bringup', '-DAMENT_CMAKE_SYMLINK_INSTALL=1', '-DCMAKE_INSTALL_PREFIX=/home/msd/MSD2/REV4/install/robot_bringup'], 'cwd': '/home/msd/MSD2/REV4/build/robot_bringup', 'env': OrderedDict([('LESSOPEN', '| /usr/bin/lesspipe %s'), ('USER', 'msd'), ('XDG_SESSION_TYPE', 'wayland'), ('SHLVL', '1'), ('LD_LIBRARY_PATH', '/opt/ros/humble/opt/rviz_ogre_vendor/lib:/opt/ros/humble/lib/x86_64-linux-gnu:/opt/ros/humble/lib'), ('HOME', '/home/msd'), ('OLDPWD', '/home/msd/MSD2/REV4'), ('DESKTOP_SESSION', 'ubuntu'), ('ROS_PYTHON_VERSION', '3'), ('GNOME_SHELL_SESSION_MODE', 'ubuntu'), ('GTK_MODULES', 'gail:atk-bridge'), ('SYSTEMD_EXEC_PID', '1554'), ('DBUS_SESSION_BUS_ADDRESS', 'unix:path=/run/user/1000/bus'), ('COLORTERM', 'truecolor'), ('IM_CONFIG_PHASE', '1'), ('WAYLAND_DISPLAY', 'wayland-0'), ('COLCON_PREFIX_PATH', '/home/msd/MSD2/REV4/install'), ('ROS_DISTRO', 'humble'), ('LOGNAME', 'msd'), ('_', '/usr/bin/colcon'), ('ROS_VERSION', '2'), ('XDG_SESSION_CLASS', 'user'), ('USERNAME', 'msd'), ('TERM', 'xterm-256color'), ('GNOME_DESKTOP_SESSION_ID', 'this-is-deprecated'), ('ROS_LOCALHOST_ONLY', '0'), ('PATH', '/opt/ros/humble/bin:/usr/local/sbin:/usr/local/bin:/usr/sbin:/usr/bin:/sbin:/bin:/usr/games:/usr/local/games:/snap/bin:/snap/bin'), ('SESSION_MANAGER', 'local/msd-ThinkPad-E14:@/tmp/.ICE-unix/1525,unix/msd-ThinkPad-E14:/tmp/.ICE-unix/1525'), ('XDG_MENU_PREFIX', 'gnome-'), ('GNOME_TERMINAL_SCREEN', '/org/gnome/Terminal/screen/7158f50d_a2ac_433b_a426_8c4df8937725'), ('GNOME_SETUP_DISPLAY', ':1'), ('XDG_RUNTIME_DIR', '/run/user/1000'), ('DISPLAY', ':0'), ('LANG', 'en_US.UTF-8'), ('XDG_CURRENT_DESKTOP', 'ubuntu:GNOME'), ('XMODIFIERS', '@im=ibus'), ('XDG_SESSION_DESKTOP', 'ubuntu'), ('XAUTHORITY', '/run/user/1000/.mutter-Xwaylandauth.Q9KNN3'), ('LS_COLORS', 'rs=0:di=01;34:ln=01;36:mh=00:pi=40;33:so=01;35:do=01;35:bd=40;33;01:cd=40;33;01:or=40;31;01:mi=00:su=37;41:sg=30;43:ca=30;41:tw=30;42:ow=34;42:st=37;44:ex=01;32:*.tar=01;31:*.tgz=01;31:*.arc=01;31:*.arj=01;31:*.taz=01;31:*.lha=01;31:*.lz4=01;31:*.lzh=01;31:*.lzma=01;31:*.tlz=01;31:*.txz=01;31:*.tzo=01;31:*.t7z=01;31:*.zip=01;31:*.z=01;31:*.dz=01;31:*.gz=01;31:*.lrz=01;31:*.lz=01;31:*.lzo=01;31:*.xz=01;31:*.zst=01;31:*.tzst=01;31:*.bz2=01;31:*.bz=01;31:*.tbz=01;31:*.tbz2=01;31:*.tz=01;31:*.deb=01;31:*.rpm=01;31:*.jar=01;31:*.war=01;31:*.ear=01;31:*.sar=01;31:*.rar=01;31:*.alz=01;31:*.ace=01;31:*.zoo=01;31:*.cpio=01;31:*.7z=01;31:*.rz=01;31:*.cab=01;31:*.wim=01;31:*.swm=01;31:*.dwm=01;31:*.esd=01;31:*.jpg=01;35:*.jpeg=01;35:*.mjpg=01;35:*.mjpeg=01;35:*.gif=01;35:*.bmp=01;35:*.pbm=01;35:*.pgm=01;35:*.ppm=01;35:*.tga=01;35:*.xbm=01;35:*.xpm=01;35:*.tif=01;35:*.tiff=01;35:*.png=01;35:*.svg=01;35:*.svgz=01;35:*.mng=01;35:*.pcx=01;35:*.mov=01;35:*.mpg=01;35:*.mpeg=01;35:*.m2v=01;35:*.mkv=01;35:*.webm=01;35:*.webp=01;35:*.ogm=01;35:*.mp4=01;35:*.m4v=01;35:*.mp4v=01;35:*.vob=01;35:*.qt=01;35:*.nuv=01;35:*.wmv=01;35:*.asf=01;35:*.rm=01;35:*.rmvb=01;35:*.flc=01;35:*.avi=01;35:*.fli=01;35:*.flv=01;35:*.gl=01;35:*.dl=01;35:*.xcf=01;35:*.xwd=01;35:*.yuv=01;35:*.cgm=01;35:*.emf=01;35:*.ogv=01;35:*.ogx=01;35:*.aac=00;36:*.au=00;36:*.flac=00;36:*.m4a=00;36:*.mid=00;36:*.midi=00;36:*.mka=00;36:*.mp3=00;36:*.mpc=00;36:*.ogg=00;36:*.ra=00;36:*.wav=00;36:*.oga=00;36:*.opus=00;36:*.spx=00;36:*.xspf=00;36:'), ('GNOME_TERMINAL_SERVICE', ':1.325'), ('SSH_AGENT_LAUNCHER', 'gnome-keyring'), ('SSH_AUTH_SOCK', '/run/user/1000/keyring/ssh'), ('AMENT_PREFIX_PATH', '/home/msd/MSD2/REV4/install/robot_moveit_config:/home/msd/MSD2/REV4/install/spotarm_assembly_description:/home/msd/MSD2/REV4/install/gear_manipulator_moveit_config:/home/msd/MSD2/REV4/install/my_robot:/home/msd/MSD2/REV4/install/motor_bridge:/opt/ros/humble'), ('SHELL', '/bin/bash'), ('QT_ACCESSIBILITY', '1'), ('GDMSESSION', 'ubuntu'), ('LESSCLOSE', '/usr/bin/lesspipe %s %s'), ('QT_IM_MODULE', 'ibus'), ('PWD', '/home/msd/MSD2/REV4/build/robot_bringup'), ('XDG_CONFIG_DIRS', '/etc/xdg/xdg-ubuntu:/etc/xdg'), ('XDG_DATA_DIRS', '/usr/share/ubuntu:/usr/local/share/:/usr/share/:/var/lib/snapd/desktop'), ('PYTHONPATH', '/home/msd/MSD2/REV4/build/spotarm_assembly_description:/home/msd/MSD2/REV4/install/spotarm_assembly_description/lib/python3.10/site-packages:/opt/ros/humble/lib/python3.10/site-packages:/opt/ros/humble/local/lib/python3.10/dist-packages'), ('COLCON', '1'), ('VTE_VERSION', '6800'), ('CMAKE_PREFIX_PATH', '/home/msd/MSD2/REV4/install/robot_moveit_config:/home/msd/MSD2/REV4/install/gear_manipulator_moveit_config:/home/msd/MSD2/REV4/install/motor_bridge:/home/msd/MSD2/REV4/install/my_robot:/opt/ros/humble')]), 'shell': False}
[4.530528] (-) TimerEvent: {}
[4.627843] (robot_bringup) StdoutLine: {'line': b'-- The C compiler identification is GNU 11.4.0\n'}
[4.630629] (-) TimerEvent: {}
[4.704586] (robot_bringup) StdoutLine: {'line': b'-- The CXX compiler identification is GNU 11.4.0\n'}
[4.714880] (robot_bringup) StdoutLine: {'line': b'-- Detecting C compiler ABI info\n'}
[4.730751] (-) TimerEvent: {}
[4.808309] (robot_bringup) StdoutLine: {'line': b'-- Detecting C compiler ABI info - done\n'}
[4.818220] (robot_bringup) StdoutLine: {'line': b'-- Check for working C compiler: /usr/bin/cc - skipped\n'}
[4.818522] (robot_bringup) StdoutLine: {'line': b'-- Detecting C compile features\n'}
[4.819337] (robot_bringup) StdoutLine: {'line': b'-- Detecting C compile features - done\n'}
[4.823248] (robot_bringup) StdoutLine: {'line': b'-- Detecting CXX compiler ABI info\n'}
[4.830856] (-) TimerEvent: {}
[4.910576] (robot_bringup) StdoutLine: {'line': b'-- Detecting CXX compiler ABI info - done\n'}
[4.926690] (robot_bringup) StdoutLine: {'line': b'-- Check for working CXX compiler: /usr/bin/c++ - skipped\n'}
[4.926972] (robot_bringup) StdoutLine: {'line': b'-- Detecting CXX compile features\n'}
[4.927769] (robot_bringup) StdoutLine: {'line': b'-- Detecting CXX compile features - done\n'}
[4.930976] (-) TimerEvent: {}
[4.931391] (robot_bringup) StdoutLine: {'line': b'-- Found ament_cmake: 1.3.14 (/opt/ros/humble/share/ament_cmake/cmake)\n'}
[5.031085] (-) TimerEvent: {}
[5.131997] (-) TimerEvent: {}
[5.146041] (robot_bringup) StdoutLine: {'line': b'-- Found Python3: /usr/bin/python3 (found version "3.10.12") found components: Interpreter \n'}
[5.232142] (-) TimerEvent: {}
[5.237865] (robot_bringup) StdoutLine: {'line': b'-- Override CMake install command with custom implementation using symlinks instead of copying resources\n'}
[5.332245] (-) TimerEvent: {}
[5.373438] (robot_bringup) StdoutLine: {'line': b'-- Configuring done\n'}
[5.376476] (robot_bringup) StdoutLine: {'line': b'-- Generating done\n'}
[5.378078] (robot_bringup) StdoutLine: {'line': b'-- Build files have been written to: /home/msd/MSD2/REV4/build/robot_bringup\n'}
[5.384657] (robot_bringup) CommandEnded: {'returncode': 0}
[5.385528] (robot_bringup) JobProgress: {'identifier': 'robot_bringup', 'progress': 'build'}
[5.386588] (robot_bringup) Command: {'cmd': ['/usr/bin/cmake', '--build', '/home/msd/MSD2/REV4/build/robot_bringup', '--', '-j8', '-l8'], 'cwd': '/home/msd/MSD2/REV4/build/robot_bringup', 'env': OrderedDict([('LESSOPEN', '| /usr/bin/lesspipe %s'), ('USER', 'msd'), ('XDG_SESSION_TYPE', 'wayland'), ('SHLVL', '1'), ('LD_LIBRARY_PATH', '/opt/ros/humble/opt/rviz_ogre_vendor/lib:/opt/ros/humble/lib/x86_64-linux-gnu:/opt/ros/humble/lib'), ('HOME', '/home/msd'), ('OLDPWD', '/home/msd/MSD2/REV4'), ('DESKTOP_SESSION', 'ubuntu'), ('ROS_PYTHON_VERSION', '3'), ('GNOME_SHELL_SESSION_MODE', 'ubuntu'), ('GTK_MODULES', 'gail:atk-bridge'), ('SYSTEMD_EXEC_PID', '1554'), ('DBUS_SESSION_BUS_ADDRESS', 'unix:path=/run/user/1000/bus'), ('COLORTERM', 'truecolor'), ('IM_CONFIG_PHASE', '1'), ('WAYLAND_DISPLAY', 'wayland-0'), ('COLCON_PREFIX_PATH', '/home/msd/MSD2/REV4/install'), ('ROS_DISTRO', 'humble'), ('LOGNAME', 'msd'), ('_', '/usr/bin/colcon'), ('ROS_VERSION', '2'), ('XDG_SESSION_CLASS', 'user'), ('USERNAME', 'msd'), ('TERM', 'xterm-256color'), ('GNOME_DESKTOP_SESSION_ID', 'this-is-deprecated'), ('ROS_LOCALHOST_ONLY', '0'), ('PATH', '/opt/ros/humble/bin:/usr/local/sbin:/usr/local/bin:/usr/sbin:/usr/bin:/sbin:/bin:/usr/games:/usr/local/games:/snap/bin:/snap/bin'), ('SESSION_MANAGER', 'local/msd-ThinkPad-E14:@/tmp/.ICE-unix/1525,unix/msd-ThinkPad-E14:/tmp/.ICE-unix/1525'), ('XDG_MENU_PREFIX', 'gnome-'), ('GNOME_TERMINAL_SCREEN', '/org/gnome/Terminal/screen/7158f50d_a2ac_433b_a426_8c4df8937725'), ('GNOME_SETUP_DISPLAY', ':1'), ('XDG_RUNTIME_DIR', '/run/user/1000'), ('DISPLAY', ':0'), ('LANG', 'en_US.UTF-8'), ('XDG_CURRENT_DESKTOP', 'ubuntu:GNOME'), ('XMODIFIERS', '@im=ibus'), ('XDG_SESSION_DESKTOP', 'ubuntu'), ('XAUTHORITY', '/run/user/1000/.mutter-Xwaylandauth.Q9KNN3'), ('LS_COLORS', 'rs=0:di=01;34:ln=01;36:mh=00:pi=40;33:so=01;35:do=01;35:bd=40;33;01:cd=40;33;01:or=40;31;01:mi=00:su=37;41:sg=30;43:ca=30;41:tw=30;42:ow=34;42:st=37;44:ex=01;32:*.tar=01;31:*.tgz=01;31:*.arc=01;31:*.arj=01;31:*.taz=01;31:*.lha=01;31:*.lz4=01;31:*.lzh=01;31:*.lzma=01;31:*.tlz=01;31:*.txz=01;31:*.tzo=01;31:*.t7z=01;31:*.zip=01;31:*.z=01;31:*.dz=01;31:*.gz=01;31:*.lrz=01;31:*.lz=01;31:*.lzo=01;31:*.xz=01;31:*.zst=01;31:*.tzst=01;31:*.bz2=01;31:*.bz=01;31:*.tbz=01;31:*.tbz2=01;31:*.tz=01;31:*.deb=01;31:*.rpm=01;31:*.jar=01;31:*.war=01;31:*.ear=01;31:*.sar=01;31:*.rar=01;31:*.alz=01;31:*.ace=01;31:*.zoo=01;31:*.cpio=01;31:*.7z=01;31:*.rz=01;31:*.cab=01;31:*.wim=01;31:*.swm=01;31:*.dwm=01;31:*.esd=01;31:*.jpg=01;35:*.jpeg=01;35:*.mjpg=01;35:*.mjpeg=01;35:*.gif=01;35:*.bmp=01;35:*.pbm=01;35:*.pgm=01;35:*.ppm=01;35:*.tga=01;35:*.xbm=01;35:*.xpm=01;35:*.tif=01;35:*.tiff=01;35:*.png=01;35:*.svg=01;35:*.svgz=01;35:*.mng=01;35:*.pcx=01;35:*.mov=01;35:*.mpg=01;35:*.mpeg=01;35:*.m2v=01;35:*.mkv=01;35:*.webm=01;35:*.webp=01;35:*.ogm=01;35:*.mp4=01;35:*.m4v=01;35:*.mp4v=01;35:*.vob=01;35:*.qt=01;35:*.nuv=01;35:*.wmv=01;35:*.asf=01;35:*.rm=01;35:*.rmvb=01;35:*.flc=01;35:*.avi=01;35:*.fli=01;35:*.flv=01;35:*.gl=01;35:*.dl=01;35:*.xcf=01;35:*.xwd=01;35:*.yuv=01;35:*.cgm=01;35:*.emf=01;35:*.ogv=01;35:*.ogx=01;35:*.aac=00;36:*.au=00;36:*.flac=00;36:*.m4a=00;36:*.mid=00;36:*.midi=00;36:*.mka=00;36:*.mp3=00;36:*.mpc=00;36:*.ogg=00;36:*.ra=00;36:*.wav=00;36:*.oga=00;36:*.opus=00;36:*.spx=00;36:*.xspf=00;36:'), ('GNOME_TERMINAL_SERVICE', ':1.325'), ('SSH_AGENT_LAUNCHER', 'gnome-keyring'), ('SSH_AUTH_SOCK', '/run/user/1000/keyring/ssh'), ('AMENT_PREFIX_PATH', '/home/msd/MSD2/REV4/install/robot_moveit_config:/home/msd/MSD2/REV4/install/spotarm_assembly_description:/home/msd/MSD2/REV4/install/gear_manipulator_moveit_config:/home/msd/MSD2/REV4/install/my_robot:/home/msd/MSD2/REV4/install/motor_bridge:/opt/ros/humble'), ('SHELL', '/bin/bash'), ('QT_ACCESSIBILITY', '1'), ('GDMSESSION', 'ubuntu'), ('LESSCLOSE', '/usr/bin/lesspipe %s %s'), ('QT_IM_MODULE', 'ibus'), ('PWD', '/home/msd/MSD2/REV4/build/robot_bringup'), ('XDG_CONFIG_DIRS', '/etc/xdg/xdg-ubuntu:/etc/xdg'), ('XDG_DATA_DIRS', '/usr/share/ubuntu:/usr/local/share/:/usr/share/:/var/lib/snapd/desktop'), ('PYTHONPATH', '/home/msd/MSD2/REV4/build/spotarm_assembly_description:/home/msd/MSD2/REV4/install/spotarm_assembly_description/lib/python3.10/site-packages:/opt/ros/humble/lib/python3.10/site-packages:/opt/ros/humble/local/lib/python3.10/dist-packages'), ('COLCON', '1'), ('VTE_VERSION', '6800'), ('CMAKE_PREFIX_PATH', '/home/msd/MSD2/REV4/install/robot_moveit_config:/home/msd/MSD2/REV4/install/gear_manipulator_moveit_config:/home/msd/MSD2/REV4/install/motor_bridge:/home/msd/MSD2/REV4/install/my_robot:/opt/ros/humble')]), 'shell': False}
[5.431253] (robot_bringup) CommandEnded: {'returncode': 0}
[5.432223] (robot_bringup) JobProgress: {'identifier': 'robot_bringup', 'progress': 'install'}
[5.432285] (-) TimerEvent: {}
[5.433658] (robot_bringup) Command: {'cmd': ['/usr/bin/cmake', '--install', '/home/msd/MSD2/REV4/build/robot_bringup'], 'cwd': '/home/msd/MSD2/REV4/build/robot_bringup', 'env': OrderedDict([('LESSOPEN', '| /usr/bin/lesspipe %s'), ('USER', 'msd'), ('XDG_SESSION_TYPE', 'wayland'), ('SHLVL', '1'), ('LD_LIBRARY_PATH', '/opt/ros/humble/opt/rviz_ogre_vendor/lib:/opt/ros/humble/lib/x86_64-linux-gnu:/opt/ros/humble/lib'), ('HOME', '/home/msd'), ('OLDPWD', '/home/msd/MSD2/REV4'), ('DESKTOP_SESSION', 'ubuntu'), ('ROS_PYTHON_VERSION', '3'), ('GNOME_SHELL_SESSION_MODE', 'ubuntu'), ('GTK_MODULES', 'gail:atk-bridge'), ('SYSTEMD_EXEC_PID', '1554'), ('DBUS_SESSION_BUS_ADDRESS', 'unix:path=/run/user/1000/bus'), ('COLORTERM', 'truecolor'), ('IM_CONFIG_PHASE', '1'), ('WAYLAND_DISPLAY', 'wayland-0'), ('COLCON_PREFIX_PATH', '/home/msd/MSD2/REV4/install'), ('ROS_DISTRO', 'humble'), ('LOGNAME', 'msd'), ('_', '/usr/bin/colcon'), ('ROS_VERSION', '2'), ('XDG_SESSION_CLASS', 'user'), ('USERNAME', 'msd'), ('TERM', 'xterm-256color'), ('GNOME_DESKTOP_SESSION_ID', 'this-is-deprecated'), ('ROS_LOCALHOST_ONLY', '0'), ('PATH', '/opt/ros/humble/bin:/usr/local/sbin:/usr/local/bin:/usr/sbin:/usr/bin:/sbin:/bin:/usr/games:/usr/local/games:/snap/bin:/snap/bin'), ('SESSION_MANAGER', 'local/msd-ThinkPad-E14:@/tmp/.ICE-unix/1525,unix/msd-ThinkPad-E14:/tmp/.ICE-unix/1525'), ('XDG_MENU_PREFIX', 'gnome-'), ('GNOME_TERMINAL_SCREEN', '/org/gnome/Terminal/screen/7158f50d_a2ac_433b_a426_8c4df8937725'), ('GNOME_SETUP_DISPLAY', ':1'), ('XDG_RUNTIME_DIR', '/run/user/1000'), ('DISPLAY', ':0'), ('LANG', 'en_US.UTF-8'), ('XDG_CURRENT_DESKTOP', 'ubuntu:GNOME'), ('XMODIFIERS', '@im=ibus'), ('XDG_SESSION_DESKTOP', 'ubuntu'), ('XAUTHORITY', '/run/user/1000/.mutter-Xwaylandauth.Q9KNN3'), ('LS_COLORS', 'rs=0:di=01;34:ln=01;36:mh=00:pi=40;33:so=01;35:do=01;35:bd=40;33;01:cd=40;33;01:or=40;31;01:mi=00:su=37;41:sg=30;43:ca=30;41:tw=30;42:ow=34;42:st=37;44:ex=01;32:*.tar=01;31:*.tgz=01;31:*.arc=01;31:*.arj=01;31:*.taz=01;31:*.lha=01;31:*.lz4=01;31:*.lzh=01;31:*.lzma=01;31:*.tlz=01;31:*.txz=01;31:*.tzo=01;31:*.t7z=01;31:*.zip=01;31:*.z=01;31:*.dz=01;31:*.gz=01;31:*.lrz=01;31:*.lz=01;31:*.lzo=01;31:*.xz=01;31:*.zst=01;31:*.tzst=01;31:*.bz2=01;31:*.bz=01;31:*.tbz=01;31:*.tbz2=01;31:*.tz=01;31:*.deb=01;31:*.rpm=01;31:*.jar=01;31:*.war=01;31:*.ear=01;31:*.sar=01;31:*.rar=01;31:*.alz=01;31:*.ace=01;31:*.zoo=01;31:*.cpio=01;31:*.7z=01;31:*.rz=01;31:*.cab=01;31:*.wim=01;31:*.swm=01;31:*.dwm=01;31:*.esd=01;31:*.jpg=01;35:*.jpeg=01;35:*.mjpg=01;35:*.mjpeg=01;35:*.gif=01;35:*.bmp=01;35:*.pbm=01;35:*.pgm=01;35:*.ppm=01;35:*.tga=01;35:*.xbm=01;35:*.xpm=01;35:*.tif=01;35:*.tiff=01;35:*.png=01;35:*.svg=01;35:*.svgz=01;35:*.mng=01;35:*.pcx=01;35:*.mov=01;35:*.mpg=01;35:*.mpeg=01;35:*.m2v=01;35:*.mkv=01;35:*.webm=01;35:*.webp=01;35:*.ogm=01;35:*.mp4=01;35:*.m4v=01;35:*.mp4v=01;35:*.vob=01;35:*.qt=01;35:*.nuv=01;35:*.wmv=01;35:*.asf=01;35:*.rm=01;35:*.rmvb=01;35:*.flc=01;35:*.avi=01;35:*.fli=01;35:*.flv=01;35:*.gl=01;35:*.dl=01;35:*.xcf=01;35:*.xwd=01;35:*.yuv=01;35:*.cgm=01;35:*.emf=01;35:*.ogv=01;35:*.ogx=01;35:*.aac=00;36:*.au=00;36:*.flac=00;36:*.m4a=00;36:*.mid=00;36:*.midi=00;36:*.mka=00;36:*.mp3=00;36:*.mpc=00;36:*.ogg=00;36:*.ra=00;36:*.wav=00;36:*.oga=00;36:*.opus=00;36:*.spx=00;36:*.xspf=00;36:'), ('GNOME_TERMINAL_SERVICE', ':1.325'), ('SSH_AGENT_LAUNCHER', 'gnome-keyring'), ('SSH_AUTH_SOCK', '/run/user/1000/keyring/ssh'), ('AMENT_PREFIX_PATH', '/home/msd/MSD2/REV4/install/robot_moveit_config:/home/msd/MSD2/REV4/install/spotarm_assembly_description:/home/msd/MSD2/REV4/install/gear_manipulator_moveit_config:/home/msd/MSD2/REV4/install/my_robot:/home/msd/MSD2/REV4/install/motor_bridge:/opt/ros/humble'), ('SHELL', '/bin/bash'), ('QT_ACCESSIBILITY', '1'), ('GDMSESSION', 'ubuntu'), ('LESSCLOSE', '/usr/bin/lesspipe %s %s'), ('QT_IM_MODULE', 'ibus'), ('PWD', '/home/msd/MSD2/REV4/build/robot_bringup'), ('XDG_CONFIG_DIRS', '/etc/xdg/xdg-ubuntu:/etc/xdg'), ('XDG_DATA_DIRS', '/usr/share/ubuntu:/usr/local/share/:/usr/share/:/var/lib/snapd/desktop'), ('PYTHONPATH', '/home/msd/MSD2/REV4/build/spotarm_assembly_description:/home/msd/MSD2/REV4/install/spotarm_assembly_description/lib/python3.10/site-packages:/opt/ros/humble/lib/python3.10/site-packages:/opt/ros/humble/local/lib/python3.10/dist-packages'), ('COLCON', '1'), ('VTE_VERSION', '6800'), ('CMAKE_PREFIX_PATH', '/home/msd/MSD2/REV4/install/robot_moveit_config:/home/msd/MSD2/REV4/install/gear_manipulator_moveit_config:/home/msd/MSD2/REV4/install/motor_bridge:/home/msd/MSD2/REV4/install/my_robot:/opt/ros/humble')]), 'shell': False}
[5.441715] (robot_bringup) StdoutLine: {'line': b'-- Install configuration: ""\n'}
[5.442209] (robot_bringup) StdoutLine: {'line': b'-- Execute custom install script\n'}
[5.443005] (robot_bringup) StdoutLine: {'line': b'-- Symlinking: /home/msd/MSD2/REV4/install/robot_bringup/share/robot_bringup/launch/robot.launch.py\n'}
[5.452473] (robot_bringup) StdoutLine: {'line': b'-- Symlinking: /home/msd/MSD2/REV4/install/robot_bringup/share/robot_bringup/launch/robot_no_rviz.launch.py\n'}
[5.465406] (robot_bringup) StdoutLine: {'line': b'-- Symlinking: /home/msd/MSD2/REV4/install/robot_bringup/share/robot_bringup/config/robot_moveit.rviz\n'}
[5.478946] (robot_bringup) StdoutLine: {'line': b'-- Symlinking: /home/msd/MSD2/REV4/install/robot_bringup/share/robot_bringup/config/ros2_controllers.yaml\n'}
[5.489256] (robot_bringup) StdoutLine: {'line': b'-- Symlinking: /home/msd/MSD2/REV4/install/robot_bringup/share/ament_index/resource_index/package_run_dependencies/robot_bringup\n'}
[5.499589] (robot_bringup) StdoutLine: {'line': b'-- Symlinking: /home/msd/MSD2/REV4/install/robot_bringup/share/ament_index/resource_index/parent_prefix_path/robot_bringup\n'}
[5.510044] (robot_bringup) StdoutLine: {'line': b'-- Symlinking: /home/msd/MSD2/REV4/install/robot_bringup/share/robot_bringup/environment/ament_prefix_path.sh\n'}
[5.521157] (robot_bringup) StdoutLine: {'line': b'-- Symlinking: /home/msd/MSD2/REV4/install/robot_bringup/share/robot_bringup/environment/ament_prefix_path.dsv\n'}
[5.532540] (-) TimerEvent: {}
[5.534303] (robot_bringup) StdoutLine: {'line': b'-- Symlinking: /home/msd/MSD2/REV4/install/robot_bringup/share/robot_bringup/environment/path.sh\n'}
[5.551874] (robot_bringup) StdoutLine: {'line': b'-- Symlinking: /home/msd/MSD2/REV4/install/robot_bringup/share/robot_bringup/environment/path.dsv\n'}
[5.565440] (robot_bringup) StdoutLine: {'line': b'-- Symlinking: /home/msd/MSD2/REV4/install/robot_bringup/share/robot_bringup/local_setup.bash\n'}
[5.584397] (robot_bringup) StdoutLine: {'line': b'-- Symlinking: /home/msd/MSD2/REV4/install/robot_bringup/share/robot_bringup/local_setup.sh\n'}
[5.603675] (robot_bringup) StdoutLine: {'line': b'-- Symlinking: /home/msd/MSD2/REV4/install/robot_bringup/share/robot_bringup/local_setup.zsh\n'}
[5.618849] (robot_bringup) StdoutLine: {'line': b'-- Symlinking: /home/msd/MSD2/REV4/install/robot_bringup/share/robot_bringup/local_setup.dsv\n'}
[5.632484] (robot_bringup) StdoutLine: {'line': b'-- Symlinking: /home/msd/MSD2/REV4/install/robot_bringup/share/robot_bringup/package.dsv\n'}
[5.632783] (-) TimerEvent: {}
[5.644384] (robot_bringup) StdoutLine: {'line': b'-- Symlinking: /home/msd/MSD2/REV4/install/robot_bringup/share/ament_index/resource_index/packages/robot_bringup\n'}
[5.654186] (robot_bringup) StdoutLine: {'line': b'-- Symlinking: /home/msd/MSD2/REV4/install/robot_bringup/share/robot_bringup/cmake/robot_bringupConfig.cmake\n'}
[5.668339] (robot_bringup) StdoutLine: {'line': b'-- Symlinking: /home/msd/MSD2/REV4/install/robot_bringup/share/robot_bringup/cmake/robot_bringupConfig-version.cmake\n'}
[5.682883] (robot_bringup) StdoutLine: {'line': b'-- Symlinking: /home/msd/MSD2/REV4/install/robot_bringup/share/robot_bringup/package.xml\n'}
[5.694608] (robot_bringup) CommandEnded: {'returncode': 0}
[5.711932] (robot_bringup) JobEnded: {'identifier': 'robot_bringup', 'rc': 0}
[5.732904] (-) TimerEvent: {}
[5.833269] (-) TimerEvent: {}
[5.933643] (-) TimerEvent: {}
[6.011884] (robot_hardware) StdoutLine: {'line': b'[100%] \x1b[32m\x1b[1mLinking CXX shared library librobot_hardware_arm.so\x1b[0m\n'}
[6.033763] (-) TimerEvent: {}
[6.134166] (-) TimerEvent: {}
[6.174898] (robot_hardware) StdoutLine: {'line': b'[100%] Built target robot_hardware_arm\n'}
[6.187229] (robot_hardware) CommandEnded: {'returncode': 0}
[6.188126] (robot_hardware) JobProgress: {'identifier': 'robot_hardware', 'progress': 'install'}
[6.188405] (robot_hardware) Command: {'cmd': ['/usr/bin/cmake', '--install', '/home/msd/MSD2/REV4/build/robot_hardware'], 'cwd': '/home/msd/MSD2/REV4/build/robot_hardware', 'env': OrderedDict([('LESSOPEN', '| /usr/bin/lesspipe %s'), ('USER', 'msd'), ('XDG_SESSION_TYPE', 'wayland'), ('SHLVL', '1'), ('LD_LIBRARY_PATH', '/opt/ros/humble/opt/rviz_ogre_vendor/lib:/opt/ros/humble/lib/x86_64-linux-gnu:/opt/ros/humble/lib'), ('HOME', '/home/msd'), ('OLDPWD', '/home/msd/MSD2/REV4'), ('DESKTOP_SESSION', 'ubuntu'), ('ROS_PYTHON_VERSION', '3'), ('GNOME_SHELL_SESSION_MODE', 'ubuntu'), ('GTK_MODULES', 'gail:atk-bridge'), ('SYSTEMD_EXEC_PID', '1554'), ('DBUS_SESSION_BUS_ADDRESS', 'unix:path=/run/user/1000/bus'), ('COLORTERM', 'truecolor'), ('IM_CONFIG_PHASE', '1'), ('WAYLAND_DISPLAY', 'wayland-0'), ('COLCON_PREFIX_PATH', '/home/msd/MSD2/REV4/install'), ('ROS_DISTRO', 'humble'), ('LOGNAME', 'msd'), ('_', '/usr/bin/colcon'), ('ROS_VERSION', '2'), ('XDG_SESSION_CLASS', 'user'), ('USERNAME', 'msd'), ('TERM', 'xterm-256color'), ('GNOME_DESKTOP_SESSION_ID', 'this-is-deprecated'), ('ROS_LOCALHOST_ONLY', '0'), ('PATH', '/opt/ros/humble/bin:/usr/local/sbin:/usr/local/bin:/usr/sbin:/usr/bin:/sbin:/bin:/usr/games:/usr/local/games:/snap/bin:/snap/bin'), ('SESSION_MANAGER', 'local/msd-ThinkPad-E14:@/tmp/.ICE-unix/1525,unix/msd-ThinkPad-E14:/tmp/.ICE-unix/1525'), ('XDG_MENU_PREFIX', 'gnome-'), ('GNOME_TERMINAL_SCREEN', '/org/gnome/Terminal/screen/7158f50d_a2ac_433b_a426_8c4df8937725'), ('GNOME_SETUP_DISPLAY', ':1'), ('XDG_RUNTIME_DIR', '/run/user/1000'), ('DISPLAY', ':0'), ('LANG', 'en_US.UTF-8'), ('XDG_CURRENT_DESKTOP', 'ubuntu:GNOME'), ('XMODIFIERS', '@im=ibus'), ('XDG_SESSION_DESKTOP', 'ubuntu'), ('XAUTHORITY', '/run/user/1000/.mutter-Xwaylandauth.Q9KNN3'), ('LS_COLORS', 'rs=0:di=01;34:ln=01;36:mh=00:pi=40;33:so=01;35:do=01;35:bd=40;33;01:cd=40;33;01:or=40;31;01:mi=00:su=37;41:sg=30;43:ca=30;41:tw=30;42:ow=34;42:st=37;44:ex=01;32:*.tar=01;31:*.tgz=01;31:*.arc=01;31:*.arj=01;31:*.taz=01;31:*.lha=01;31:*.lz4=01;31:*.lzh=01;31:*.lzma=01;31:*.tlz=01;31:*.txz=01;31:*.tzo=01;31:*.t7z=01;31:*.zip=01;31:*.z=01;31:*.dz=01;31:*.gz=01;31:*.lrz=01;31:*.lz=01;31:*.lzo=01;31:*.xz=01;31:*.zst=01;31:*.tzst=01;31:*.bz2=01;31:*.bz=01;31:*.tbz=01;31:*.tbz2=01;31:*.tz=01;31:*.deb=01;31:*.rpm=01;31:*.jar=01;31:*.war=01;31:*.ear=01;31:*.sar=01;31:*.rar=01;31:*.alz=01;31:*.ace=01;31:*.zoo=01;31:*.cpio=01;31:*.7z=01;31:*.rz=01;31:*.cab=01;31:*.wim=01;31:*.swm=01;31:*.dwm=01;31:*.esd=01;31:*.jpg=01;35:*.jpeg=01;35:*.mjpg=01;35:*.mjpeg=01;35:*.gif=01;35:*.bmp=01;35:*.pbm=01;35:*.pgm=01;35:*.ppm=01;35:*.tga=01;35:*.xbm=01;35:*.xpm=01;35:*.tif=01;35:*.tiff=01;35:*.png=01;35:*.svg=01;35:*.svgz=01;35:*.mng=01;35:*.pcx=01;35:*.mov=01;35:*.mpg=01;35:*.mpeg=01;35:*.m2v=01;35:*.mkv=01;35:*.webm=01;35:*.webp=01;35:*.ogm=01;35:*.mp4=01;35:*.m4v=01;35:*.mp4v=01;35:*.vob=01;35:*.qt=01;35:*.nuv=01;35:*.wmv=01;35:*.asf=01;35:*.rm=01;35:*.rmvb=01;35:*.flc=01;35:*.avi=01;35:*.fli=01;35:*.flv=01;35:*.gl=01;35:*.dl=01;35:*.xcf=01;35:*.xwd=01;35:*.yuv=01;35:*.cgm=01;35:*.emf=01;35:*.ogv=01;35:*.ogx=01;35:*.aac=00;36:*.au=00;36:*.flac=00;36:*.m4a=00;36:*.mid=00;36:*.midi=00;36:*.mka=00;36:*.mp3=00;36:*.mpc=00;36:*.ogg=00;36:*.ra=00;36:*.wav=00;36:*.oga=00;36:*.opus=00;36:*.spx=00;36:*.xspf=00;36:'), ('GNOME_TERMINAL_SERVICE', ':1.325'), ('SSH_AGENT_LAUNCHER', 'gnome-keyring'), ('SSH_AUTH_SOCK', '/run/user/1000/keyring/ssh'), ('AMENT_PREFIX_PATH', '/home/msd/MSD2/REV4/install/gear_manipulator_moveit_config:/home/msd/MSD2/REV4/install/my_robot:/home/msd/MSD2/REV4/install/motor_bridge:/opt/ros/humble'), ('SHELL', '/bin/bash'), ('QT_ACCESSIBILITY', '1'), ('GDMSESSION', 'ubuntu'), ('LESSCLOSE', '/usr/bin/lesspipe %s %s'), ('QT_IM_MODULE', 'ibus'), ('PWD', '/home/msd/MSD2/REV4/build/robot_hardware'), ('XDG_CONFIG_DIRS', '/etc/xdg/xdg-ubuntu:/etc/xdg'), ('XDG_DATA_DIRS', '/usr/share/ubuntu:/usr/local/share/:/usr/share/:/var/lib/snapd/desktop'), ('PYTHONPATH', '/opt/ros/humble/lib/python3.10/site-packages:/opt/ros/humble/local/lib/python3.10/dist-packages'), ('COLCON', '1'), ('VTE_VERSION', '6800'), ('CMAKE_PREFIX_PATH', '/home/msd/MSD2/REV4/install/gear_manipulator_moveit_config:/home/msd/MSD2/REV4/install/motor_bridge:/home/msd/MSD2/REV4/install/my_robot:/opt/ros/humble')]), 'shell': False}
[6.196127] (robot_hardware) StdoutLine: {'line': b'-- Install configuration: ""\n'}
[6.196612] (robot_hardware) StdoutLine: {'line': b'-- Execute custom install script\n'}
[6.196827] (robot_hardware) StdoutLine: {'line': b'-- Symlinking: /home/msd/MSD2/REV4/install/robot_hardware/share/robot_hardware//robot_hardware_plugin.xml\n'}
[6.205667] (robot_hardware) StdoutLine: {'line': b'-- Symlinking: /home/msd/MSD2/REV4/install/robot_hardware/lib/librobot_hardware_arm.so\n'}
[6.216055] (robot_hardware) StdoutLine: {'line': b'-- Symlinking: /home/msd/MSD2/REV4/install/robot_hardware/include/robot_hardware/ICLStepper.h\n'}
[6.230957] (robot_hardware) StdoutLine: {'line': b'-- Symlinking: /home/msd/MSD2/REV4/install/robot_hardware/include/robot_hardware/arm_hardware_interface.hpp\n'}
[6.234335] (-) TimerEvent: {}
[6.247017] (robot_hardware) StdoutLine: {'line': b'-- Up-to-date symlink: /home/msd/MSD2/REV4/install/robot_hardware/share/robot_hardware/robot_hardware_plugin.xml\n'}
[6.247365] (robot_hardware) StdoutLine: {'line': b'-- Symlinking: /home/msd/MSD2/REV4/install/robot_hardware/share/ament_index/resource_index/package_run_dependencies/robot_hardware\n'}
[6.261392] (robot_hardware) StdoutLine: {'line': b'-- Symlinking: /home/msd/MSD2/REV4/install/robot_hardware/share/ament_index/resource_index/parent_prefix_path/robot_hardware\n'}
[6.278022] (robot_hardware) StdoutLine: {'line': b'-- Symlinking: /home/msd/MSD2/REV4/install/robot_hardware/share/robot_hardware/environment/ament_prefix_path.sh\n'}
[6.292236] (robot_hardware) StdoutLine: {'line': b'-- Symlinking: /home/msd/MSD2/REV4/install/robot_hardware/share/robot_hardware/environment/ament_prefix_path.dsv\n'}
[6.302773] (robot_hardware) StdoutLine: {'line': b'-- Symlinking: /home/msd/MSD2/REV4/install/robot_hardware/share/robot_hardware/environment/path.sh\n'}
[6.317611] (robot_hardware) StdoutLine: {'line': b'-- Symlinking: /home/msd/MSD2/REV4/install/robot_hardware/share/robot_hardware/environment/path.dsv\n'}
[6.330108] (robot_hardware) StdoutLine: {'line': b'-- Symlinking: /home/msd/MSD2/REV4/install/robot_hardware/share/robot_hardware/local_setup.bash\n'}
[6.334445] (-) TimerEvent: {}
[6.343996] (robot_hardware) StdoutLine: {'line': b'-- Symlinking: /home/msd/MSD2/REV4/install/robot_hardware/share/robot_hardware/local_setup.sh\n'}
[6.357346] (robot_hardware) StdoutLine: {'line': b'-- Symlinking: /home/msd/MSD2/REV4/install/robot_hardware/share/robot_hardware/local_setup.zsh\n'}
[6.374454] (robot_hardware) StdoutLine: {'line': b'-- Symlinking: /home/msd/MSD2/REV4/install/robot_hardware/share/robot_hardware/local_setup.dsv\n'}
[6.387872] (robot_hardware) StdoutLine: {'line': b'-- Symlinking: /home/msd/MSD2/REV4/install/robot_hardware/share/robot_hardware/package.dsv\n'}
[6.403994] (robot_hardware) StdoutLine: {'line': b'-- Symlinking: /home/msd/MSD2/REV4/install/robot_hardware/share/ament_index/resource_index/packages/robot_hardware\n'}
[6.425190] (robot_hardware) StdoutLine: {'line': b'-- Symlinking: /home/msd/MSD2/REV4/install/robot_hardware/share/ament_index/resource_index/hardware_interface__pluginlib__plugin/robot_hardware\n'}
[6.434584] (-) TimerEvent: {}
[6.441864] (robot_hardware) StdoutLine: {'line': b'-- Symlinking: /home/msd/MSD2/REV4/install/robot_hardware/share/robot_hardware/cmake/robot_hardwareConfig.cmake\n'}
[6.458024] (robot_hardware) StdoutLine: {'line': b'-- Symlinking: /home/msd/MSD2/REV4/install/robot_hardware/share/robot_hardware/cmake/robot_hardwareConfig-version.cmake\n'}
[6.476909] (robot_hardware) StdoutLine: {'line': b'-- Symlinking: /home/msd/MSD2/REV4/install/robot_hardware/share/robot_hardware/package.xml\n'}
[6.498548] (robot_hardware) CommandEnded: {'returncode': 0}
[6.536458] (-) TimerEvent: {}
[6.546615] (robot_hardware) JobEnded: {'identifier': 'robot_hardware', 'rc': 0}
[6.636713] (-) TimerEvent: {}
[6.737591] (-) TimerEvent: {}
[6.838074] (-) TimerEvent: {}
[6.938582] (-) TimerEvent: {}
[7.038859] (-) TimerEvent: {}
[7.139157] (-) TimerEvent: {}
[7.239454] (-) TimerEvent: {}
[7.339759] (-) TimerEvent: {}
[7.440064] (-) TimerEvent: {}
[7.540470] (-) TimerEvent: {}
[7.640816] (-) TimerEvent: {}
[7.663164] (stepper_test) StdoutLine: {'line': b'[100%] \x1b[32m\x1b[1mLinking CXX executable motor_key\x1b[0m\n'}
[7.740946] (-) TimerEvent: {}
[7.770204] (stepper_test) StdoutLine: {'line': b'[100%] Built target motor_key\n'}
[7.782586] (stepper_test) CommandEnded: {'returncode': 0}
[7.783422] (stepper_test) JobProgress: {'identifier': 'stepper_test', 'progress': 'install'}
[7.783687] (stepper_test) Command: {'cmd': ['/usr/bin/cmake', '--install', '/home/msd/MSD2/REV4/build/stepper_test'], 'cwd': '/home/msd/MSD2/REV4/build/stepper_test', 'env': OrderedDict([('LESSOPEN', '| /usr/bin/lesspipe %s'), ('USER', 'msd'), ('XDG_SESSION_TYPE', 'wayland'), ('SHLVL', '1'), ('LD_LIBRARY_PATH', '/opt/ros/humble/opt/rviz_ogre_vendor/lib:/opt/ros/humble/lib/x86_64-linux-gnu:/opt/ros/humble/lib'), ('HOME', '/home/msd'), ('OLDPWD', '/home/msd/MSD2/REV4'), ('DESKTOP_SESSION', 'ubuntu'), ('ROS_PYTHON_VERSION', '3'), ('GNOME_SHELL_SESSION_MODE', 'ubuntu'), ('GTK_MODULES', 'gail:atk-bridge'), ('SYSTEMD_EXEC_PID', '1554'), ('DBUS_SESSION_BUS_ADDRESS', 'unix:path=/run/user/1000/bus'), ('COLORTERM', 'truecolor'), ('IM_CONFIG_PHASE', '1'), ('WAYLAND_DISPLAY', 'wayland-0'), ('COLCON_PREFIX_PATH', '/home/msd/MSD2/REV4/install'), ('ROS_DISTRO', 'humble'), ('LOGNAME', 'msd'), ('_', '/usr/bin/colcon'), ('ROS_VERSION', '2'), ('XDG_SESSION_CLASS', 'user'), ('USERNAME', 'msd'), ('TERM', 'xterm-256color'), ('GNOME_DESKTOP_SESSION_ID', 'this-is-deprecated'), ('ROS_LOCALHOST_ONLY', '0'), ('PATH', '/opt/ros/humble/bin:/usr/local/sbin:/usr/local/bin:/usr/sbin:/usr/bin:/sbin:/bin:/usr/games:/usr/local/games:/snap/bin:/snap/bin'), ('SESSION_MANAGER', 'local/msd-ThinkPad-E14:@/tmp/.ICE-unix/1525,unix/msd-ThinkPad-E14:/tmp/.ICE-unix/1525'), ('XDG_MENU_PREFIX', 'gnome-'), ('GNOME_TERMINAL_SCREEN', '/org/gnome/Terminal/screen/7158f50d_a2ac_433b_a426_8c4df8937725'), ('GNOME_SETUP_DISPLAY', ':1'), ('XDG_RUNTIME_DIR', '/run/user/1000'), ('DISPLAY', ':0'), ('LANG', 'en_US.UTF-8'), ('XDG_CURRENT_DESKTOP', 'ubuntu:GNOME'), ('XMODIFIERS', '@im=ibus'), ('XDG_SESSION_DESKTOP', 'ubuntu'), ('XAUTHORITY', '/run/user/1000/.mutter-Xwaylandauth.Q9KNN3'), ('LS_COLORS', 'rs=0:di=01;34:ln=01;36:mh=00:pi=40;33:so=01;35:do=01;35:bd=40;33;01:cd=40;33;01:or=40;31;01:mi=00:su=37;41:sg=30;43:ca=30;41:tw=30;42:ow=34;42:st=37;44:ex=01;32:*.tar=01;31:*.tgz=01;31:*.arc=01;31:*.arj=01;31:*.taz=01;31:*.lha=01;31:*.lz4=01;31:*.lzh=01;31:*.lzma=01;31:*.tlz=01;31:*.txz=01;31:*.tzo=01;31:*.t7z=01;31:*.zip=01;31:*.z=01;31:*.dz=01;31:*.gz=01;31:*.lrz=01;31:*.lz=01;31:*.lzo=01;31:*.xz=01;31:*.zst=01;31:*.tzst=01;31:*.bz2=01;31:*.bz=01;31:*.tbz=01;31:*.tbz2=01;31:*.tz=01;31:*.deb=01;31:*.rpm=01;31:*.jar=01;31:*.war=01;31:*.ear=01;31:*.sar=01;31:*.rar=01;31:*.alz=01;31:*.ace=01;31:*.zoo=01;31:*.cpio=01;31:*.7z=01;31:*.rz=01;31:*.cab=01;31:*.wim=01;31:*.swm=01;31:*.dwm=01;31:*.esd=01;31:*.jpg=01;35:*.jpeg=01;35:*.mjpg=01;35:*.mjpeg=01;35:*.gif=01;35:*.bmp=01;35:*.pbm=01;35:*.pgm=01;35:*.ppm=01;35:*.tga=01;35:*.xbm=01;35:*.xpm=01;35:*.tif=01;35:*.tiff=01;35:*.png=01;35:*.svg=01;35:*.svgz=01;35:*.mng=01;35:*.pcx=01;35:*.mov=01;35:*.mpg=01;35:*.mpeg=01;35:*.m2v=01;35:*.mkv=01;35:*.webm=01;35:*.webp=01;35:*.ogm=01;35:*.mp4=01;35:*.m4v=01;35:*.mp4v=01;35:*.vob=01;35:*.qt=01;35:*.nuv=01;35:*.wmv=01;35:*.asf=01;35:*.rm=01;35:*.rmvb=01;35:*.flc=01;35:*.avi=01;35:*.fli=01;35:*.flv=01;35:*.gl=01;35:*.dl=01;35:*.xcf=01;35:*.xwd=01;35:*.yuv=01;35:*.cgm=01;35:*.emf=01;35:*.ogv=01;35:*.ogx=01;35:*.aac=00;36:*.au=00;36:*.flac=00;36:*.m4a=00;36:*.mid=00;36:*.midi=00;36:*.mka=00;36:*.mp3=00;36:*.mpc=00;36:*.ogg=00;36:*.ra=00;36:*.wav=00;36:*.oga=00;36:*.opus=00;36:*.spx=00;36:*.xspf=00;36:'), ('GNOME_TERMINAL_SERVICE', ':1.325'), ('SSH_AGENT_LAUNCHER', 'gnome-keyring'), ('SSH_AUTH_SOCK', '/run/user/1000/keyring/ssh'), ('AMENT_PREFIX_PATH', '/home/msd/MSD2/REV4/install/gear_manipulator_moveit_config:/home/msd/MSD2/REV4/install/my_robot:/home/msd/MSD2/REV4/install/motor_bridge:/opt/ros/humble'), ('SHELL', '/bin/bash'), ('QT_ACCESSIBILITY', '1'), ('GDMSESSION', 'ubuntu'), ('LESSCLOSE', '/usr/bin/lesspipe %s %s'), ('QT_IM_MODULE', 'ibus'), ('PWD', '/home/msd/MSD2/REV4/build/stepper_test'), ('XDG_CONFIG_DIRS', '/etc/xdg/xdg-ubuntu:/etc/xdg'), ('XDG_DATA_DIRS', '/usr/share/ubuntu:/usr/local/share/:/usr/share/:/var/lib/snapd/desktop'), ('PYTHONPATH', '/opt/ros/humble/lib/python3.10/site-packages:/opt/ros/humble/local/lib/python3.10/dist-packages'), ('COLCON', '1'), ('VTE_VERSION', '6800'), ('CMAKE_PREFIX_PATH', '/home/msd/MSD2/REV4/install/gear_manipulator_moveit_config:/home/msd/MSD2/REV4/install/motor_bridge:/home/msd/MSD2/REV4/install/my_robot:/opt/ros/humble')]), 'shell': False}
[7.792371] (stepper_test) StdoutLine: {'line': b'-- Install configuration: ""\n'}
[7.792856] (stepper_test) StdoutLine: {'line': b'-- Execute custom install script\n'}
[7.793170] (stepper_test) StdoutLine: {'line': b'-- Symlinking: /home/msd/MSD2/REV4/install/stepper_test/lib/stepper_test/motor_key\n'}
[7.802365] (stepper_test) StdoutLine: {'line': b'-- Symlinking: /home/msd/MSD2/REV4/install/stepper_test/share/ament_index/resource_index/package_run_dependencies/stepper_test\n'}
[7.812507] (stepper_test) StdoutLine: {'line': b'-- Symlinking: /home/msd/MSD2/REV4/install/stepper_test/share/ament_index/resource_index/parent_prefix_path/stepper_test\n'}
[7.822310] (stepper_test) StdoutLine: {'line': b'-- Symlinking: /home/msd/MSD2/REV4/install/stepper_test/share/stepper_test/environment/ament_prefix_path.sh\n'}
[7.831910] (stepper_test) StdoutLine: {'line': b'-- Symlinking: /home/msd/MSD2/REV4/install/stepper_test/share/stepper_test/environment/ament_prefix_path.dsv\n'}
[7.841052] (-) TimerEvent: {}
[7.841754] (stepper_test) StdoutLine: {'line': b'-- Symlinking: /home/msd/MSD2/REV4/install/stepper_test/share/stepper_test/environment/path.sh\n'}
[7.851187] (stepper_test) StdoutLine: {'line': b'-- Symlinking: /home/msd/MSD2/REV4/install/stepper_test/share/stepper_test/environment/path.dsv\n'}
[7.859522] (stepper_test) StdoutLine: {'line': b'-- Symlinking: /home/msd/MSD2/REV4/install/stepper_test/share/stepper_test/local_setup.bash\n'}
[7.869229] (stepper_test) StdoutLine: {'line': b'-- Symlinking: /home/msd/MSD2/REV4/install/stepper_test/share/stepper_test/local_setup.sh\n'}
[7.880556] (stepper_test) StdoutLine: {'line': b'-- Symlinking: /home/msd/MSD2/REV4/install/stepper_test/share/stepper_test/local_setup.zsh\n'}
[7.889349] (stepper_test) StdoutLine: {'line': b'-- Symlinking: /home/msd/MSD2/REV4/install/stepper_test/share/stepper_test/local_setup.dsv\n'}
[7.898724] (stepper_test) StdoutLine: {'line': b'-- Symlinking: /home/msd/MSD2/REV4/install/stepper_test/share/stepper_test/package.dsv\n'}
[7.908082] (stepper_test) StdoutLine: {'line': b'-- Symlinking: /home/msd/MSD2/REV4/install/stepper_test/share/ament_index/resource_index/packages/stepper_test\n'}
[7.917055] (stepper_test) StdoutLine: {'line': b'-- Symlinking: /home/msd/MSD2/REV4/install/stepper_test/share/stepper_test/cmake/stepper_testConfig.cmake\n'}
[7.927830] (stepper_test) StdoutLine: {'line': b'-- Symlinking: /home/msd/MSD2/REV4/install/stepper_test/share/stepper_test/cmake/stepper_testConfig-version.cmake\n'}
[7.939984] (stepper_test) StdoutLine: {'line': b'-- Symlinking: /home/msd/MSD2/REV4/install/stepper_test/share/stepper_test/package.xml\n'}
[7.941159] (-) TimerEvent: {}
[7.952589] (stepper_test) CommandEnded: {'returncode': 0}
[7.973904] (stepper_test) JobEnded: {'identifier': 'stepper_test', 'rc': 0}
[8.041273] (-) TimerEvent: {}
[8.141659] (-) TimerEvent: {}
[8.241956] (-) TimerEvent: {}
[8.342228] (-) TimerEvent: {}
[8.442569] (-) TimerEvent: {}
[8.542911] (-) TimerEvent: {}
[8.643244] (-) TimerEvent: {}
[8.743584] (-) TimerEvent: {}
[8.843878] (-) TimerEvent: {}
[8.944169] (-) TimerEvent: {}
[9.044505] (-) TimerEvent: {}
[9.144792] (-) TimerEvent: {}
[9.245234] (-) TimerEvent: {}
[9.345656] (-) TimerEvent: {}
[9.446590] (-) TimerEvent: {}
[9.547038] (-) TimerEvent: {}
[9.647451] (-) TimerEvent: {}
[9.747805] (-) TimerEvent: {}
[9.848155] (-) TimerEvent: {}
[9.948462] (-) TimerEvent: {}
[10.048736] (-) TimerEvent: {}
[10.149034] (-) TimerEvent: {}
[10.249336] (-) TimerEvent: {}
[10.349674] (-) TimerEvent: {}
[10.450077] (-) TimerEvent: {}
[10.550537] (-) TimerEvent: {}
[10.651093] (-) TimerEvent: {}
[10.751494] (-) TimerEvent: {}
[10.851764] (-) TimerEvent: {}
[10.952051] (-) TimerEvent: {}
[11.052337] (-) TimerEvent: {}
[11.152613] (-) TimerEvent: {}
[11.252958] (-) TimerEvent: {}
[11.353293] (-) TimerEvent: {}
[11.453590] (-) TimerEvent: {}
[11.553930] (-) TimerEvent: {}
[11.654261] (-) TimerEvent: {}
[11.754596] (-) TimerEvent: {}
[11.854973] (-) TimerEvent: {}
[11.955311] (-) TimerEvent: {}
[12.055606] (-) TimerEvent: {}
[12.155933] (-) TimerEvent: {}
[12.256223] (-) TimerEvent: {}
[12.356536] (-) TimerEvent: {}
[12.456850] (-) TimerEvent: {}
[12.557112] (-) TimerEvent: {}
[12.657377] (-) TimerEvent: {}
[12.757626] (-) TimerEvent: {}
[12.857919] (-) TimerEvent: {}
[12.958207] (-) TimerEvent: {}
[13.058477] (-) TimerEvent: {}
[13.158736] (-) TimerEvent: {}
[13.259032] (-) TimerEvent: {}
[13.359346] (-) TimerEvent: {}
[13.459656] (-) TimerEvent: {}
[13.553009] (robot_commander) StdoutLine: {'line': b'[100%] \x1b[32m\x1b[1mLinking CXX executable commander\x1b[0m\n'}
[13.559752] (-) TimerEvent: {}
[13.660074] (-) TimerEvent: {}
[13.760443] (-) TimerEvent: {}
[13.860831] (-) TimerEvent: {}
[13.869417] (robot_commander) StdoutLine: {'line': b'[100%] Built target commander\n'}
[13.879811] (robot_commander) CommandEnded: {'returncode': 0}
[13.880356] (robot_commander) JobProgress: {'identifier': 'robot_commander', 'progress': 'install'}
[13.880794] (robot_commander) Command: {'cmd': ['/usr/bin/cmake', '--install', '/home/msd/MSD2/REV4/build/robot_commander'], 'cwd': '/home/msd/MSD2/REV4/build/robot_commander', 'env': OrderedDict([('LESSOPEN', '| /usr/bin/lesspipe %s'), ('USER', 'msd'), ('XDG_SESSION_TYPE', 'wayland'), ('SHLVL', '1'), ('LD_LIBRARY_PATH', '/opt/ros/humble/opt/rviz_ogre_vendor/lib:/opt/ros/humble/lib/x86_64-linux-gnu:/opt/ros/humble/lib'), ('HOME', '/home/msd'), ('OLDPWD', '/home/msd/MSD2/REV4'), ('DESKTOP_SESSION', 'ubuntu'), ('ROS_PYTHON_VERSION', '3'), ('GNOME_SHELL_SESSION_MODE', 'ubuntu'), ('GTK_MODULES', 'gail:atk-bridge'), ('SYSTEMD_EXEC_PID', '1554'), ('DBUS_SESSION_BUS_ADDRESS', 'unix:path=/run/user/1000/bus'), ('COLORTERM', 'truecolor'), ('IM_CONFIG_PHASE', '1'), ('WAYLAND_DISPLAY', 'wayland-0'), ('COLCON_PREFIX_PATH', '/home/msd/MSD2/REV4/install'), ('ROS_DISTRO', 'humble'), ('LOGNAME', 'msd'), ('_', '/usr/bin/colcon'), ('ROS_VERSION', '2'), ('XDG_SESSION_CLASS', 'user'), ('USERNAME', 'msd'), ('TERM', 'xterm-256color'), ('GNOME_DESKTOP_SESSION_ID', 'this-is-deprecated'), ('ROS_LOCALHOST_ONLY', '0'), ('PATH', '/opt/ros/humble/bin:/usr/local/sbin:/usr/local/bin:/usr/sbin:/usr/bin:/sbin:/bin:/usr/games:/usr/local/games:/snap/bin:/snap/bin'), ('SESSION_MANAGER', 'local/msd-ThinkPad-E14:@/tmp/.ICE-unix/1525,unix/msd-ThinkPad-E14:/tmp/.ICE-unix/1525'), ('XDG_MENU_PREFIX', 'gnome-'), ('GNOME_TERMINAL_SCREEN', '/org/gnome/Terminal/screen/7158f50d_a2ac_433b_a426_8c4df8937725'), ('GNOME_SETUP_DISPLAY', ':1'), ('XDG_RUNTIME_DIR', '/run/user/1000'), ('DISPLAY', ':0'), ('LANG', 'en_US.UTF-8'), ('XDG_CURRENT_DESKTOP', 'ubuntu:GNOME'), ('XMODIFIERS', '@im=ibus'), ('XDG_SESSION_DESKTOP', 'ubuntu'), ('XAUTHORITY', '/run/user/1000/.mutter-Xwaylandauth.Q9KNN3'), ('LS_COLORS', 'rs=0:di=01;34:ln=01;36:mh=00:pi=40;33:so=01;35:do=01;35:bd=40;33;01:cd=40;33;01:or=40;31;01:mi=00:su=37;41:sg=30;43:ca=30;41:tw=30;42:ow=34;42:st=37;44:ex=01;32:*.tar=01;31:*.tgz=01;31:*.arc=01;31:*.arj=01;31:*.taz=01;31:*.lha=01;31:*.lz4=01;31:*.lzh=01;31:*.lzma=01;31:*.tlz=01;31:*.txz=01;31:*.tzo=01;31:*.t7z=01;31:*.zip=01;31:*.z=01;31:*.dz=01;31:*.gz=01;31:*.lrz=01;31:*.lz=01;31:*.lzo=01;31:*.xz=01;31:*.zst=01;31:*.tzst=01;31:*.bz2=01;31:*.bz=01;31:*.tbz=01;31:*.tbz2=01;31:*.tz=01;31:*.deb=01;31:*.rpm=01;31:*.jar=01;31:*.war=01;31:*.ear=01;31:*.sar=01;31:*.rar=01;31:*.alz=01;31:*.ace=01;31:*.zoo=01;31:*.cpio=01;31:*.7z=01;31:*.rz=01;31:*.cab=01;31:*.wim=01;31:*.swm=01;31:*.dwm=01;31:*.esd=01;31:*.jpg=01;35:*.jpeg=01;35:*.mjpg=01;35:*.mjpeg=01;35:*.gif=01;35:*.bmp=01;35:*.pbm=01;35:*.pgm=01;35:*.ppm=01;35:*.tga=01;35:*.xbm=01;35:*.xpm=01;35:*.tif=01;35:*.tiff=01;35:*.png=01;35:*.svg=01;35:*.svgz=01;35:*.mng=01;35:*.pcx=01;35:*.mov=01;35:*.mpg=01;35:*.mpeg=01;35:*.m2v=01;35:*.mkv=01;35:*.webm=01;35:*.webp=01;35:*.ogm=01;35:*.mp4=01;35:*.m4v=01;35:*.mp4v=01;35:*.vob=01;35:*.qt=01;35:*.nuv=01;35:*.wmv=01;35:*.asf=01;35:*.rm=01;35:*.rmvb=01;35:*.flc=01;35:*.avi=01;35:*.fli=01;35:*.flv=01;35:*.gl=01;35:*.dl=01;35:*.xcf=01;35:*.xwd=01;35:*.yuv=01;35:*.cgm=01;35:*.emf=01;35:*.ogv=01;35:*.ogx=01;35:*.aac=00;36:*.au=00;36:*.flac=00;36:*.m4a=00;36:*.mid=00;36:*.midi=00;36:*.mka=00;36:*.mp3=00;36:*.mpc=00;36:*.ogg=00;36:*.ra=00;36:*.wav=00;36:*.oga=00;36:*.opus=00;36:*.spx=00;36:*.xspf=00;36:'), ('GNOME_TERMINAL_SERVICE', ':1.325'), ('SSH_AGENT_LAUNCHER', 'gnome-keyring'), ('SSH_AUTH_SOCK', '/run/user/1000/keyring/ssh'), ('AMENT_PREFIX_PATH', '/home/msd/MSD2/REV4/install/gear_manipulator_moveit_config:/home/msd/MSD2/REV4/install/my_robot:/home/msd/MSD2/REV4/install/motor_bridge:/opt/ros/humble'), ('SHELL', '/bin/bash'), ('QT_ACCESSIBILITY', '1'), ('GDMSESSION', 'ubuntu'), ('LESSCLOSE', '/usr/bin/lesspipe %s %s'), ('QT_IM_MODULE', 'ibus'), ('PWD', '/home/msd/MSD2/REV4/build/robot_commander'), ('XDG_CONFIG_DIRS', '/etc/xdg/xdg-ubuntu:/etc/xdg'), ('XDG_DATA_DIRS', '/usr/share/ubuntu:/usr/local/share/:/usr/share/:/var/lib/snapd/desktop'), ('PYTHONPATH', '/opt/ros/humble/lib/python3.10/site-packages:/opt/ros/humble/local/lib/python3.10/dist-packages'), ('COLCON', '1'), ('VTE_VERSION', '6800'), ('CMAKE_PREFIX_PATH', '/home/msd/MSD2/REV4/install/gear_manipulator_moveit_config:/home/msd/MSD2/REV4/install/motor_bridge:/home/msd/MSD2/REV4/install/my_robot:/opt/ros/humble')]), 'shell': False}
[13.887679] (robot_commander) StdoutLine: {'line': b'-- Install configuration: ""\n'}
[13.888203] (robot_commander) StdoutLine: {'line': b'-- Execute custom install script\n'}
[13.888601] (robot_commander) StdoutLine: {'line': b'-- Symlinking: /home/msd/MSD2/REV4/install/robot_commander/lib/robot_commander//commander\n'}
[13.898139] (robot_commander) StdoutLine: {'line': b'-- Symlinking: /home/msd/MSD2/REV4/install/robot_commander/share/ament_index/resource_index/package_run_dependencies/robot_commander\n'}
[13.908176] (robot_commander) StdoutLine: {'line': b'-- Symlinking: /home/msd/MSD2/REV4/install/robot_commander/share/ament_index/resource_index/parent_prefix_path/robot_commander\n'}
[13.916528] (robot_commander) StdoutLine: {'line': b'-- Symlinking: /home/msd/MSD2/REV4/install/robot_commander/share/robot_commander/environment/ament_prefix_path.sh\n'}
[13.924415] (robot_commander) StdoutLine: {'line': b'-- Symlinking: /home/msd/MSD2/REV4/install/robot_commander/share/robot_commander/environment/ament_prefix_path.dsv\n'}
[13.932208] (robot_commander) StdoutLine: {'line': b'-- Symlinking: /home/msd/MSD2/REV4/install/robot_commander/share/robot_commander/environment/path.sh\n'}
[13.939752] (robot_commander) StdoutLine: {'line': b'-- Symlinking: /home/msd/MSD2/REV4/install/robot_commander/share/robot_commander/environment/path.dsv\n'}
[13.947281] (robot_commander) StdoutLine: {'line': b'-- Symlinking: /home/msd/MSD2/REV4/install/robot_commander/share/robot_commander/local_setup.bash\n'}
[13.954952] (robot_commander) StdoutLine: {'line': b'-- Symlinking: /home/msd/MSD2/REV4/install/robot_commander/share/robot_commander/local_setup.sh\n'}
[13.960977] (-) TimerEvent: {}
[13.962513] (robot_commander) StdoutLine: {'line': b'-- Symlinking: /home/msd/MSD2/REV4/install/robot_commander/share/robot_commander/local_setup.zsh\n'}
[13.970196] (robot_commander) StdoutLine: {'line': b'-- Symlinking: /home/msd/MSD2/REV4/install/robot_commander/share/robot_commander/local_setup.dsv\n'}
[13.977895] (robot_commander) StdoutLine: {'line': b'-- Symlinking: /home/msd/MSD2/REV4/install/robot_commander/share/robot_commander/package.dsv\n'}
[13.985478] (robot_commander) StdoutLine: {'line': b'-- Symlinking: /home/msd/MSD2/REV4/install/robot_commander/share/ament_index/resource_index/packages/robot_commander\n'}
[13.994112] (robot_commander) StdoutLine: {'line': b'-- Symlinking: /home/msd/MSD2/REV4/install/robot_commander/share/robot_commander/cmake/robot_commanderConfig.cmake\n'}
[14.003802] (robot_commander) StdoutLine: {'line': b'-- Symlinking: /home/msd/MSD2/REV4/install/robot_commander/share/robot_commander/cmake/robot_commanderConfig-version.cmake\n'}
[14.011803] (robot_commander) StdoutLine: {'line': b'-- Symlinking: /home/msd/MSD2/REV4/install/robot_commander/share/robot_commander/package.xml\n'}
[14.021613] (robot_commander) CommandEnded: {'returncode': 0}
[14.034370] (robot_commander) JobEnded: {'identifier': 'robot_commander', 'rc': 0}
[14.061153] (-) TimerEvent: {}
[14.161550] (-) TimerEvent: {}
[14.261848] (-) TimerEvent: {}
[14.362142] (-) TimerEvent: {}
[14.462437] (-) TimerEvent: {}
[14.562718] (-) TimerEvent: {}
[14.663023] (-) TimerEvent: {}
[14.763346] (-) TimerEvent: {}
[14.863654] (-) TimerEvent: {}
[14.963955] (-) TimerEvent: {}
[15.064261] (-) TimerEvent: {}
[15.164565] (-) TimerEvent: {}
[15.264869] (-) TimerEvent: {}
[15.365159] (-) TimerEvent: {}
[15.465424] (-) TimerEvent: {}
[15.565735] (-) TimerEvent: {}
[15.666030] (-) TimerEvent: {}
[15.766331] (-) TimerEvent: {}
[15.866607] (-) TimerEvent: {}
[15.966917] (-) TimerEvent: {}
[16.067241] (-) TimerEvent: {}
[16.167567] (-) TimerEvent: {}
[16.267888] (-) TimerEvent: {}
[16.368227] (-) TimerEvent: {}
[16.468636] (-) TimerEvent: {}
[16.569013] (-) TimerEvent: {}
[16.668186] (robot_servoing) StdoutLine: {'line': b'[100%] \x1b[32m\x1b[1mLinking CXX shared library libservo_controller_input.so\x1b[0m\n'}
[16.669091] (-) TimerEvent: {}
[16.769334] (-) TimerEvent: {}
[16.869703] (-) TimerEvent: {}
[16.970032] (-) TimerEvent: {}
[17.070355] (-) TimerEvent: {}
[17.170707] (-) TimerEvent: {}
[17.270999] (-) TimerEvent: {}
[17.371295] (-) TimerEvent: {}
[17.471581] (-) TimerEvent: {}
[17.571855] (-) TimerEvent: {}
[17.672125] (-) TimerEvent: {}
[17.772385] (-) TimerEvent: {}
[17.872662] (-) TimerEvent: {}
[17.972932] (-) TimerEvent: {}
[18.073185] (-) TimerEvent: {}
[18.173468] (-) TimerEvent: {}
[18.273712] (-) TimerEvent: {}
[18.373991] (-) TimerEvent: {}
[18.474295] (-) TimerEvent: {}
[18.503147] (robot_servoing) StdoutLine: {'line': b'[100%] Built target servo_controller_input\n'}
[18.515435] (robot_servoing) CommandEnded: {'returncode': 0}
[18.516412] (robot_servoing) JobProgress: {'identifier': 'robot_servoing', 'progress': 'install'}
[18.517333] (robot_servoing) Command: {'cmd': ['/usr/bin/cmake', '--install', '/home/msd/MSD2/REV4/build/robot_servoing'], 'cwd': '/home/msd/MSD2/REV4/build/robot_servoing', 'env': OrderedDict([('LESSOPEN', '| /usr/bin/lesspipe %s'), ('USER', 'msd'), ('XDG_SESSION_TYPE', 'wayland'), ('SHLVL', '1'), ('LD_LIBRARY_PATH', '/opt/ros/humble/opt/rviz_ogre_vendor/lib:/opt/ros/humble/lib/x86_64-linux-gnu:/opt/ros/humble/lib'), ('HOME', '/home/msd'), ('OLDPWD', '/home/msd/MSD2/REV4'), ('DESKTOP_SESSION', 'ubuntu'), ('ROS_PYTHON_VERSION', '3'), ('GNOME_SHELL_SESSION_MODE', 'ubuntu'), ('GTK_MODULES', 'gail:atk-bridge'), ('SYSTEMD_EXEC_PID', '1554'), ('DBUS_SESSION_BUS_ADDRESS', 'unix:path=/run/user/1000/bus'), ('COLORTERM', 'truecolor'), ('IM_CONFIG_PHASE', '1'), ('WAYLAND_DISPLAY', 'wayland-0'), ('COLCON_PREFIX_PATH', '/home/msd/MSD2/REV4/install'), ('ROS_DISTRO', 'humble'), ('LOGNAME', 'msd'), ('_', '/usr/bin/colcon'), ('ROS_VERSION', '2'), ('XDG_SESSION_CLASS', 'user'), ('USERNAME', 'msd'), ('TERM', 'xterm-256color'), ('GNOME_DESKTOP_SESSION_ID', 'this-is-deprecated'), ('ROS_LOCALHOST_ONLY', '0'), ('PATH', '/opt/ros/humble/bin:/usr/local/sbin:/usr/local/bin:/usr/sbin:/usr/bin:/sbin:/bin:/usr/games:/usr/local/games:/snap/bin:/snap/bin'), ('SESSION_MANAGER', 'local/msd-ThinkPad-E14:@/tmp/.ICE-unix/1525,unix/msd-ThinkPad-E14:/tmp/.ICE-unix/1525'), ('XDG_MENU_PREFIX', 'gnome-'), ('GNOME_TERMINAL_SCREEN', '/org/gnome/Terminal/screen/7158f50d_a2ac_433b_a426_8c4df8937725'), ('GNOME_SETUP_DISPLAY', ':1'), ('XDG_RUNTIME_DIR', '/run/user/1000'), ('DISPLAY', ':0'), ('LANG', 'en_US.UTF-8'), ('XDG_CURRENT_DESKTOP', 'ubuntu:GNOME'), ('XMODIFIERS', '@im=ibus'), ('XDG_SESSION_DESKTOP', 'ubuntu'), ('XAUTHORITY', '/run/user/1000/.mutter-Xwaylandauth.Q9KNN3'), ('LS_COLORS', 'rs=0:di=01;34:ln=01;36:mh=00:pi=40;33:so=01;35:do=01;35:bd=40;33;01:cd=40;33;01:or=40;31;01:mi=00:su=37;41:sg=30;43:ca=30;41:tw=30;42:ow=34;42:st=37;44:ex=01;32:*.tar=01;31:*.tgz=01;31:*.arc=01;31:*.arj=01;31:*.taz=01;31:*.lha=01;31:*.lz4=01;31:*.lzh=01;31:*.lzma=01;31:*.tlz=01;31:*.txz=01;31:*.tzo=01;31:*.t7z=01;31:*.zip=01;31:*.z=01;31:*.dz=01;31:*.gz=01;31:*.lrz=01;31:*.lz=01;31:*.lzo=01;31:*.xz=01;31:*.zst=01;31:*.tzst=01;31:*.bz2=01;31:*.bz=01;31:*.tbz=01;31:*.tbz2=01;31:*.tz=01;31:*.deb=01;31:*.rpm=01;31:*.jar=01;31:*.war=01;31:*.ear=01;31:*.sar=01;31:*.rar=01;31:*.alz=01;31:*.ace=01;31:*.zoo=01;31:*.cpio=01;31:*.7z=01;31:*.rz=01;31:*.cab=01;31:*.wim=01;31:*.swm=01;31:*.dwm=01;31:*.esd=01;31:*.jpg=01;35:*.jpeg=01;35:*.mjpg=01;35:*.mjpeg=01;35:*.gif=01;35:*.bmp=01;35:*.pbm=01;35:*.pgm=01;35:*.ppm=01;35:*.tga=01;35:*.xbm=01;35:*.xpm=01;35:*.tif=01;35:*.tiff=01;35:*.png=01;35:*.svg=01;35:*.svgz=01;35:*.mng=01;35:*.pcx=01;35:*.mov=01;35:*.mpg=01;35:*.mpeg=01;35:*.m2v=01;35:*.mkv=01;35:*.webm=01;35:*.webp=01;35:*.ogm=01;35:*.mp4=01;35:*.m4v=01;35:*.mp4v=01;35:*.vob=01;35:*.qt=01;35:*.nuv=01;35:*.wmv=01;35:*.asf=01;35:*.rm=01;35:*.rmvb=01;35:*.flc=01;35:*.avi=01;35:*.fli=01;35:*.flv=01;35:*.gl=01;35:*.dl=01;35:*.xcf=01;35:*.xwd=01;35:*.yuv=01;35:*.cgm=01;35:*.emf=01;35:*.ogv=01;35:*.ogx=01;35:*.aac=00;36:*.au=00;36:*.flac=00;36:*.m4a=00;36:*.mid=00;36:*.midi=00;36:*.mka=00;36:*.mp3=00;36:*.mpc=00;36:*.ogg=00;36:*.ra=00;36:*.wav=00;36:*.oga=00;36:*.opus=00;36:*.spx=00;36:*.xspf=00;36:'), ('GNOME_TERMINAL_SERVICE', ':1.325'), ('SSH_AGENT_LAUNCHER', 'gnome-keyring'), ('SSH_AUTH_SOCK', '/run/user/1000/keyring/ssh'), ('AMENT_PREFIX_PATH', '/home/msd/MSD2/REV4/install/gear_manipulator_moveit_config:/home/msd/MSD2/REV4/install/my_robot:/home/msd/MSD2/REV4/install/motor_bridge:/opt/ros/humble'), ('SHELL', '/bin/bash'), ('QT_ACCESSIBILITY', '1'), ('GDMSESSION', 'ubuntu'), ('LESSCLOSE', '/usr/bin/lesspipe %s %s'), ('QT_IM_MODULE', 'ibus'), ('PWD', '/home/msd/MSD2/REV4/build/robot_servoing'), ('XDG_CONFIG_DIRS', '/etc/xdg/xdg-ubuntu:/etc/xdg'), ('XDG_DATA_DIRS', '/usr/share/ubuntu:/usr/local/share/:/usr/share/:/var/lib/snapd/desktop'), ('PYTHONPATH', '/opt/ros/humble/lib/python3.10/site-packages:/opt/ros/humble/local/lib/python3.10/dist-packages'), ('COLCON', '1'), ('VTE_VERSION', '6800'), ('CMAKE_PREFIX_PATH', '/home/msd/MSD2/REV4/install/gear_manipulator_moveit_config:/home/msd/MSD2/REV4/install/motor_bridge:/home/msd/MSD2/REV4/install/my_robot:/opt/ros/humble')]), 'shell': False}
[18.523523] (robot_servoing) StdoutLine: {'line': b'-- Install configuration: ""\n'}
[18.523949] (robot_servoing) StdoutLine: {'line': b'-- Execute custom install script\n'}
[18.524371] (robot_servoing) StdoutLine: {'line': b'-- Symlinking: /home/msd/MSD2/REV4/install/robot_servoing/share/robot_servoing/launch/servo.launch.py\n'}
[18.532434] (robot_servoing) StdoutLine: {'line': b'-- Symlinking: /home/msd/MSD2/REV4/install/robot_servoing/share/robot_servoing/launch/servo2.launch.py\n'}
[18.541008] (robot_servoing) StdoutLine: {'line': b'-- Symlinking: /home/msd/MSD2/REV4/install/robot_servoing/share/robot_servoing/config/robot_simulated_config.yaml\n'}
[18.549281] (robot_servoing) StdoutLine: {'line': b'-- Symlinking: /home/msd/MSD2/REV4/install/robot_servoing/share/ament_index/resource_index/package_run_dependencies/robot_servoing\n'}
[18.557208] (robot_servoing) StdoutLine: {'line': b'-- Symlinking: /home/msd/MSD2/REV4/install/robot_servoing/share/ament_index/resource_index/parent_prefix_path/robot_servoing\n'}
[18.565225] (robot_servoing) StdoutLine: {'line': b'-- Symlinking: /home/msd/MSD2/REV4/install/robot_servoing/share/robot_servoing/environment/ament_prefix_path.sh\n'}
[18.573193] (robot_servoing) StdoutLine: {'line': b'-- Symlinking: /home/msd/MSD2/REV4/install/robot_servoing/share/robot_servoing/environment/ament_prefix_path.dsv\n'}
[18.574396] (-) TimerEvent: {}
[18.581153] (robot_servoing) StdoutLine: {'line': b'-- Symlinking: /home/msd/MSD2/REV4/install/robot_servoing/share/robot_servoing/environment/path.sh\n'}
[18.589248] (robot_servoing) StdoutLine: {'line': b'-- Symlinking: /home/msd/MSD2/REV4/install/robot_servoing/share/robot_servoing/environment/path.dsv\n'}
[18.597368] (robot_servoing) StdoutLine: {'line': b'-- Symlinking: /home/msd/MSD2/REV4/install/robot_servoing/share/robot_servoing/local_setup.bash\n'}
[18.606603] (robot_servoing) StdoutLine: {'line': b'-- Symlinking: /home/msd/MSD2/REV4/install/robot_servoing/share/robot_servoing/local_setup.sh\n'}
[18.615609] (robot_servoing) StdoutLine: {'line': b'-- Symlinking: /home/msd/MSD2/REV4/install/robot_servoing/share/robot_servoing/local_setup.zsh\n'}
[18.623672] (robot_servoing) StdoutLine: {'line': b'-- Symlinking: /home/msd/MSD2/REV4/install/robot_servoing/share/robot_servoing/local_setup.dsv\n'}
[18.631277] (robot_servoing) StdoutLine: {'line': b'-- Symlinking: /home/msd/MSD2/REV4/install/robot_servoing/share/robot_servoing/package.dsv\n'}
[18.639132] (robot_servoing) StdoutLine: {'line': b'-- Symlinking: /home/msd/MSD2/REV4/install/robot_servoing/share/ament_index/resource_index/packages/robot_servoing\n'}
[18.646971] (robot_servoing) StdoutLine: {'line': b'-- Symlinking: /home/msd/MSD2/REV4/install/robot_servoing/share/ament_index/resource_index/rclcpp_components/robot_servoing\n'}
[18.654644] (robot_servoing) StdoutLine: {'line': b'-- Symlinking: /home/msd/MSD2/REV4/install/robot_servoing/share/robot_servoing/cmake/robot_servoingConfig.cmake\n'}
[18.662471] (robot_servoing) StdoutLine: {'line': b'-- Symlinking: /home/msd/MSD2/REV4/install/robot_servoing/share/robot_servoing/cmake/robot_servoingConfig-version.cmake\n'}
[18.670553] (robot_servoing) StdoutLine: {'line': b'-- Symlinking: /home/msd/MSD2/REV4/install/robot_servoing/share/robot_servoing/package.xml\n'}
[18.674532] (-) TimerEvent: {}
[18.678579] (robot_servoing) StdoutLine: {'line': b'-- Installing: /home/msd/MSD2/REV4/install/robot_servoing/lib/libservo_controller_input.so\n'}
[18.684591] (robot_servoing) StdoutLine: {'line': b'-- Set runtime path of "/home/msd/MSD2/REV4/install/robot_servoing/lib/libservo_controller_input.so" to ""\n'}
[18.687504] (robot_servoing) CommandEnded: {'returncode': 0}
[18.701761] (robot_servoing) JobEnded: {'identifier': 'robot_servoing', 'rc': 0}
[18.702963] (-) EventReactorShutdown: {}
