[0.137s] DEBUG:colcon:Command line arguments: ['/usr/bin/colcon', 'build', '--symlink-install']
[0.137s] DEBUG:colcon:Parsed command line arguments: Namespace(log_base=None, log_level=None, verb_name='build', build_base='build', install_base='install', merge_install=False, symlink_install=True, test_result_base=None, continue_on_error=False, executor='parallel', parallel_workers=8, event_handlers=None, ignore_user_meta=False, metas=['./colcon.meta'], base_paths=['.'], packages_ignore=None, packages_ignore_regex=None, paths=None, packages_up_to=None, packages_up_to_regex=None, packages_above=None, packages_above_and_dependencies=None, packages_above_depth=None, packages_select_by_dep=None, packages_skip_by_dep=None, packages_skip_up_to=None, packages_select_build_failed=False, packages_skip_build_finished=False, packages_select_test_failures=False, packages_skip_test_passed=False, packages_select=None, packages_skip=None, packages_select_regex=None, packages_skip_regex=None, packages_start=None, packages_end=None, allow_overriding=[], cmake_args=None, cmake_target=None, cmake_target_skip_unavailable=False, cmake_clean_cache=False, cmake_clean_first=False, cmake_force_configure=False, ament_cmake_args=None, catkin_cmake_args=None, catkin_skip_building_tests=False, verb_parser=<colcon_defaults.argument_parser.defaults.DefaultArgumentsDecorator object at 0x7ff7c5e23ac0>, verb_extension=<colcon_core.verb.build.BuildVerb object at 0x7ff7c5fdd360>, main=<bound method BuildVerb.main of <colcon_core.verb.build.BuildVerb object at 0x7ff7c5fdd360>>)
[0.299s] Level 1:colcon.colcon_core.package_discovery:discover_packages(colcon_meta) check parameters
[0.299s] Level 1:colcon.colcon_core.package_discovery:discover_packages(recursive) check parameters
[0.299s] Level 1:colcon.colcon_core.package_discovery:discover_packages(ignore) check parameters
[0.299s] Level 1:colcon.colcon_core.package_discovery:discover_packages(path) check parameters
[0.300s] Level 1:colcon.colcon_core.package_discovery:discover_packages(colcon_meta) discover
[0.300s] Level 1:colcon.colcon_core.package_discovery:discover_packages(recursive) discover
[0.300s] INFO:colcon.colcon_core.package_discovery:Crawling recursively for packages in '/home/msd/MSD2/REV4'
[0.300s] Level 1:colcon.colcon_core.package_identification:_identify(.) by extensions ['ignore', 'ignore_ament_install']
[0.300s] Level 1:colcon.colcon_core.package_identification:_identify(.) by extension 'ignore'
[0.300s] Level 1:colcon.colcon_core.package_identification:_identify(.) by extension 'ignore_ament_install'
[0.300s] Level 1:colcon.colcon_core.package_identification:_identify(.) by extensions ['colcon_pkg']
[0.300s] Level 1:colcon.colcon_core.package_identification:_identify(.) by extension 'colcon_pkg'
[0.300s] Level 1:colcon.colcon_core.package_identification:_identify(.) by extensions ['colcon_meta']
[0.300s] Level 1:colcon.colcon_core.package_identification:_identify(.) by extension 'colcon_meta'
[0.300s] Level 1:colcon.colcon_core.package_identification:_identify(.) by extensions ['ros']
[0.300s] Level 1:colcon.colcon_core.package_identification:_identify(.) by extension 'ros'
[0.311s] Level 1:colcon.colcon_core.package_identification:_identify(.) by extensions ['cmake', 'python']
[0.311s] Level 1:colcon.colcon_core.package_identification:_identify(.) by extension 'cmake'
[0.311s] Level 1:colcon.colcon_core.package_identification:_identify(.) by extension 'python'
[0.311s] Level 1:colcon.colcon_core.package_identification:_identify(.) by extensions ['python_setup_py']
[0.311s] Level 1:colcon.colcon_core.package_identification:_identify(.) by extension 'python_setup_py'
[0.311s] Level 1:colcon.colcon_core.package_identification:_identify(build) by extensions ['ignore', 'ignore_ament_install']
[0.311s] Level 1:colcon.colcon_core.package_identification:_identify(build) by extension 'ignore'
[0.312s] Level 1:colcon.colcon_core.package_identification:_identify(build) ignored
[0.312s] Level 1:colcon.colcon_core.package_identification:_identify(install) by extensions ['ignore', 'ignore_ament_install']
[0.312s] Level 1:colcon.colcon_core.package_identification:_identify(install) by extension 'ignore'
[0.312s] Level 1:colcon.colcon_core.package_identification:_identify(install) ignored
[0.312s] Level 1:colcon.colcon_core.package_identification:_identify(log) by extensions ['ignore', 'ignore_ament_install']
[0.312s] Level 1:colcon.colcon_core.package_identification:_identify(log) by extension 'ignore'
[0.312s] Level 1:colcon.colcon_core.package_identification:_identify(log) ignored
[0.312s] Level 1:colcon.colcon_core.package_identification:_identify(src) by extensions ['ignore', 'ignore_ament_install']
[0.312s] Level 1:colcon.colcon_core.package_identification:_identify(src) by extension 'ignore'
[0.312s] Level 1:colcon.colcon_core.package_identification:_identify(src) by extension 'ignore_ament_install'
[0.312s] Level 1:colcon.colcon_core.package_identification:_identify(src) by extensions ['colcon_pkg']
[0.312s] Level 1:colcon.colcon_core.package_identification:_identify(src) by extension 'colcon_pkg'
[0.312s] Level 1:colcon.colcon_core.package_identification:_identify(src) by extensions ['colcon_meta']
[0.312s] Level 1:colcon.colcon_core.package_identification:_identify(src) by extension 'colcon_meta'
[0.312s] Level 1:colcon.colcon_core.package_identification:_identify(src) by extensions ['ros']
[0.312s] Level 1:colcon.colcon_core.package_identification:_identify(src) by extension 'ros'
[0.313s] Level 1:colcon.colcon_core.package_identification:_identify(src) by extensions ['cmake', 'python']
[0.313s] Level 1:colcon.colcon_core.package_identification:_identify(src) by extension 'cmake'
[0.313s] Level 1:colcon.colcon_core.package_identification:_identify(src) by extension 'python'
[0.313s] Level 1:colcon.colcon_core.package_identification:_identify(src) by extensions ['python_setup_py']
[0.313s] Level 1:colcon.colcon_core.package_identification:_identify(src) by extension 'python_setup_py'
[0.313s] Level 1:colcon.colcon_core.package_identification:_identify(src/build) by extensions ['ignore', 'ignore_ament_install']
[0.313s] Level 1:colcon.colcon_core.package_identification:_identify(src/build) by extension 'ignore'
[0.313s] Level 1:colcon.colcon_core.package_identification:_identify(src/build) ignored
[0.313s] Level 1:colcon.colcon_core.package_identification:_identify(src/gear_manipulator_moveit_config) by extensions ['ignore', 'ignore_ament_install']
[0.313s] Level 1:colcon.colcon_core.package_identification:_identify(src/gear_manipulator_moveit_config) by extension 'ignore'
[0.313s] Level 1:colcon.colcon_core.package_identification:_identify(src/gear_manipulator_moveit_config) by extension 'ignore_ament_install'
[0.313s] Level 1:colcon.colcon_core.package_identification:_identify(src/gear_manipulator_moveit_config) by extensions ['colcon_pkg']
[0.313s] Level 1:colcon.colcon_core.package_identification:_identify(src/gear_manipulator_moveit_config) by extension 'colcon_pkg'
[0.313s] Level 1:colcon.colcon_core.package_identification:_identify(src/gear_manipulator_moveit_config) by extensions ['colcon_meta']
[0.313s] Level 1:colcon.colcon_core.package_identification:_identify(src/gear_manipulator_moveit_config) by extension 'colcon_meta'
[0.313s] Level 1:colcon.colcon_core.package_identification:_identify(src/gear_manipulator_moveit_config) by extensions ['ros']
[0.313s] Level 1:colcon.colcon_core.package_identification:_identify(src/gear_manipulator_moveit_config) by extension 'ros'
[0.316s] DEBUG:colcon.colcon_core.package_identification:Package 'src/gear_manipulator_moveit_config' with type 'ros.ament_cmake' and name 'gear_manipulator_moveit_config'
[0.316s] Level 1:colcon.colcon_core.package_identification:_identify(src/install) by extensions ['ignore', 'ignore_ament_install']
[0.316s] Level 1:colcon.colcon_core.package_identification:_identify(src/install) by extension 'ignore'
[0.316s] Level 1:colcon.colcon_core.package_identification:_identify(src/install) ignored
[0.316s] Level 1:colcon.colcon_core.package_identification:_identify(src/log) by extensions ['ignore', 'ignore_ament_install']
[0.316s] Level 1:colcon.colcon_core.package_identification:_identify(src/log) by extension 'ignore'
[0.316s] Level 1:colcon.colcon_core.package_identification:_identify(src/log) ignored
[0.317s] Level 1:colcon.colcon_core.package_identification:_identify(src/marge) by extensions ['ignore', 'ignore_ament_install']
[0.317s] Level 1:colcon.colcon_core.package_identification:_identify(src/marge) by extension 'ignore'
[0.317s] Level 1:colcon.colcon_core.package_identification:_identify(src/marge) by extension 'ignore_ament_install'
[0.317s] Level 1:colcon.colcon_core.package_identification:_identify(src/marge) by extensions ['colcon_pkg']
[0.317s] Level 1:colcon.colcon_core.package_identification:_identify(src/marge) by extension 'colcon_pkg'
[0.317s] Level 1:colcon.colcon_core.package_identification:_identify(src/marge) by extensions ['colcon_meta']
[0.317s] Level 1:colcon.colcon_core.package_identification:_identify(src/marge) by extension 'colcon_meta'
[0.317s] Level 1:colcon.colcon_core.package_identification:_identify(src/marge) by extensions ['ros']
[0.317s] Level 1:colcon.colcon_core.package_identification:_identify(src/marge) by extension 'ros'
[0.317s] DEBUG:colcon.colcon_core.package_identification:Package 'src/marge' with type 'ros.ament_cmake' and name 'marge'
[0.318s] Level 1:colcon.colcon_core.package_identification:_identify(src/my_robot) by extensions ['ignore', 'ignore_ament_install']
[0.318s] Level 1:colcon.colcon_core.package_identification:_identify(src/my_robot) by extension 'ignore'
[0.318s] Level 1:colcon.colcon_core.package_identification:_identify(src/my_robot) by extension 'ignore_ament_install'
[0.318s] Level 1:colcon.colcon_core.package_identification:_identify(src/my_robot) by extensions ['colcon_pkg']
[0.318s] Level 1:colcon.colcon_core.package_identification:_identify(src/my_robot) by extension 'colcon_pkg'
[0.318s] Level 1:colcon.colcon_core.package_identification:_identify(src/my_robot) by extensions ['colcon_meta']
[0.318s] Level 1:colcon.colcon_core.package_identification:_identify(src/my_robot) by extension 'colcon_meta'
[0.318s] Level 1:colcon.colcon_core.package_identification:_identify(src/my_robot) by extensions ['ros']
[0.318s] Level 1:colcon.colcon_core.package_identification:_identify(src/my_robot) by extension 'ros'
[0.319s] DEBUG:colcon.colcon_core.package_identification:Package 'src/my_robot' with type 'ros.ament_cmake' and name 'my_robot'
[0.319s] Level 1:colcon.colcon_core.package_identification:_identify(src/robot_bringup) by extensions ['ignore', 'ignore_ament_install']
[0.319s] Level 1:colcon.colcon_core.package_identification:_identify(src/robot_bringup) by extension 'ignore'
[0.319s] Level 1:colcon.colcon_core.package_identification:_identify(src/robot_bringup) by extension 'ignore_ament_install'
[0.319s] Level 1:colcon.colcon_core.package_identification:_identify(src/robot_bringup) by extensions ['colcon_pkg']
[0.319s] Level 1:colcon.colcon_core.package_identification:_identify(src/robot_bringup) by extension 'colcon_pkg'
[0.319s] Level 1:colcon.colcon_core.package_identification:_identify(src/robot_bringup) by extensions ['colcon_meta']
[0.319s] Level 1:colcon.colcon_core.package_identification:_identify(src/robot_bringup) by extension 'colcon_meta'
[0.319s] Level 1:colcon.colcon_core.package_identification:_identify(src/robot_bringup) by extensions ['ros']
[0.319s] Level 1:colcon.colcon_core.package_identification:_identify(src/robot_bringup) by extension 'ros'
[0.320s] DEBUG:colcon.colcon_core.package_identification:Package 'src/robot_bringup' with type 'ros.ament_cmake' and name 'robot_bringup'
[0.320s] Level 1:colcon.colcon_core.package_identification:_identify(src/robot_commander) by extensions ['ignore', 'ignore_ament_install']
[0.320s] Level 1:colcon.colcon_core.package_identification:_identify(src/robot_commander) by extension 'ignore'
[0.320s] Level 1:colcon.colcon_core.package_identification:_identify(src/robot_commander) by extension 'ignore_ament_install'
[0.320s] Level 1:colcon.colcon_core.package_identification:_identify(src/robot_commander) by extensions ['colcon_pkg']
[0.320s] Level 1:colcon.colcon_core.package_identification:_identify(src/robot_commander) by extension 'colcon_pkg'
[0.320s] Level 1:colcon.colcon_core.package_identification:_identify(src/robot_commander) by extensions ['colcon_meta']
[0.320s] Level 1:colcon.colcon_core.package_identification:_identify(src/robot_commander) by extension 'colcon_meta'
[0.320s] Level 1:colcon.colcon_core.package_identification:_identify(src/robot_commander) by extensions ['ros']
[0.320s] Level 1:colcon.colcon_core.package_identification:_identify(src/robot_commander) by extension 'ros'
[0.321s] DEBUG:colcon.colcon_core.package_identification:Package 'src/robot_commander' with type 'ros.ament_cmake' and name 'robot_commander'
[0.321s] Level 1:colcon.colcon_core.package_identification:_identify(src/robot_hardware) by extensions ['ignore', 'ignore_ament_install']
[0.321s] Level 1:colcon.colcon_core.package_identification:_identify(src/robot_hardware) by extension 'ignore'
[0.321s] Level 1:colcon.colcon_core.package_identification:_identify(src/robot_hardware) by extension 'ignore_ament_install'
[0.321s] Level 1:colcon.colcon_core.package_identification:_identify(src/robot_hardware) by extensions ['colcon_pkg']
[0.321s] Level 1:colcon.colcon_core.package_identification:_identify(src/robot_hardware) by extension 'colcon_pkg'
[0.321s] Level 1:colcon.colcon_core.package_identification:_identify(src/robot_hardware) by extensions ['colcon_meta']
[0.321s] Level 1:colcon.colcon_core.package_identification:_identify(src/robot_hardware) by extension 'colcon_meta'
[0.321s] Level 1:colcon.colcon_core.package_identification:_identify(src/robot_hardware) by extensions ['ros']
[0.321s] Level 1:colcon.colcon_core.package_identification:_identify(src/robot_hardware) by extension 'ros'
[0.322s] DEBUG:colcon.colcon_core.package_identification:Package 'src/robot_hardware' with type 'ros.ament_cmake' and name 'robot_hardware'
[0.322s] Level 1:colcon.colcon_core.package_identification:_identify(src/robot_moveit_config) by extensions ['ignore', 'ignore_ament_install']
[0.322s] Level 1:colcon.colcon_core.package_identification:_identify(src/robot_moveit_config) by extension 'ignore'
[0.323s] Level 1:colcon.colcon_core.package_identification:_identify(src/robot_moveit_config) by extension 'ignore_ament_install'
[0.323s] Level 1:colcon.colcon_core.package_identification:_identify(src/robot_moveit_config) by extensions ['colcon_pkg']
[0.323s] Level 1:colcon.colcon_core.package_identification:_identify(src/robot_moveit_config) by extension 'colcon_pkg'
[0.323s] Level 1:colcon.colcon_core.package_identification:_identify(src/robot_moveit_config) by extensions ['colcon_meta']
[0.323s] Level 1:colcon.colcon_core.package_identification:_identify(src/robot_moveit_config) by extension 'colcon_meta'
[0.323s] Level 1:colcon.colcon_core.package_identification:_identify(src/robot_moveit_config) by extensions ['ros']
[0.323s] Level 1:colcon.colcon_core.package_identification:_identify(src/robot_moveit_config) by extension 'ros'
[0.324s] DEBUG:colcon.colcon_core.package_identification:Package 'src/robot_moveit_config' with type 'ros.ament_cmake' and name 'robot_moveit_config'
[0.324s] Level 1:colcon.colcon_core.package_identification:_identify(src/robot_servoing) by extensions ['ignore', 'ignore_ament_install']
[0.324s] Level 1:colcon.colcon_core.package_identification:_identify(src/robot_servoing) by extension 'ignore'
[0.324s] Level 1:colcon.colcon_core.package_identification:_identify(src/robot_servoing) by extension 'ignore_ament_install'
[0.324s] Level 1:colcon.colcon_core.package_identification:_identify(src/robot_servoing) by extensions ['colcon_pkg']
[0.324s] Level 1:colcon.colcon_core.package_identification:_identify(src/robot_servoing) by extension 'colcon_pkg'
[0.324s] Level 1:colcon.colcon_core.package_identification:_identify(src/robot_servoing) by extensions ['colcon_meta']
[0.324s] Level 1:colcon.colcon_core.package_identification:_identify(src/robot_servoing) by extension 'colcon_meta'
[0.324s] Level 1:colcon.colcon_core.package_identification:_identify(src/robot_servoing) by extensions ['ros']
[0.324s] Level 1:colcon.colcon_core.package_identification:_identify(src/robot_servoing) by extension 'ros'
[0.326s] DEBUG:colcon.colcon_core.package_identification:Package 'src/robot_servoing' with type 'ros.ament_cmake' and name 'robot_servoing'
[0.326s] Level 1:colcon.colcon_core.package_identification:_identify(src/robot_status_leds) by extensions ['ignore', 'ignore_ament_install']
[0.326s] Level 1:colcon.colcon_core.package_identification:_identify(src/robot_status_leds) by extension 'ignore'
[0.326s] Level 1:colcon.colcon_core.package_identification:_identify(src/robot_status_leds) by extension 'ignore_ament_install'
[0.326s] Level 1:colcon.colcon_core.package_identification:_identify(src/robot_status_leds) by extensions ['colcon_pkg']
[0.326s] Level 1:colcon.colcon_core.package_identification:_identify(src/robot_status_leds) by extension 'colcon_pkg'
[0.326s] Level 1:colcon.colcon_core.package_identification:_identify(src/robot_status_leds) by extensions ['colcon_meta']
[0.326s] Level 1:colcon.colcon_core.package_identification:_identify(src/robot_status_leds) by extension 'colcon_meta'
[0.326s] Level 1:colcon.colcon_core.package_identification:_identify(src/robot_status_leds) by extensions ['ros']
[0.326s] Level 1:colcon.colcon_core.package_identification:_identify(src/robot_status_leds) by extension 'ros'
[0.327s] DEBUG:colcon.colcon_core.package_identification:Package 'src/robot_status_leds' with type 'ros.ament_python' and name 'robot_status_leds'
[0.327s] Level 1:colcon.colcon_core.package_identification:_identify(src/spotarm_assembly_description) by extensions ['ignore', 'ignore_ament_install']
[0.327s] Level 1:colcon.colcon_core.package_identification:_identify(src/spotarm_assembly_description) by extension 'ignore'
[0.327s] Level 1:colcon.colcon_core.package_identification:_identify(src/spotarm_assembly_description) by extension 'ignore_ament_install'
[0.327s] Level 1:colcon.colcon_core.package_identification:_identify(src/spotarm_assembly_description) by extensions ['colcon_pkg']
[0.327s] Level 1:colcon.colcon_core.package_identification:_identify(src/spotarm_assembly_description) by extension 'colcon_pkg'
[0.327s] Level 1:colcon.colcon_core.package_identification:_identify(src/spotarm_assembly_description) by extensions ['colcon_meta']
[0.327s] Level 1:colcon.colcon_core.package_identification:_identify(src/spotarm_assembly_description) by extension 'colcon_meta'
[0.327s] Level 1:colcon.colcon_core.package_identification:_identify(src/spotarm_assembly_description) by extensions ['ros']
[0.327s] Level 1:colcon.colcon_core.package_identification:_identify(src/spotarm_assembly_description) by extension 'ros'
[0.328s] DEBUG:colcon.colcon_core.package_identification:Package 'src/spotarm_assembly_description' with type 'ros.ament_python' and name 'spotarm_assembly_description'
[0.328s] Level 1:colcon.colcon_core.package_identification:_identify(src/stepper_test) by extensions ['ignore', 'ignore_ament_install']
[0.328s] Level 1:colcon.colcon_core.package_identification:_identify(src/stepper_test) by extension 'ignore'
[0.328s] Level 1:colcon.colcon_core.package_identification:_identify(src/stepper_test) by extension 'ignore_ament_install'
[0.328s] Level 1:colcon.colcon_core.package_identification:_identify(src/stepper_test) by extensions ['colcon_pkg']
[0.328s] Level 1:colcon.colcon_core.package_identification:_identify(src/stepper_test) by extension 'colcon_pkg'
[0.328s] Level 1:colcon.colcon_core.package_identification:_identify(src/stepper_test) by extensions ['colcon_meta']
[0.328s] Level 1:colcon.colcon_core.package_identification:_identify(src/stepper_test) by extension 'colcon_meta'
[0.328s] Level 1:colcon.colcon_core.package_identification:_identify(src/stepper_test) by extensions ['ros']
[0.328s] Level 1:colcon.colcon_core.package_identification:_identify(src/stepper_test) by extension 'ros'
[0.329s] DEBUG:colcon.colcon_core.package_identification:Package 'src/stepper_test' with type 'ros.ament_cmake' and name 'stepper_test'
[0.329s] Level 1:colcon.colcon_core.package_discovery:discover_packages(recursive) using defaults
[0.329s] Level 1:colcon.colcon_core.package_discovery:discover_packages(ignore) discover
[0.329s] Level 1:colcon.colcon_core.package_discovery:discover_packages(ignore) using defaults
[0.329s] Level 1:colcon.colcon_core.package_discovery:discover_packages(path) discover
[0.329s] Level 1:colcon.colcon_core.package_discovery:discover_packages(path) using defaults
[0.367s] Level 1:colcon.colcon_core.package_discovery:discover_packages(prefix_path) check parameters
[0.367s] Level 1:colcon.colcon_core.package_discovery:discover_packages(prefix_path) discover
[0.368s] WARNING:colcon.colcon_ros.prefix_path.ament:The path '/home/msd/MSD2/REV4/install/gear_manipulator_moveit_config' in the environment variable AMENT_PREFIX_PATH doesn't exist
[0.368s] WARNING:colcon.colcon_ros.prefix_path.ament:The path '/home/msd/MSD2/REV4/install/my_robot' in the environment variable AMENT_PREFIX_PATH doesn't exist
[0.368s] WARNING:colcon.colcon_ros.prefix_path.ament:The path '/home/msd/MSD2/REV4/install/motor_bridge' in the environment variable AMENT_PREFIX_PATH doesn't exist
[0.368s] WARNING:colcon.colcon_ros.prefix_path.catkin:The path '/home/msd/MSD2/REV4/install/gear_manipulator_moveit_config' in the environment variable CMAKE_PREFIX_PATH doesn't exist
[0.368s] WARNING:colcon.colcon_ros.prefix_path.catkin:The path '/home/msd/MSD2/REV4/install/motor_bridge' in the environment variable CMAKE_PREFIX_PATH doesn't exist
[0.369s] DEBUG:colcon.colcon_installed_package_information.package_discovery:Found 0 installed packages in /home/msd/MSD2/REV4/install
[0.370s] DEBUG:colcon.colcon_installed_package_information.package_discovery:Found 357 installed packages in /opt/ros/humble
[0.372s] Level 1:colcon.colcon_core.package_discovery:discover_packages(prefix_path) using defaults
[0.426s] Level 5:colcon.colcon_core.verb:set package 'marge' build argument 'cmake_args' from command line to 'None'
[0.426s] Level 5:colcon.colcon_core.verb:set package 'marge' build argument 'cmake_target' from command line to 'None'
[0.426s] Level 5:colcon.colcon_core.verb:set package 'marge' build argument 'cmake_target_skip_unavailable' from command line to 'False'
[0.426s] Level 5:colcon.colcon_core.verb:set package 'marge' build argument 'cmake_clean_cache' from command line to 'False'
[0.426s] Level 5:colcon.colcon_core.verb:set package 'marge' build argument 'cmake_clean_first' from command line to 'False'
[0.426s] Level 5:colcon.colcon_core.verb:set package 'marge' build argument 'cmake_force_configure' from command line to 'False'
[0.426s] Level 5:colcon.colcon_core.verb:set package 'marge' build argument 'ament_cmake_args' from command line to 'None'
[0.426s] Level 5:colcon.colcon_core.verb:set package 'marge' build argument 'catkin_cmake_args' from command line to 'None'
[0.426s] Level 5:colcon.colcon_core.verb:set package 'marge' build argument 'catkin_skip_building_tests' from command line to 'False'
[0.426s] DEBUG:colcon.colcon_core.verb:Building package 'marge' with the following arguments: {'ament_cmake_args': None, 'build_base': '/home/msd/MSD2/REV4/build/marge', 'catkin_cmake_args': None, 'catkin_skip_building_tests': False, 'cmake_args': None, 'cmake_clean_cache': False, 'cmake_clean_first': False, 'cmake_force_configure': False, 'cmake_target': None, 'cmake_target_skip_unavailable': False, 'install_base': '/home/msd/MSD2/REV4/install/marge', 'merge_install': False, 'path': '/home/msd/MSD2/REV4/src/marge', 'symlink_install': True, 'test_result_base': None}
[0.426s] Level 5:colcon.colcon_core.verb:set package 'my_robot' build argument 'cmake_args' from command line to 'None'
[0.427s] Level 5:colcon.colcon_core.verb:set package 'my_robot' build argument 'cmake_target' from command line to 'None'
[0.427s] Level 5:colcon.colcon_core.verb:set package 'my_robot' build argument 'cmake_target_skip_unavailable' from command line to 'False'
[0.427s] Level 5:colcon.colcon_core.verb:set package 'my_robot' build argument 'cmake_clean_cache' from command line to 'False'
[0.427s] Level 5:colcon.colcon_core.verb:set package 'my_robot' build argument 'cmake_clean_first' from command line to 'False'
[0.427s] Level 5:colcon.colcon_core.verb:set package 'my_robot' build argument 'cmake_force_configure' from command line to 'False'
[0.427s] Level 5:colcon.colcon_core.verb:set package 'my_robot' build argument 'ament_cmake_args' from command line to 'None'
[0.427s] Level 5:colcon.colcon_core.verb:set package 'my_robot' build argument 'catkin_cmake_args' from command line to 'None'
[0.427s] Level 5:colcon.colcon_core.verb:set package 'my_robot' build argument 'catkin_skip_building_tests' from command line to 'False'
[0.427s] DEBUG:colcon.colcon_core.verb:Building package 'my_robot' with the following arguments: {'ament_cmake_args': None, 'build_base': '/home/msd/MSD2/REV4/build/my_robot', 'catkin_cmake_args': None, 'catkin_skip_building_tests': False, 'cmake_args': None, 'cmake_clean_cache': False, 'cmake_clean_first': False, 'cmake_force_configure': False, 'cmake_target': None, 'cmake_target_skip_unavailable': False, 'install_base': '/home/msd/MSD2/REV4/install/my_robot', 'merge_install': False, 'path': '/home/msd/MSD2/REV4/src/my_robot', 'symlink_install': True, 'test_result_base': None}
[0.427s] Level 5:colcon.colcon_core.verb:set package 'robot_commander' build argument 'cmake_args' from command line to 'None'
[0.427s] Level 5:colcon.colcon_core.verb:set package 'robot_commander' build argument 'cmake_target' from command line to 'None'
[0.427s] Level 5:colcon.colcon_core.verb:set package 'robot_commander' build argument 'cmake_target_skip_unavailable' from command line to 'False'
[0.427s] Level 5:colcon.colcon_core.verb:set package 'robot_commander' build argument 'cmake_clean_cache' from command line to 'False'
[0.427s] Level 5:colcon.colcon_core.verb:set package 'robot_commander' build argument 'cmake_clean_first' from command line to 'False'
[0.427s] Level 5:colcon.colcon_core.verb:set package 'robot_commander' build argument 'cmake_force_configure' from command line to 'False'
[0.427s] Level 5:colcon.colcon_core.verb:set package 'robot_commander' build argument 'ament_cmake_args' from command line to 'None'
[0.427s] Level 5:colcon.colcon_core.verb:set package 'robot_commander' build argument 'catkin_cmake_args' from command line to 'None'
[0.427s] Level 5:colcon.colcon_core.verb:set package 'robot_commander' build argument 'catkin_skip_building_tests' from command line to 'False'
[0.427s] DEBUG:colcon.colcon_core.verb:Building package 'robot_commander' with the following arguments: {'ament_cmake_args': None, 'build_base': '/home/msd/MSD2/REV4/build/robot_commander', 'catkin_cmake_args': None, 'catkin_skip_building_tests': False, 'cmake_args': None, 'cmake_clean_cache': False, 'cmake_clean_first': False, 'cmake_force_configure': False, 'cmake_target': None, 'cmake_target_skip_unavailable': False, 'install_base': '/home/msd/MSD2/REV4/install/robot_commander', 'merge_install': False, 'path': '/home/msd/MSD2/REV4/src/robot_commander', 'symlink_install': True, 'test_result_base': None}
[0.428s] Level 5:colcon.colcon_core.verb:set package 'robot_hardware' build argument 'cmake_args' from command line to 'None'
[0.428s] Level 5:colcon.colcon_core.verb:set package 'robot_hardware' build argument 'cmake_target' from command line to 'None'
[0.428s] Level 5:colcon.colcon_core.verb:set package 'robot_hardware' build argument 'cmake_target_skip_unavailable' from command line to 'False'
[0.428s] Level 5:colcon.colcon_core.verb:set package 'robot_hardware' build argument 'cmake_clean_cache' from command line to 'False'
[0.428s] Level 5:colcon.colcon_core.verb:set package 'robot_hardware' build argument 'cmake_clean_first' from command line to 'False'
[0.428s] Level 5:colcon.colcon_core.verb:set package 'robot_hardware' build argument 'cmake_force_configure' from command line to 'False'
[0.428s] Level 5:colcon.colcon_core.verb:set package 'robot_hardware' build argument 'ament_cmake_args' from command line to 'None'
[0.428s] Level 5:colcon.colcon_core.verb:set package 'robot_hardware' build argument 'catkin_cmake_args' from command line to 'None'
[0.428s] Level 5:colcon.colcon_core.verb:set package 'robot_hardware' build argument 'catkin_skip_building_tests' from command line to 'False'
[0.428s] DEBUG:colcon.colcon_core.verb:Building package 'robot_hardware' with the following arguments: {'ament_cmake_args': None, 'build_base': '/home/msd/MSD2/REV4/build/robot_hardware', 'catkin_cmake_args': None, 'catkin_skip_building_tests': False, 'cmake_args': None, 'cmake_clean_cache': False, 'cmake_clean_first': False, 'cmake_force_configure': False, 'cmake_target': None, 'cmake_target_skip_unavailable': False, 'install_base': '/home/msd/MSD2/REV4/install/robot_hardware', 'merge_install': False, 'path': '/home/msd/MSD2/REV4/src/robot_hardware', 'symlink_install': True, 'test_result_base': None}
[0.428s] Level 5:colcon.colcon_core.verb:set package 'robot_servoing' build argument 'cmake_args' from command line to 'None'
[0.428s] Level 5:colcon.colcon_core.verb:set package 'robot_servoing' build argument 'cmake_target' from command line to 'None'
[0.428s] Level 5:colcon.colcon_core.verb:set package 'robot_servoing' build argument 'cmake_target_skip_unavailable' from command line to 'False'
[0.428s] Level 5:colcon.colcon_core.verb:set package 'robot_servoing' build argument 'cmake_clean_cache' from command line to 'False'
[0.428s] Level 5:colcon.colcon_core.verb:set package 'robot_servoing' build argument 'cmake_clean_first' from command line to 'False'
[0.428s] Level 5:colcon.colcon_core.verb:set package 'robot_servoing' build argument 'cmake_force_configure' from command line to 'False'
[0.428s] Level 5:colcon.colcon_core.verb:set package 'robot_servoing' build argument 'ament_cmake_args' from command line to 'None'
[0.428s] Level 5:colcon.colcon_core.verb:set package 'robot_servoing' build argument 'catkin_cmake_args' from command line to 'None'
[0.428s] Level 5:colcon.colcon_core.verb:set package 'robot_servoing' build argument 'catkin_skip_building_tests' from command line to 'False'
[0.428s] DEBUG:colcon.colcon_core.verb:Building package 'robot_servoing' with the following arguments: {'ament_cmake_args': None, 'build_base': '/home/msd/MSD2/REV4/build/robot_servoing', 'catkin_cmake_args': None, 'catkin_skip_building_tests': False, 'cmake_args': None, 'cmake_clean_cache': False, 'cmake_clean_first': False, 'cmake_force_configure': False, 'cmake_target': None, 'cmake_target_skip_unavailable': False, 'install_base': '/home/msd/MSD2/REV4/install/robot_servoing', 'merge_install': False, 'path': '/home/msd/MSD2/REV4/src/robot_servoing', 'symlink_install': True, 'test_result_base': None}
[0.429s] Level 5:colcon.colcon_core.verb:set package 'robot_status_leds' build argument 'cmake_args' from command line to 'None'
[0.429s] Level 5:colcon.colcon_core.verb:set package 'robot_status_leds' build argument 'cmake_target' from command line to 'None'
[0.429s] Level 5:colcon.colcon_core.verb:set package 'robot_status_leds' build argument 'cmake_target_skip_unavailable' from command line to 'False'
[0.429s] Level 5:colcon.colcon_core.verb:set package 'robot_status_leds' build argument 'cmake_clean_cache' from command line to 'False'
[0.429s] Level 5:colcon.colcon_core.verb:set package 'robot_status_leds' build argument 'cmake_clean_first' from command line to 'False'
[0.429s] Level 5:colcon.colcon_core.verb:set package 'robot_status_leds' build argument 'cmake_force_configure' from command line to 'False'
[0.429s] Level 5:colcon.colcon_core.verb:set package 'robot_status_leds' build argument 'ament_cmake_args' from command line to 'None'
[0.429s] Level 5:colcon.colcon_core.verb:set package 'robot_status_leds' build argument 'catkin_cmake_args' from command line to 'None'
[0.429s] Level 5:colcon.colcon_core.verb:set package 'robot_status_leds' build argument 'catkin_skip_building_tests' from command line to 'False'
[0.429s] DEBUG:colcon.colcon_core.verb:Building package 'robot_status_leds' with the following arguments: {'ament_cmake_args': None, 'build_base': '/home/msd/MSD2/REV4/build/robot_status_leds', 'catkin_cmake_args': None, 'catkin_skip_building_tests': False, 'cmake_args': None, 'cmake_clean_cache': False, 'cmake_clean_first': False, 'cmake_force_configure': False, 'cmake_target': None, 'cmake_target_skip_unavailable': False, 'install_base': '/home/msd/MSD2/REV4/install/robot_status_leds', 'merge_install': False, 'path': '/home/msd/MSD2/REV4/src/robot_status_leds', 'symlink_install': True, 'test_result_base': None}
[0.429s] Level 5:colcon.colcon_core.verb:set package 'spotarm_assembly_description' build argument 'cmake_args' from command line to 'None'
[0.429s] Level 5:colcon.colcon_core.verb:set package 'spotarm_assembly_description' build argument 'cmake_target' from command line to 'None'
[0.429s] Level 5:colcon.colcon_core.verb:set package 'spotarm_assembly_description' build argument 'cmake_target_skip_unavailable' from command line to 'False'
[0.429s] Level 5:colcon.colcon_core.verb:set package 'spotarm_assembly_description' build argument 'cmake_clean_cache' from command line to 'False'
[0.430s] Level 5:colcon.colcon_core.verb:set package 'spotarm_assembly_description' build argument 'cmake_clean_first' from command line to 'False'
[0.430s] Level 5:colcon.colcon_core.verb:set package 'spotarm_assembly_description' build argument 'cmake_force_configure' from command line to 'False'
[0.430s] Level 5:colcon.colcon_core.verb:set package 'spotarm_assembly_description' build argument 'ament_cmake_args' from command line to 'None'
[0.430s] Level 5:colcon.colcon_core.verb:set package 'spotarm_assembly_description' build argument 'catkin_cmake_args' from command line to 'None'
[0.430s] Level 5:colcon.colcon_core.verb:set package 'spotarm_assembly_description' build argument 'catkin_skip_building_tests' from command line to 'False'
[0.430s] DEBUG:colcon.colcon_core.verb:Building package 'spotarm_assembly_description' with the following arguments: {'ament_cmake_args': None, 'build_base': '/home/msd/MSD2/REV4/build/spotarm_assembly_description', 'catkin_cmake_args': None, 'catkin_skip_building_tests': False, 'cmake_args': None, 'cmake_clean_cache': False, 'cmake_clean_first': False, 'cmake_force_configure': False, 'cmake_target': None, 'cmake_target_skip_unavailable': False, 'install_base': '/home/msd/MSD2/REV4/install/spotarm_assembly_description', 'merge_install': False, 'path': '/home/msd/MSD2/REV4/src/spotarm_assembly_description', 'symlink_install': True, 'test_result_base': None}
[0.430s] Level 5:colcon.colcon_core.verb:set package 'stepper_test' build argument 'cmake_args' from command line to 'None'
[0.430s] Level 5:colcon.colcon_core.verb:set package 'stepper_test' build argument 'cmake_target' from command line to 'None'
[0.430s] Level 5:colcon.colcon_core.verb:set package 'stepper_test' build argument 'cmake_target_skip_unavailable' from command line to 'False'
[0.430s] Level 5:colcon.colcon_core.verb:set package 'stepper_test' build argument 'cmake_clean_cache' from command line to 'False'
[0.430s] Level 5:colcon.colcon_core.verb:set package 'stepper_test' build argument 'cmake_clean_first' from command line to 'False'
[0.430s] Level 5:colcon.colcon_core.verb:set package 'stepper_test' build argument 'cmake_force_configure' from command line to 'False'
[0.430s] Level 5:colcon.colcon_core.verb:set package 'stepper_test' build argument 'ament_cmake_args' from command line to 'None'
[0.430s] Level 5:colcon.colcon_core.verb:set package 'stepper_test' build argument 'catkin_cmake_args' from command line to 'None'
[0.430s] Level 5:colcon.colcon_core.verb:set package 'stepper_test' build argument 'catkin_skip_building_tests' from command line to 'False'
[0.430s] DEBUG:colcon.colcon_core.verb:Building package 'stepper_test' with the following arguments: {'ament_cmake_args': None, 'build_base': '/home/msd/MSD2/REV4/build/stepper_test', 'catkin_cmake_args': None, 'catkin_skip_building_tests': False, 'cmake_args': None, 'cmake_clean_cache': False, 'cmake_clean_first': False, 'cmake_force_configure': False, 'cmake_target': None, 'cmake_target_skip_unavailable': False, 'install_base': '/home/msd/MSD2/REV4/install/stepper_test', 'merge_install': False, 'path': '/home/msd/MSD2/REV4/src/stepper_test', 'symlink_install': True, 'test_result_base': None}
[0.431s] Level 5:colcon.colcon_core.verb:set package 'gear_manipulator_moveit_config' build argument 'cmake_args' from command line to 'None'
[0.431s] Level 5:colcon.colcon_core.verb:set package 'gear_manipulator_moveit_config' build argument 'cmake_target' from command line to 'None'
[0.431s] Level 5:colcon.colcon_core.verb:set package 'gear_manipulator_moveit_config' build argument 'cmake_target_skip_unavailable' from command line to 'False'
[0.431s] Level 5:colcon.colcon_core.verb:set package 'gear_manipulator_moveit_config' build argument 'cmake_clean_cache' from command line to 'False'
[0.431s] Level 5:colcon.colcon_core.verb:set package 'gear_manipulator_moveit_config' build argument 'cmake_clean_first' from command line to 'False'
[0.431s] Level 5:colcon.colcon_core.verb:set package 'gear_manipulator_moveit_config' build argument 'cmake_force_configure' from command line to 'False'
[0.431s] Level 5:colcon.colcon_core.verb:set package 'gear_manipulator_moveit_config' build argument 'ament_cmake_args' from command line to 'None'
[0.431s] Level 5:colcon.colcon_core.verb:set package 'gear_manipulator_moveit_config' build argument 'catkin_cmake_args' from command line to 'None'
[0.431s] Level 5:colcon.colcon_core.verb:set package 'gear_manipulator_moveit_config' build argument 'catkin_skip_building_tests' from command line to 'False'
[0.431s] DEBUG:colcon.colcon_core.verb:Building package 'gear_manipulator_moveit_config' with the following arguments: {'ament_cmake_args': None, 'build_base': '/home/msd/MSD2/REV4/build/gear_manipulator_moveit_config', 'catkin_cmake_args': None, 'catkin_skip_building_tests': False, 'cmake_args': None, 'cmake_clean_cache': False, 'cmake_clean_first': False, 'cmake_force_configure': False, 'cmake_target': None, 'cmake_target_skip_unavailable': False, 'install_base': '/home/msd/MSD2/REV4/install/gear_manipulator_moveit_config', 'merge_install': False, 'path': '/home/msd/MSD2/REV4/src/gear_manipulator_moveit_config', 'symlink_install': True, 'test_result_base': None}
[0.431s] Level 5:colcon.colcon_core.verb:set package 'robot_moveit_config' build argument 'cmake_args' from command line to 'None'
[0.431s] Level 5:colcon.colcon_core.verb:set package 'robot_moveit_config' build argument 'cmake_target' from command line to 'None'
[0.431s] Level 5:colcon.colcon_core.verb:set package 'robot_moveit_config' build argument 'cmake_target_skip_unavailable' from command line to 'False'
[0.431s] Level 5:colcon.colcon_core.verb:set package 'robot_moveit_config' build argument 'cmake_clean_cache' from command line to 'False'
[0.431s] Level 5:colcon.colcon_core.verb:set package 'robot_moveit_config' build argument 'cmake_clean_first' from command line to 'False'
[0.431s] Level 5:colcon.colcon_core.verb:set package 'robot_moveit_config' build argument 'cmake_force_configure' from command line to 'False'
[0.431s] Level 5:colcon.colcon_core.verb:set package 'robot_moveit_config' build argument 'ament_cmake_args' from command line to 'None'
[0.431s] Level 5:colcon.colcon_core.verb:set package 'robot_moveit_config' build argument 'catkin_cmake_args' from command line to 'None'
[0.431s] Level 5:colcon.colcon_core.verb:set package 'robot_moveit_config' build argument 'catkin_skip_building_tests' from command line to 'False'
[0.431s] DEBUG:colcon.colcon_core.verb:Building package 'robot_moveit_config' with the following arguments: {'ament_cmake_args': None, 'build_base': '/home/msd/MSD2/REV4/build/robot_moveit_config', 'catkin_cmake_args': None, 'catkin_skip_building_tests': False, 'cmake_args': None, 'cmake_clean_cache': False, 'cmake_clean_first': False, 'cmake_force_configure': False, 'cmake_target': None, 'cmake_target_skip_unavailable': False, 'install_base': '/home/msd/MSD2/REV4/install/robot_moveit_config', 'merge_install': False, 'path': '/home/msd/MSD2/REV4/src/robot_moveit_config', 'symlink_install': True, 'test_result_base': None}
[0.432s] Level 5:colcon.colcon_core.verb:set package 'robot_bringup' build argument 'cmake_args' from command line to 'None'
[0.432s] Level 5:colcon.colcon_core.verb:set package 'robot_bringup' build argument 'cmake_target' from command line to 'None'
[0.432s] Level 5:colcon.colcon_core.verb:set package 'robot_bringup' build argument 'cmake_target_skip_unavailable' from command line to 'False'
[0.432s] Level 5:colcon.colcon_core.verb:set package 'robot_bringup' build argument 'cmake_clean_cache' from command line to 'False'
[0.432s] Level 5:colcon.colcon_core.verb:set package 'robot_bringup' build argument 'cmake_clean_first' from command line to 'False'
[0.432s] Level 5:colcon.colcon_core.verb:set package 'robot_bringup' build argument 'cmake_force_configure' from command line to 'False'
[0.432s] Level 5:colcon.colcon_core.verb:set package 'robot_bringup' build argument 'ament_cmake_args' from command line to 'None'
[0.432s] Level 5:colcon.colcon_core.verb:set package 'robot_bringup' build argument 'catkin_cmake_args' from command line to 'None'
[0.432s] Level 5:colcon.colcon_core.verb:set package 'robot_bringup' build argument 'catkin_skip_building_tests' from command line to 'False'
[0.432s] DEBUG:colcon.colcon_core.verb:Building package 'robot_bringup' with the following arguments: {'ament_cmake_args': None, 'build_base': '/home/msd/MSD2/REV4/build/robot_bringup', 'catkin_cmake_args': None, 'catkin_skip_building_tests': False, 'cmake_args': None, 'cmake_clean_cache': False, 'cmake_clean_first': False, 'cmake_force_configure': False, 'cmake_target': None, 'cmake_target_skip_unavailable': False, 'install_base': '/home/msd/MSD2/REV4/install/robot_bringup', 'merge_install': False, 'path': '/home/msd/MSD2/REV4/src/robot_bringup', 'symlink_install': True, 'test_result_base': None}
[0.432s] INFO:colcon.colcon_core.executor:Executing jobs using 'parallel' executor
[0.433s] DEBUG:colcon.colcon_parallel_executor.executor.parallel:run_until_complete
[0.433s] INFO:colcon.colcon_ros.task.ament_python.build:Building ROS package in '/home/msd/MSD2/REV4/src/spotarm_assembly_description' with build type 'ament_python'
[0.433s] Level 1:colcon.colcon_core.shell:create_environment_hook('spotarm_assembly_description', 'ament_prefix_path')
[0.437s] INFO:colcon.colcon_core.plugin_system:Skipping extension 'colcon_core.shell.bat': Not used on non-Windows systems
[0.438s] INFO:colcon.colcon_core.shell:Creating environment hook '/home/msd/MSD2/REV4/install/spotarm_assembly_description/share/spotarm_assembly_description/hook/ament_prefix_path.ps1'
[0.438s] INFO:colcon.colcon_core.shell:Creating environment descriptor '/home/msd/MSD2/REV4/install/spotarm_assembly_description/share/spotarm_assembly_description/hook/ament_prefix_path.dsv'
[0.439s] INFO:colcon.colcon_core.shell:Creating environment hook '/home/msd/MSD2/REV4/install/spotarm_assembly_description/share/spotarm_assembly_description/hook/ament_prefix_path.sh'
[0.439s] INFO:colcon.colcon_core.shell:Skip shell extension 'powershell' for command environment: Not usable outside of PowerShell
[0.440s] DEBUG:colcon.colcon_core.shell:Skip shell extension 'dsv' for command environment
[0.443s] INFO:colcon.colcon_ros.task.ament_cmake.build:Building ROS package in '/home/msd/MSD2/REV4/src/my_robot' with build type 'ament_cmake'
[0.443s] INFO:colcon.colcon_cmake.task.cmake.build:Building CMake package in '/home/msd/MSD2/REV4/src/my_robot'
[0.443s] INFO:colcon.colcon_core.shell:Skip shell extension 'powershell' for command environment: Not usable outside of PowerShell
[0.443s] DEBUG:colcon.colcon_core.shell:Skip shell extension 'dsv' for command environment
[0.446s] INFO:colcon.colcon_ros.task.ament_cmake.build:Building ROS package in '/home/msd/MSD2/REV4/src/marge' with build type 'ament_cmake'
[0.446s] INFO:colcon.colcon_cmake.task.cmake.build:Building CMake package in '/home/msd/MSD2/REV4/src/marge'
[0.447s] INFO:colcon.colcon_core.shell:Skip shell extension 'powershell' for command environment: Not usable outside of PowerShell
[0.447s] DEBUG:colcon.colcon_core.shell:Skip shell extension 'dsv' for command environment
[0.450s] INFO:colcon.colcon_ros.task.ament_cmake.build:Building ROS package in '/home/msd/MSD2/REV4/src/robot_commander' with build type 'ament_cmake'
[0.450s] INFO:colcon.colcon_cmake.task.cmake.build:Building CMake package in '/home/msd/MSD2/REV4/src/robot_commander'
[0.450s] INFO:colcon.colcon_core.shell:Skip shell extension 'powershell' for command environment: Not usable outside of PowerShell
[0.450s] DEBUG:colcon.colcon_core.shell:Skip shell extension 'dsv' for command environment
[0.453s] INFO:colcon.colcon_ros.task.ament_cmake.build:Building ROS package in '/home/msd/MSD2/REV4/src/robot_hardware' with build type 'ament_cmake'
[0.453s] INFO:colcon.colcon_cmake.task.cmake.build:Building CMake package in '/home/msd/MSD2/REV4/src/robot_hardware'
[0.454s] INFO:colcon.colcon_core.shell:Skip shell extension 'powershell' for command environment: Not usable outside of PowerShell
[0.454s] DEBUG:colcon.colcon_core.shell:Skip shell extension 'dsv' for command environment
[0.456s] INFO:colcon.colcon_ros.task.ament_cmake.build:Building ROS package in '/home/msd/MSD2/REV4/src/robot_servoing' with build type 'ament_cmake'
[0.457s] INFO:colcon.colcon_cmake.task.cmake.build:Building CMake package in '/home/msd/MSD2/REV4/src/robot_servoing'
[0.457s] INFO:colcon.colcon_core.shell:Skip shell extension 'powershell' for command environment: Not usable outside of PowerShell
[0.457s] DEBUG:colcon.colcon_core.shell:Skip shell extension 'dsv' for command environment
[0.460s] INFO:colcon.colcon_ros.task.ament_python.build:Building ROS package in '/home/msd/MSD2/REV4/src/robot_status_leds' with build type 'ament_python'
[0.460s] Level 1:colcon.colcon_core.shell:create_environment_hook('robot_status_leds', 'ament_prefix_path')
[0.460s] INFO:colcon.colcon_core.shell:Creating environment hook '/home/msd/MSD2/REV4/install/robot_status_leds/share/robot_status_leds/hook/ament_prefix_path.ps1'
[0.461s] INFO:colcon.colcon_core.shell:Creating environment descriptor '/home/msd/MSD2/REV4/install/robot_status_leds/share/robot_status_leds/hook/ament_prefix_path.dsv'
[0.461s] INFO:colcon.colcon_core.shell:Creating environment hook '/home/msd/MSD2/REV4/install/robot_status_leds/share/robot_status_leds/hook/ament_prefix_path.sh'
[0.462s] INFO:colcon.colcon_core.shell:Skip shell extension 'powershell' for command environment: Not usable outside of PowerShell
[0.462s] DEBUG:colcon.colcon_core.shell:Skip shell extension 'dsv' for command environment
[0.465s] INFO:colcon.colcon_ros.task.ament_cmake.build:Building ROS package in '/home/msd/MSD2/REV4/src/stepper_test' with build type 'ament_cmake'
[0.465s] INFO:colcon.colcon_cmake.task.cmake.build:Building CMake package in '/home/msd/MSD2/REV4/src/stepper_test'
[0.466s] INFO:colcon.colcon_core.shell:Skip shell extension 'powershell' for command environment: Not usable outside of PowerShell
[0.466s] DEBUG:colcon.colcon_core.shell:Skip shell extension 'dsv' for command environment
[0.740s] INFO:colcon.colcon_core.task.python.build:Building Python package in '/home/msd/MSD2/REV4/src/spotarm_assembly_description'
[0.740s] INFO:colcon.colcon_core.shell:Skip shell extension 'powershell' for command environment: Not usable outside of PowerShell
[0.740s] DEBUG:colcon.colcon_core.shell:Skip shell extension 'dsv' for command environment
[0.747s] DEBUG:colcon.colcon_core.event_handler.log_command:Invoking command in '/home/msd/MSD2/REV4/build/my_robot': CMAKE_PREFIX_PATH=${CMAKE_PREFIX_PATH}:/home/msd/MSD2/REV4/install/my_robot:/opt/ros/humble /usr/bin/cmake /home/msd/MSD2/REV4/src/my_robot -DAMENT_CMAKE_SYMLINK_INSTALL=1 -DCMAKE_INSTALL_PREFIX=/home/msd/MSD2/REV4/install/my_robot
[0.750s] DEBUG:colcon.colcon_core.event_handler.log_command:Invoking command in '/home/msd/MSD2/REV4/build/marge': CMAKE_PREFIX_PATH=${CMAKE_PREFIX_PATH}:/home/msd/MSD2/REV4/install/my_robot:/opt/ros/humble /usr/bin/cmake /home/msd/MSD2/REV4/src/marge -DAMENT_CMAKE_SYMLINK_INSTALL=1 -DCMAKE_INSTALL_PREFIX=/home/msd/MSD2/REV4/install/marge
[0.752s] DEBUG:colcon.colcon_core.event_handler.log_command:Invoking command in '/home/msd/MSD2/REV4/build/robot_commander': CMAKE_PREFIX_PATH=${CMAKE_PREFIX_PATH}:/home/msd/MSD2/REV4/install/my_robot:/opt/ros/humble /usr/bin/cmake /home/msd/MSD2/REV4/src/robot_commander -DAMENT_CMAKE_SYMLINK_INSTALL=1 -DCMAKE_INSTALL_PREFIX=/home/msd/MSD2/REV4/install/robot_commander
[0.757s] DEBUG:colcon.colcon_core.event_handler.log_command:Invoking command in '/home/msd/MSD2/REV4/build/robot_hardware': CMAKE_PREFIX_PATH=${CMAKE_PREFIX_PATH}:/home/msd/MSD2/REV4/install/my_robot:/opt/ros/humble /usr/bin/cmake /home/msd/MSD2/REV4/src/robot_hardware -DAMENT_CMAKE_SYMLINK_INSTALL=1 -DCMAKE_INSTALL_PREFIX=/home/msd/MSD2/REV4/install/robot_hardware
[0.760s] DEBUG:colcon.colcon_core.event_handler.log_command:Invoking command in '/home/msd/MSD2/REV4/build/robot_servoing': CMAKE_PREFIX_PATH=${CMAKE_PREFIX_PATH}:/home/msd/MSD2/REV4/install/my_robot:/opt/ros/humble /usr/bin/cmake /home/msd/MSD2/REV4/src/robot_servoing -DAMENT_CMAKE_SYMLINK_INSTALL=1 -DCMAKE_INSTALL_PREFIX=/home/msd/MSD2/REV4/install/robot_servoing
[1.198s] INFO:colcon.colcon_core.task.python.build:Building Python package in '/home/msd/MSD2/REV4/src/robot_status_leds'
[1.199s] INFO:colcon.colcon_core.shell:Skip shell extension 'powershell' for command environment: Not usable outside of PowerShell
[1.199s] DEBUG:colcon.colcon_core.shell:Skip shell extension 'dsv' for command environment
[1.211s] DEBUG:colcon.colcon_core.event_handler.log_command:Invoking command in '/home/msd/MSD2/REV4/build/stepper_test': CMAKE_PREFIX_PATH=${CMAKE_PREFIX_PATH}:/home/msd/MSD2/REV4/install/my_robot:/opt/ros/humble /usr/bin/cmake /home/msd/MSD2/REV4/src/stepper_test -DAMENT_CMAKE_SYMLINK_INSTALL=1 -DCMAKE_INSTALL_PREFIX=/home/msd/MSD2/REV4/install/stepper_test
[1.806s] DEBUG:colcon.colcon_core.event_handler.log_command:Invoked command in '/home/msd/MSD2/REV4/build/my_robot' returned '0': CMAKE_PREFIX_PATH=${CMAKE_PREFIX_PATH}:/home/msd/MSD2/REV4/install/my_robot:/opt/ros/humble /usr/bin/cmake /home/msd/MSD2/REV4/src/my_robot -DAMENT_CMAKE_SYMLINK_INSTALL=1 -DCMAKE_INSTALL_PREFIX=/home/msd/MSD2/REV4/install/my_robot
[1.809s] DEBUG:colcon.colcon_core.event_handler.log_command:Invoking command in '/home/msd/MSD2/REV4/build/my_robot': CMAKE_PREFIX_PATH=${CMAKE_PREFIX_PATH}:/home/msd/MSD2/REV4/install/my_robot:/opt/ros/humble /usr/bin/cmake --build /home/msd/MSD2/REV4/build/my_robot -- -j8 -l8
[1.815s] DEBUG:colcon.colcon_core.event_handler.log_command:Invoked command in '/home/msd/MSD2/REV4/build/marge' returned '0': CMAKE_PREFIX_PATH=${CMAKE_PREFIX_PATH}:/home/msd/MSD2/REV4/install/my_robot:/opt/ros/humble /usr/bin/cmake /home/msd/MSD2/REV4/src/marge -DAMENT_CMAKE_SYMLINK_INSTALL=1 -DCMAKE_INSTALL_PREFIX=/home/msd/MSD2/REV4/install/marge
[1.816s] DEBUG:colcon.colcon_core.event_handler.log_command:Invoking command in '/home/msd/MSD2/REV4/build/marge': CMAKE_PREFIX_PATH=${CMAKE_PREFIX_PATH}:/home/msd/MSD2/REV4/install/my_robot:/opt/ros/humble /usr/bin/cmake --build /home/msd/MSD2/REV4/build/marge -- -j8 -l8
[1.867s] DEBUG:colcon.colcon_core.event_handler.log_command:Invoked command in '/home/msd/MSD2/REV4/build/my_robot' returned '0': CMAKE_PREFIX_PATH=${CMAKE_PREFIX_PATH}:/home/msd/MSD2/REV4/install/my_robot:/opt/ros/humble /usr/bin/cmake --build /home/msd/MSD2/REV4/build/my_robot -- -j8 -l8
[1.883s] DEBUG:colcon.colcon_core.event_handler.log_command:Invoking command in '/home/msd/MSD2/REV4/build/my_robot': CMAKE_PREFIX_PATH=${CMAKE_PREFIX_PATH}:/home/msd/MSD2/REV4/install/my_robot:/opt/ros/humble /usr/bin/cmake --install /home/msd/MSD2/REV4/build/my_robot
[1.968s] DEBUG:colcon.colcon_core.event_handler.log_command:Invoking command in '/home/msd/MSD2/REV4/build/spotarm_assembly_description': PYTHONPATH=/home/msd/MSD2/REV4/build/spotarm_assembly_description/prefix_override:/usr/lib/python3/dist-packages/colcon_core/task/python/colcon_distutils_commands:/home/msd/MSD2/REV4/install/spotarm_assembly_description/lib/python3.10/site-packages:${PYTHONPATH} /usr/bin/python3 -W ignore:setup.py install is deprecated -W ignore:easy_install command is deprecated setup.py develop --editable --build-directory /home/msd/MSD2/REV4/build/spotarm_assembly_description/build --no-deps symlink_data
[2.004s] DEBUG:colcon.colcon_core.event_handler.log_command:Invoking command in '/home/msd/MSD2/REV4/build/robot_status_leds': PYTHONPATH=/home/msd/MSD2/REV4/build/robot_status_leds/prefix_override:/usr/lib/python3/dist-packages/colcon_core/task/python/colcon_distutils_commands:/home/msd/MSD2/REV4/install/robot_status_leds/lib/python3.10/site-packages:${PYTHONPATH} /usr/bin/python3 -W ignore:setup.py install is deprecated -W ignore:easy_install command is deprecated setup.py develop --editable --build-directory /home/msd/MSD2/REV4/build/robot_status_leds/build --no-deps symlink_data
[2.163s] Level 1:colcon.colcon_core.environment:create_environment_scripts_only(my_robot)
[2.164s] DEBUG:colcon.colcon_core.event_handler.log_command:Invoked command in '/home/msd/MSD2/REV4/build/my_robot' returned '0': CMAKE_PREFIX_PATH=${CMAKE_PREFIX_PATH}:/home/msd/MSD2/REV4/install/my_robot:/opt/ros/humble /usr/bin/cmake --install /home/msd/MSD2/REV4/build/my_robot
[2.178s] Level 1:colcon.colcon_core.environment:checking '/home/msd/MSD2/REV4/install/my_robot' for CMake module files
[2.179s] Level 1:colcon.colcon_core.environment:checking '/home/msd/MSD2/REV4/install/my_robot' for CMake config files
[2.181s] Level 1:colcon.colcon_core.shell:create_environment_hook('my_robot', 'cmake_prefix_path')
[2.182s] INFO:colcon.colcon_core.shell:Creating environment hook '/home/msd/MSD2/REV4/install/my_robot/share/my_robot/hook/cmake_prefix_path.ps1'
[2.185s] INFO:colcon.colcon_core.shell:Creating environment descriptor '/home/msd/MSD2/REV4/install/my_robot/share/my_robot/hook/cmake_prefix_path.dsv'
[2.185s] INFO:colcon.colcon_core.shell:Creating environment hook '/home/msd/MSD2/REV4/install/my_robot/share/my_robot/hook/cmake_prefix_path.sh'
[2.189s] Level 1:colcon.colcon_core.environment:checking '/home/msd/MSD2/REV4/install/my_robot/bin'
[2.189s] Level 1:colcon.colcon_core.environment:checking '/home/msd/MSD2/REV4/install/my_robot/lib/pkgconfig/my_robot.pc'
[2.189s] Level 1:colcon.colcon_core.environment:checking '/home/msd/MSD2/REV4/install/my_robot/lib/python3.10/site-packages'
[2.190s] Level 1:colcon.colcon_core.environment:checking '/home/msd/MSD2/REV4/install/my_robot/bin'
[2.191s] INFO:colcon.colcon_core.shell:Creating package script '/home/msd/MSD2/REV4/install/my_robot/share/my_robot/package.ps1'
[2.193s] INFO:colcon.colcon_core.shell:Creating package descriptor '/home/msd/MSD2/REV4/install/my_robot/share/my_robot/package.dsv'
[2.194s] INFO:colcon.colcon_core.shell:Creating package script '/home/msd/MSD2/REV4/install/my_robot/share/my_robot/package.sh'
[2.195s] INFO:colcon.colcon_core.shell:Creating package script '/home/msd/MSD2/REV4/install/my_robot/share/my_robot/package.bash'
[2.197s] INFO:colcon.colcon_core.shell:Creating package script '/home/msd/MSD2/REV4/install/my_robot/share/my_robot/package.zsh'
[2.198s] Level 1:colcon.colcon_core.environment:create_file_with_runtime_dependencies(/home/msd/MSD2/REV4/install/my_robot/share/colcon-core/packages/my_robot)
[2.201s] Level 1:colcon.colcon_core.environment:create_environment_scripts_only(my_robot)
[2.202s] Level 1:colcon.colcon_core.environment:checking '/home/msd/MSD2/REV4/install/my_robot' for CMake module files
[2.202s] Level 1:colcon.colcon_core.environment:checking '/home/msd/MSD2/REV4/install/my_robot' for CMake config files
[2.203s] Level 1:colcon.colcon_core.shell:create_environment_hook('my_robot', 'cmake_prefix_path')
[2.203s] INFO:colcon.colcon_core.shell:Creating environment hook '/home/msd/MSD2/REV4/install/my_robot/share/my_robot/hook/cmake_prefix_path.ps1'
[2.204s] INFO:colcon.colcon_core.shell:Creating environment descriptor '/home/msd/MSD2/REV4/install/my_robot/share/my_robot/hook/cmake_prefix_path.dsv'
[2.205s] INFO:colcon.colcon_core.shell:Creating environment hook '/home/msd/MSD2/REV4/install/my_robot/share/my_robot/hook/cmake_prefix_path.sh'
[2.206s] Level 1:colcon.colcon_core.environment:checking '/home/msd/MSD2/REV4/install/my_robot/bin'
[2.206s] Level 1:colcon.colcon_core.environment:checking '/home/msd/MSD2/REV4/install/my_robot/lib/pkgconfig/my_robot.pc'
[2.206s] Level 1:colcon.colcon_core.environment:checking '/home/msd/MSD2/REV4/install/my_robot/lib/python3.10/site-packages'
[2.207s] Level 1:colcon.colcon_core.environment:checking '/home/msd/MSD2/REV4/install/my_robot/bin'
[2.207s] INFO:colcon.colcon_core.shell:Creating package script '/home/msd/MSD2/REV4/install/my_robot/share/my_robot/package.ps1'
[2.208s] INFO:colcon.colcon_core.shell:Creating package descriptor '/home/msd/MSD2/REV4/install/my_robot/share/my_robot/package.dsv'
[2.209s] INFO:colcon.colcon_core.shell:Creating package script '/home/msd/MSD2/REV4/install/my_robot/share/my_robot/package.sh'
[2.210s] INFO:colcon.colcon_core.shell:Creating package script '/home/msd/MSD2/REV4/install/my_robot/share/my_robot/package.bash'
[2.211s] INFO:colcon.colcon_core.shell:Creating package script '/home/msd/MSD2/REV4/install/my_robot/share/my_robot/package.zsh'
[2.212s] Level 1:colcon.colcon_core.environment:create_file_with_runtime_dependencies(/home/msd/MSD2/REV4/install/my_robot/share/colcon-core/packages/my_robot)
[2.212s] INFO:colcon.colcon_ros.task.ament_cmake.build:Building ROS package in '/home/msd/MSD2/REV4/src/gear_manipulator_moveit_config' with build type 'ament_cmake'
[2.212s] INFO:colcon.colcon_cmake.task.cmake.build:Building CMake package in '/home/msd/MSD2/REV4/src/gear_manipulator_moveit_config'
[2.213s] INFO:colcon.colcon_core.shell:Skip shell extension 'powershell' for command environment: Not usable outside of PowerShell
[2.213s] DEBUG:colcon.colcon_core.shell:Skip shell extension 'dsv' for command environment
[2.229s] DEBUG:colcon.colcon_core.event_handler.log_command:Invoking command in '/home/msd/MSD2/REV4/build/gear_manipulator_moveit_config': CMAKE_PREFIX_PATH=/home/msd/MSD2/REV4/install/my_robot:/home/msd/MSD2/REV4/install/gear_manipulator_moveit_config:/home/msd/MSD2/REV4/install/motor_bridge:/opt/ros/humble /usr/bin/cmake /home/msd/MSD2/REV4/src/gear_manipulator_moveit_config -DAMENT_CMAKE_SYMLINK_INSTALL=1 -DCMAKE_INSTALL_PREFIX=/home/msd/MSD2/REV4/install/gear_manipulator_moveit_config
[2.901s] Level 1:colcon.colcon_core.shell:create_environment_hook('spotarm_assembly_description', 'pythonpath_develop')
[2.901s] INFO:colcon.colcon_core.shell:Creating environment hook '/home/msd/MSD2/REV4/build/spotarm_assembly_description/share/spotarm_assembly_description/hook/pythonpath_develop.ps1'
[2.902s] INFO:colcon.colcon_core.shell:Creating environment descriptor '/home/msd/MSD2/REV4/build/spotarm_assembly_description/share/spotarm_assembly_description/hook/pythonpath_develop.dsv'
[2.903s] INFO:colcon.colcon_core.shell:Creating environment hook '/home/msd/MSD2/REV4/build/spotarm_assembly_description/share/spotarm_assembly_description/hook/pythonpath_develop.sh'
[2.904s] Level 1:colcon.colcon_core.environment:checking '/home/msd/MSD2/REV4/install/spotarm_assembly_description' for CMake module files
[2.905s] DEBUG:colcon.colcon_core.event_handler.log_command:Invoked command in '/home/msd/MSD2/REV4/build/spotarm_assembly_description' returned '0': PYTHONPATH=/home/msd/MSD2/REV4/build/spotarm_assembly_description/prefix_override:/usr/lib/python3/dist-packages/colcon_core/task/python/colcon_distutils_commands:/home/msd/MSD2/REV4/install/spotarm_assembly_description/lib/python3.10/site-packages:${PYTHONPATH} /usr/bin/python3 -W ignore:setup.py install is deprecated -W ignore:easy_install command is deprecated setup.py develop --editable --build-directory /home/msd/MSD2/REV4/build/spotarm_assembly_description/build --no-deps symlink_data
[2.907s] Level 1:colcon.colcon_core.environment:checking '/home/msd/MSD2/REV4/install/spotarm_assembly_description' for CMake config files
[2.908s] Level 1:colcon.colcon_core.environment:checking '/home/msd/MSD2/REV4/install/spotarm_assembly_description/lib'
[2.908s] Level 1:colcon.colcon_core.environment:checking '/home/msd/MSD2/REV4/install/spotarm_assembly_description/bin'
[2.909s] Level 1:colcon.colcon_core.environment:checking '/home/msd/MSD2/REV4/install/spotarm_assembly_description/lib/pkgconfig/spotarm_assembly_description.pc'
[2.909s] Level 1:colcon.colcon_core.environment:checking '/home/msd/MSD2/REV4/install/spotarm_assembly_description/lib/python3.10/site-packages'
[2.909s] Level 1:colcon.colcon_core.shell:create_environment_hook('spotarm_assembly_description', 'pythonpath')
[2.910s] INFO:colcon.colcon_core.shell:Creating environment hook '/home/msd/MSD2/REV4/install/spotarm_assembly_description/share/spotarm_assembly_description/hook/pythonpath.ps1'
[2.910s] INFO:colcon.colcon_core.shell:Creating environment descriptor '/home/msd/MSD2/REV4/install/spotarm_assembly_description/share/spotarm_assembly_description/hook/pythonpath.dsv'
[2.911s] INFO:colcon.colcon_core.shell:Creating environment hook '/home/msd/MSD2/REV4/install/spotarm_assembly_description/share/spotarm_assembly_description/hook/pythonpath.sh'
[2.912s] Level 1:colcon.colcon_core.environment:checking '/home/msd/MSD2/REV4/install/spotarm_assembly_description/bin'
[2.913s] Level 1:colcon.colcon_core.environment:create_environment_scripts_only(spotarm_assembly_description)
[2.913s] INFO:colcon.colcon_core.shell:Creating package script '/home/msd/MSD2/REV4/install/spotarm_assembly_description/share/spotarm_assembly_description/package.ps1'
[2.915s] INFO:colcon.colcon_core.shell:Creating package descriptor '/home/msd/MSD2/REV4/install/spotarm_assembly_description/share/spotarm_assembly_description/package.dsv'
[2.916s] INFO:colcon.colcon_core.shell:Creating package script '/home/msd/MSD2/REV4/install/spotarm_assembly_description/share/spotarm_assembly_description/package.sh'
[2.916s] INFO:colcon.colcon_core.shell:Creating package script '/home/msd/MSD2/REV4/install/spotarm_assembly_description/share/spotarm_assembly_description/package.bash'
[2.917s] INFO:colcon.colcon_core.shell:Creating package script '/home/msd/MSD2/REV4/install/spotarm_assembly_description/share/spotarm_assembly_description/package.zsh'
[2.918s] Level 1:colcon.colcon_core.environment:create_file_with_runtime_dependencies(/home/msd/MSD2/REV4/install/spotarm_assembly_description/share/colcon-core/packages/spotarm_assembly_description)
[2.919s] INFO:colcon.colcon_ros.task.ament_cmake.build:Building ROS package in '/home/msd/MSD2/REV4/src/robot_moveit_config' with build type 'ament_cmake'
[2.919s] INFO:colcon.colcon_cmake.task.cmake.build:Building CMake package in '/home/msd/MSD2/REV4/src/robot_moveit_config'
[2.920s] INFO:colcon.colcon_core.shell:Skip shell extension 'powershell' for command environment: Not usable outside of PowerShell
[2.920s] DEBUG:colcon.colcon_core.shell:Skip shell extension 'dsv' for command environment
[2.950s] DEBUG:colcon.colcon_core.event_handler.log_command:Invoking command in '/home/msd/MSD2/REV4/build/robot_moveit_config': AMENT_PREFIX_PATH=/home/msd/MSD2/REV4/install/spotarm_assembly_description:${AMENT_PREFIX_PATH} CMAKE_PREFIX_PATH=${CMAKE_PREFIX_PATH}:/home/msd/MSD2/REV4/install/my_robot:/opt/ros/humble PYTHONPATH=/home/msd/MSD2/REV4/build/spotarm_assembly_description:/home/msd/MSD2/REV4/install/spotarm_assembly_description/lib/python3.10/site-packages:${PYTHONPATH} /usr/bin/cmake /home/msd/MSD2/REV4/src/robot_moveit_config -DAMENT_CMAKE_SYMLINK_INSTALL=1 -DCMAKE_INSTALL_PREFIX=/home/msd/MSD2/REV4/install/robot_moveit_config
[2.952s] Level 1:colcon.colcon_core.shell:create_environment_hook('robot_status_leds', 'pythonpath_develop')
[2.952s] INFO:colcon.colcon_core.shell:Creating environment hook '/home/msd/MSD2/REV4/build/robot_status_leds/share/robot_status_leds/hook/pythonpath_develop.ps1'
[2.953s] INFO:colcon.colcon_core.shell:Creating environment descriptor '/home/msd/MSD2/REV4/build/robot_status_leds/share/robot_status_leds/hook/pythonpath_develop.dsv'
[2.954s] INFO:colcon.colcon_core.shell:Creating environment hook '/home/msd/MSD2/REV4/build/robot_status_leds/share/robot_status_leds/hook/pythonpath_develop.sh'
[2.958s] DEBUG:colcon.colcon_core.event_handler.log_command:Invoked command in '/home/msd/MSD2/REV4/build/robot_status_leds' returned '0': PYTHONPATH=/home/msd/MSD2/REV4/build/robot_status_leds/prefix_override:/usr/lib/python3/dist-packages/colcon_core/task/python/colcon_distutils_commands:/home/msd/MSD2/REV4/install/robot_status_leds/lib/python3.10/site-packages:${PYTHONPATH} /usr/bin/python3 -W ignore:setup.py install is deprecated -W ignore:easy_install command is deprecated setup.py develop --editable --build-directory /home/msd/MSD2/REV4/build/robot_status_leds/build --no-deps symlink_data
[2.958s] Level 1:colcon.colcon_core.environment:checking '/home/msd/MSD2/REV4/install/robot_status_leds' for CMake module files
[2.959s] Level 1:colcon.colcon_core.environment:checking '/home/msd/MSD2/REV4/install/robot_status_leds' for CMake config files
[2.960s] Level 1:colcon.colcon_core.environment:checking '/home/msd/MSD2/REV4/install/robot_status_leds/lib'
[2.960s] Level 1:colcon.colcon_core.environment:checking '/home/msd/MSD2/REV4/install/robot_status_leds/bin'
[2.960s] Level 1:colcon.colcon_core.environment:checking '/home/msd/MSD2/REV4/install/robot_status_leds/lib/pkgconfig/robot_status_leds.pc'
[2.960s] Level 1:colcon.colcon_core.environment:checking '/home/msd/MSD2/REV4/install/robot_status_leds/lib/python3.10/site-packages'
[2.961s] Level 1:colcon.colcon_core.shell:create_environment_hook('robot_status_leds', 'pythonpath')
[2.961s] INFO:colcon.colcon_core.shell:Creating environment hook '/home/msd/MSD2/REV4/install/robot_status_leds/share/robot_status_leds/hook/pythonpath.ps1'
[2.962s] INFO:colcon.colcon_core.shell:Creating environment descriptor '/home/msd/MSD2/REV4/install/robot_status_leds/share/robot_status_leds/hook/pythonpath.dsv'
[2.962s] INFO:colcon.colcon_core.shell:Creating environment hook '/home/msd/MSD2/REV4/install/robot_status_leds/share/robot_status_leds/hook/pythonpath.sh'
[2.964s] Level 1:colcon.colcon_core.environment:checking '/home/msd/MSD2/REV4/install/robot_status_leds/bin'
[2.964s] Level 1:colcon.colcon_core.environment:create_environment_scripts_only(robot_status_leds)
[2.965s] INFO:colcon.colcon_core.shell:Creating package script '/home/msd/MSD2/REV4/install/robot_status_leds/share/robot_status_leds/package.ps1'
[2.966s] INFO:colcon.colcon_core.shell:Creating package descriptor '/home/msd/MSD2/REV4/install/robot_status_leds/share/robot_status_leds/package.dsv'
[2.967s] INFO:colcon.colcon_core.shell:Creating package script '/home/msd/MSD2/REV4/install/robot_status_leds/share/robot_status_leds/package.sh'
[2.968s] INFO:colcon.colcon_core.shell:Creating package script '/home/msd/MSD2/REV4/install/robot_status_leds/share/robot_status_leds/package.bash'
[2.969s] INFO:colcon.colcon_core.shell:Creating package script '/home/msd/MSD2/REV4/install/robot_status_leds/share/robot_status_leds/package.zsh'
[2.969s] Level 1:colcon.colcon_core.environment:create_file_with_runtime_dependencies(/home/msd/MSD2/REV4/install/robot_status_leds/share/colcon-core/packages/robot_status_leds)
[3.239s] DEBUG:colcon.colcon_core.event_handler.log_command:Invoked command in '/home/msd/MSD2/REV4/build/stepper_test' returned '0': CMAKE_PREFIX_PATH=${CMAKE_PREFIX_PATH}:/home/msd/MSD2/REV4/install/my_robot:/opt/ros/humble /usr/bin/cmake /home/msd/MSD2/REV4/src/stepper_test -DAMENT_CMAKE_SYMLINK_INSTALL=1 -DCMAKE_INSTALL_PREFIX=/home/msd/MSD2/REV4/install/stepper_test
[3.240s] DEBUG:colcon.colcon_core.event_handler.log_command:Invoking command in '/home/msd/MSD2/REV4/build/stepper_test': CMAKE_PREFIX_PATH=${CMAKE_PREFIX_PATH}:/home/msd/MSD2/REV4/install/my_robot:/opt/ros/humble /usr/bin/cmake --build /home/msd/MSD2/REV4/build/stepper_test -- -j8 -l8
[3.292s] DEBUG:colcon.colcon_core.event_handler.log_command:Invoked command in '/home/msd/MSD2/REV4/build/robot_hardware' returned '0': CMAKE_PREFIX_PATH=${CMAKE_PREFIX_PATH}:/home/msd/MSD2/REV4/install/my_robot:/opt/ros/humble /usr/bin/cmake /home/msd/MSD2/REV4/src/robot_hardware -DAMENT_CMAKE_SYMLINK_INSTALL=1 -DCMAKE_INSTALL_PREFIX=/home/msd/MSD2/REV4/install/robot_hardware
[3.293s] DEBUG:colcon.colcon_core.event_handler.log_command:Invoking command in '/home/msd/MSD2/REV4/build/robot_hardware': CMAKE_PREFIX_PATH=${CMAKE_PREFIX_PATH}:/home/msd/MSD2/REV4/install/my_robot:/opt/ros/humble /usr/bin/cmake --build /home/msd/MSD2/REV4/build/robot_hardware -- -j8 -l8
[3.409s] DEBUG:colcon.colcon_core.event_handler.log_command:Invoked command in '/home/msd/MSD2/REV4/build/gear_manipulator_moveit_config' returned '0': CMAKE_PREFIX_PATH=/home/msd/MSD2/REV4/install/my_robot:/home/msd/MSD2/REV4/install/gear_manipulator_moveit_config:/home/msd/MSD2/REV4/install/motor_bridge:/opt/ros/humble /usr/bin/cmake /home/msd/MSD2/REV4/src/gear_manipulator_moveit_config -DAMENT_CMAKE_SYMLINK_INSTALL=1 -DCMAKE_INSTALL_PREFIX=/home/msd/MSD2/REV4/install/gear_manipulator_moveit_config
[3.410s] DEBUG:colcon.colcon_core.event_handler.log_command:Invoking command in '/home/msd/MSD2/REV4/build/gear_manipulator_moveit_config': CMAKE_PREFIX_PATH=/home/msd/MSD2/REV4/install/my_robot:/home/msd/MSD2/REV4/install/gear_manipulator_moveit_config:/home/msd/MSD2/REV4/install/motor_bridge:/opt/ros/humble /usr/bin/cmake --build /home/msd/MSD2/REV4/build/gear_manipulator_moveit_config -- -j8 -l8
[3.666s] DEBUG:colcon.colcon_core.event_handler.log_command:Invoked command in '/home/msd/MSD2/REV4/build/marge' returned '0': CMAKE_PREFIX_PATH=${CMAKE_PREFIX_PATH}:/home/msd/MSD2/REV4/install/my_robot:/opt/ros/humble /usr/bin/cmake --build /home/msd/MSD2/REV4/build/marge -- -j8 -l8
[3.673s] DEBUG:colcon.colcon_core.event_handler.log_command:Invoking command in '/home/msd/MSD2/REV4/build/marge': CMAKE_PREFIX_PATH=${CMAKE_PREFIX_PATH}:/home/msd/MSD2/REV4/install/my_robot:/opt/ros/humble /usr/bin/cmake --install /home/msd/MSD2/REV4/build/marge
[3.683s] DEBUG:colcon.colcon_core.event_handler.log_command:Invoked command in '/home/msd/MSD2/REV4/build/gear_manipulator_moveit_config' returned '0': CMAKE_PREFIX_PATH=/home/msd/MSD2/REV4/install/my_robot:/home/msd/MSD2/REV4/install/gear_manipulator_moveit_config:/home/msd/MSD2/REV4/install/motor_bridge:/opt/ros/humble /usr/bin/cmake --build /home/msd/MSD2/REV4/build/gear_manipulator_moveit_config -- -j8 -l8
[3.684s] DEBUG:colcon.colcon_core.event_handler.log_command:Invoking command in '/home/msd/MSD2/REV4/build/gear_manipulator_moveit_config': CMAKE_PREFIX_PATH=/home/msd/MSD2/REV4/install/my_robot:/home/msd/MSD2/REV4/install/gear_manipulator_moveit_config:/home/msd/MSD2/REV4/install/motor_bridge:/opt/ros/humble /usr/bin/cmake --install /home/msd/MSD2/REV4/build/gear_manipulator_moveit_config
[4.339s] Level 1:colcon.colcon_core.environment:create_environment_scripts_only(marge)
[4.340s] Level 1:colcon.colcon_core.environment:checking '/home/msd/MSD2/REV4/install/marge' for CMake module files
[4.344s] DEBUG:colcon.colcon_core.event_handler.log_command:Invoked command in '/home/msd/MSD2/REV4/build/marge' returned '0': CMAKE_PREFIX_PATH=${CMAKE_PREFIX_PATH}:/home/msd/MSD2/REV4/install/my_robot:/opt/ros/humble /usr/bin/cmake --install /home/msd/MSD2/REV4/build/marge
[4.345s] Level 1:colcon.colcon_core.environment:checking '/home/msd/MSD2/REV4/install/marge' for CMake config files
[4.346s] Level 1:colcon.colcon_core.shell:create_environment_hook('marge', 'cmake_prefix_path')
[4.346s] INFO:colcon.colcon_core.shell:Creating environment hook '/home/msd/MSD2/REV4/install/marge/share/marge/hook/cmake_prefix_path.ps1'
[4.347s] INFO:colcon.colcon_core.shell:Creating environment descriptor '/home/msd/MSD2/REV4/install/marge/share/marge/hook/cmake_prefix_path.dsv'
[4.349s] INFO:colcon.colcon_core.shell:Creating environment hook '/home/msd/MSD2/REV4/install/marge/share/marge/hook/cmake_prefix_path.sh'
[4.350s] Level 1:colcon.colcon_core.environment:checking '/home/msd/MSD2/REV4/install/marge/lib'
[4.350s] Level 1:colcon.colcon_core.shell:create_environment_hook('marge', 'ld_library_path_lib')
[4.350s] INFO:colcon.colcon_core.shell:Creating environment hook '/home/msd/MSD2/REV4/install/marge/share/marge/hook/ld_library_path_lib.ps1'
[4.351s] INFO:colcon.colcon_core.shell:Creating environment descriptor '/home/msd/MSD2/REV4/install/marge/share/marge/hook/ld_library_path_lib.dsv'
[4.351s] INFO:colcon.colcon_core.shell:Creating environment hook '/home/msd/MSD2/REV4/install/marge/share/marge/hook/ld_library_path_lib.sh'
[4.352s] Level 1:colcon.colcon_core.environment:checking '/home/msd/MSD2/REV4/install/marge/bin'
[4.352s] Level 1:colcon.colcon_core.environment:checking '/home/msd/MSD2/REV4/install/marge/lib/pkgconfig/marge.pc'
[4.353s] Level 1:colcon.colcon_core.environment:checking '/home/msd/MSD2/REV4/install/marge/lib/python3.10/site-packages'
[4.355s] Level 1:colcon.colcon_core.environment:checking '/home/msd/MSD2/REV4/install/marge/bin'
[4.356s] INFO:colcon.colcon_core.shell:Creating package script '/home/msd/MSD2/REV4/install/marge/share/marge/package.ps1'
[4.357s] INFO:colcon.colcon_core.shell:Creating package descriptor '/home/msd/MSD2/REV4/install/marge/share/marge/package.dsv'
[4.358s] INFO:colcon.colcon_core.shell:Creating package script '/home/msd/MSD2/REV4/install/marge/share/marge/package.sh'
[4.359s] INFO:colcon.colcon_core.shell:Creating package script '/home/msd/MSD2/REV4/install/marge/share/marge/package.bash'
[4.361s] INFO:colcon.colcon_core.shell:Creating package script '/home/msd/MSD2/REV4/install/marge/share/marge/package.zsh'
[4.361s] Level 1:colcon.colcon_core.environment:create_file_with_runtime_dependencies(/home/msd/MSD2/REV4/install/marge/share/colcon-core/packages/marge)
[4.363s] Level 1:colcon.colcon_core.environment:create_environment_scripts_only(marge)
[4.365s] Level 1:colcon.colcon_core.environment:checking '/home/msd/MSD2/REV4/install/marge' for CMake module files
[4.367s] Level 1:colcon.colcon_core.environment:checking '/home/msd/MSD2/REV4/install/marge' for CMake config files
[4.367s] Level 1:colcon.colcon_core.shell:create_environment_hook('marge', 'cmake_prefix_path')
[4.368s] INFO:colcon.colcon_core.shell:Creating environment hook '/home/msd/MSD2/REV4/install/marge/share/marge/hook/cmake_prefix_path.ps1'
[4.369s] INFO:colcon.colcon_core.shell:Creating environment descriptor '/home/msd/MSD2/REV4/install/marge/share/marge/hook/cmake_prefix_path.dsv'
[4.369s] INFO:colcon.colcon_core.shell:Creating environment hook '/home/msd/MSD2/REV4/install/marge/share/marge/hook/cmake_prefix_path.sh'
[4.371s] Level 1:colcon.colcon_core.environment:checking '/home/msd/MSD2/REV4/install/marge/lib'
[4.372s] Level 1:colcon.colcon_core.shell:create_environment_hook('marge', 'ld_library_path_lib')
[4.372s] INFO:colcon.colcon_core.shell:Creating environment hook '/home/msd/MSD2/REV4/install/marge/share/marge/hook/ld_library_path_lib.ps1'
[4.373s] INFO:colcon.colcon_core.shell:Creating environment descriptor '/home/msd/MSD2/REV4/install/marge/share/marge/hook/ld_library_path_lib.dsv'
[4.374s] INFO:colcon.colcon_core.shell:Creating environment hook '/home/msd/MSD2/REV4/install/marge/share/marge/hook/ld_library_path_lib.sh'
[4.375s] Level 1:colcon.colcon_core.environment:checking '/home/msd/MSD2/REV4/install/marge/bin'
[4.376s] Level 1:colcon.colcon_core.environment:checking '/home/msd/MSD2/REV4/install/marge/lib/pkgconfig/marge.pc'
[4.376s] Level 1:colcon.colcon_core.environment:checking '/home/msd/MSD2/REV4/install/marge/lib/python3.10/site-packages'
[4.377s] Level 1:colcon.colcon_core.environment:checking '/home/msd/MSD2/REV4/install/marge/bin'
[4.378s] INFO:colcon.colcon_core.shell:Creating package script '/home/msd/MSD2/REV4/install/marge/share/marge/package.ps1'
[4.380s] INFO:colcon.colcon_core.shell:Creating package descriptor '/home/msd/MSD2/REV4/install/marge/share/marge/package.dsv'
[4.382s] INFO:colcon.colcon_core.shell:Creating package script '/home/msd/MSD2/REV4/install/marge/share/marge/package.sh'
[4.383s] INFO:colcon.colcon_core.shell:Creating package script '/home/msd/MSD2/REV4/install/marge/share/marge/package.bash'
[4.385s] INFO:colcon.colcon_core.shell:Creating package script '/home/msd/MSD2/REV4/install/marge/share/marge/package.zsh'
[4.386s] Level 1:colcon.colcon_core.environment:create_file_with_runtime_dependencies(/home/msd/MSD2/REV4/install/marge/share/colcon-core/packages/marge)
[4.402s] DEBUG:colcon.colcon_core.event_handler.log_command:Invoked command in '/home/msd/MSD2/REV4/build/robot_commander' returned '0': CMAKE_PREFIX_PATH=${CMAKE_PREFIX_PATH}:/home/msd/MSD2/REV4/install/my_robot:/opt/ros/humble /usr/bin/cmake /home/msd/MSD2/REV4/src/robot_commander -DAMENT_CMAKE_SYMLINK_INSTALL=1 -DCMAKE_INSTALL_PREFIX=/home/msd/MSD2/REV4/install/robot_commander
[4.403s] DEBUG:colcon.colcon_core.event_handler.log_command:Invoking command in '/home/msd/MSD2/REV4/build/robot_commander': CMAKE_PREFIX_PATH=${CMAKE_PREFIX_PATH}:/home/msd/MSD2/REV4/install/my_robot:/opt/ros/humble /usr/bin/cmake --build /home/msd/MSD2/REV4/build/robot_commander -- -j8 -l8
[4.482s] DEBUG:colcon.colcon_core.event_handler.log_command:Invoked command in '/home/msd/MSD2/REV4/build/robot_moveit_config' returned '0': AMENT_PREFIX_PATH=/home/msd/MSD2/REV4/install/spotarm_assembly_description:${AMENT_PREFIX_PATH} CMAKE_PREFIX_PATH=${CMAKE_PREFIX_PATH}:/home/msd/MSD2/REV4/install/my_robot:/opt/ros/humble PYTHONPATH=/home/msd/MSD2/REV4/build/spotarm_assembly_description:/home/msd/MSD2/REV4/install/spotarm_assembly_description/lib/python3.10/site-packages:${PYTHONPATH} /usr/bin/cmake /home/msd/MSD2/REV4/src/robot_moveit_config -DAMENT_CMAKE_SYMLINK_INSTALL=1 -DCMAKE_INSTALL_PREFIX=/home/msd/MSD2/REV4/install/robot_moveit_config
[4.484s] DEBUG:colcon.colcon_core.event_handler.log_command:Invoking command in '/home/msd/MSD2/REV4/build/robot_moveit_config': AMENT_PREFIX_PATH=/home/msd/MSD2/REV4/install/spotarm_assembly_description:${AMENT_PREFIX_PATH} CMAKE_PREFIX_PATH=${CMAKE_PREFIX_PATH}:/home/msd/MSD2/REV4/install/my_robot:/opt/ros/humble PYTHONPATH=/home/msd/MSD2/REV4/build/spotarm_assembly_description:/home/msd/MSD2/REV4/install/spotarm_assembly_description/lib/python3.10/site-packages:${PYTHONPATH} /usr/bin/cmake --build /home/msd/MSD2/REV4/build/robot_moveit_config -- -j8 -l8
[4.557s] DEBUG:colcon.colcon_core.event_handler.log_command:Invoked command in '/home/msd/MSD2/REV4/build/robot_moveit_config' returned '0': AMENT_PREFIX_PATH=/home/msd/MSD2/REV4/install/spotarm_assembly_description:${AMENT_PREFIX_PATH} CMAKE_PREFIX_PATH=${CMAKE_PREFIX_PATH}:/home/msd/MSD2/REV4/install/my_robot:/opt/ros/humble PYTHONPATH=/home/msd/MSD2/REV4/build/spotarm_assembly_description:/home/msd/MSD2/REV4/install/spotarm_assembly_description/lib/python3.10/site-packages:${PYTHONPATH} /usr/bin/cmake --build /home/msd/MSD2/REV4/build/robot_moveit_config -- -j8 -l8
[4.559s] DEBUG:colcon.colcon_core.event_handler.log_command:Invoking command in '/home/msd/MSD2/REV4/build/robot_moveit_config': AMENT_PREFIX_PATH=/home/msd/MSD2/REV4/install/spotarm_assembly_description:${AMENT_PREFIX_PATH} CMAKE_PREFIX_PATH=${CMAKE_PREFIX_PATH}:/home/msd/MSD2/REV4/install/my_robot:/opt/ros/humble PYTHONPATH=/home/msd/MSD2/REV4/build/spotarm_assembly_description:/home/msd/MSD2/REV4/install/spotarm_assembly_description/lib/python3.10/site-packages:${PYTHONPATH} /usr/bin/cmake --install /home/msd/MSD2/REV4/build/robot_moveit_config
[4.627s] DEBUG:colcon.colcon_core.event_handler.log_command:Invoked command in '/home/msd/MSD2/REV4/build/robot_servoing' returned '0': CMAKE_PREFIX_PATH=${CMAKE_PREFIX_PATH}:/home/msd/MSD2/REV4/install/my_robot:/opt/ros/humble /usr/bin/cmake /home/msd/MSD2/REV4/src/robot_servoing -DAMENT_CMAKE_SYMLINK_INSTALL=1 -DCMAKE_INSTALL_PREFIX=/home/msd/MSD2/REV4/install/robot_servoing
[4.633s] DEBUG:colcon.colcon_core.event_handler.log_command:Invoking command in '/home/msd/MSD2/REV4/build/robot_servoing': CMAKE_PREFIX_PATH=${CMAKE_PREFIX_PATH}:/home/msd/MSD2/REV4/install/my_robot:/opt/ros/humble /usr/bin/cmake --build /home/msd/MSD2/REV4/build/robot_servoing -- -j8 -l8
[4.634s] Level 1:colcon.colcon_core.environment:create_environment_scripts_only(gear_manipulator_moveit_config)
[4.635s] Level 1:colcon.colcon_core.environment:checking '/home/msd/MSD2/REV4/install/gear_manipulator_moveit_config' for CMake module files
[4.635s] DEBUG:colcon.colcon_core.event_handler.log_command:Invoked command in '/home/msd/MSD2/REV4/build/gear_manipulator_moveit_config' returned '0': CMAKE_PREFIX_PATH=/home/msd/MSD2/REV4/install/my_robot:/home/msd/MSD2/REV4/install/gear_manipulator_moveit_config:/home/msd/MSD2/REV4/install/motor_bridge:/opt/ros/humble /usr/bin/cmake --install /home/msd/MSD2/REV4/build/gear_manipulator_moveit_config
[4.636s] Level 1:colcon.colcon_core.environment:checking '/home/msd/MSD2/REV4/install/gear_manipulator_moveit_config' for CMake config files
[4.636s] Level 1:colcon.colcon_core.shell:create_environment_hook('gear_manipulator_moveit_config', 'cmake_prefix_path')
[4.636s] INFO:colcon.colcon_core.shell:Creating environment hook '/home/msd/MSD2/REV4/install/gear_manipulator_moveit_config/share/gear_manipulator_moveit_config/hook/cmake_prefix_path.ps1'
[4.637s] INFO:colcon.colcon_core.shell:Creating environment descriptor '/home/msd/MSD2/REV4/install/gear_manipulator_moveit_config/share/gear_manipulator_moveit_config/hook/cmake_prefix_path.dsv'
[4.637s] INFO:colcon.colcon_core.shell:Creating environment hook '/home/msd/MSD2/REV4/install/gear_manipulator_moveit_config/share/gear_manipulator_moveit_config/hook/cmake_prefix_path.sh'
[4.638s] Level 1:colcon.colcon_core.environment:checking '/home/msd/MSD2/REV4/install/gear_manipulator_moveit_config/bin'
[4.638s] Level 1:colcon.colcon_core.environment:checking '/home/msd/MSD2/REV4/install/gear_manipulator_moveit_config/lib/pkgconfig/gear_manipulator_moveit_config.pc'
[4.638s] Level 1:colcon.colcon_core.environment:checking '/home/msd/MSD2/REV4/install/gear_manipulator_moveit_config/lib/python3.10/site-packages'
[4.639s] Level 1:colcon.colcon_core.environment:checking '/home/msd/MSD2/REV4/install/gear_manipulator_moveit_config/bin'
[4.639s] INFO:colcon.colcon_core.shell:Creating package script '/home/msd/MSD2/REV4/install/gear_manipulator_moveit_config/share/gear_manipulator_moveit_config/package.ps1'
[4.640s] INFO:colcon.colcon_core.shell:Creating package descriptor '/home/msd/MSD2/REV4/install/gear_manipulator_moveit_config/share/gear_manipulator_moveit_config/package.dsv'
[4.640s] INFO:colcon.colcon_core.shell:Creating package script '/home/msd/MSD2/REV4/install/gear_manipulator_moveit_config/share/gear_manipulator_moveit_config/package.sh'
[4.641s] INFO:colcon.colcon_core.shell:Creating package script '/home/msd/MSD2/REV4/install/gear_manipulator_moveit_config/share/gear_manipulator_moveit_config/package.bash'
[4.641s] INFO:colcon.colcon_core.shell:Creating package script '/home/msd/MSD2/REV4/install/gear_manipulator_moveit_config/share/gear_manipulator_moveit_config/package.zsh'
[4.641s] Level 1:colcon.colcon_core.environment:create_file_with_runtime_dependencies(/home/msd/MSD2/REV4/install/gear_manipulator_moveit_config/share/colcon-core/packages/gear_manipulator_moveit_config)
[4.642s] Level 1:colcon.colcon_core.environment:create_environment_scripts_only(gear_manipulator_moveit_config)
[4.643s] Level 1:colcon.colcon_core.environment:checking '/home/msd/MSD2/REV4/install/gear_manipulator_moveit_config' for CMake module files
[4.643s] Level 1:colcon.colcon_core.environment:checking '/home/msd/MSD2/REV4/install/gear_manipulator_moveit_config' for CMake config files
[4.644s] Level 1:colcon.colcon_core.shell:create_environment_hook('gear_manipulator_moveit_config', 'cmake_prefix_path')
[4.644s] INFO:colcon.colcon_core.shell:Creating environment hook '/home/msd/MSD2/REV4/install/gear_manipulator_moveit_config/share/gear_manipulator_moveit_config/hook/cmake_prefix_path.ps1'
[4.645s] INFO:colcon.colcon_core.shell:Creating environment descriptor '/home/msd/MSD2/REV4/install/gear_manipulator_moveit_config/share/gear_manipulator_moveit_config/hook/cmake_prefix_path.dsv'
[4.645s] INFO:colcon.colcon_core.shell:Creating environment hook '/home/msd/MSD2/REV4/install/gear_manipulator_moveit_config/share/gear_manipulator_moveit_config/hook/cmake_prefix_path.sh'
[4.646s] Level 1:colcon.colcon_core.environment:checking '/home/msd/MSD2/REV4/install/gear_manipulator_moveit_config/bin'
[4.646s] Level 1:colcon.colcon_core.environment:checking '/home/msd/MSD2/REV4/install/gear_manipulator_moveit_config/lib/pkgconfig/gear_manipulator_moveit_config.pc'
[4.647s] Level 1:colcon.colcon_core.environment:checking '/home/msd/MSD2/REV4/install/gear_manipulator_moveit_config/lib/python3.10/site-packages'
[4.647s] Level 1:colcon.colcon_core.environment:checking '/home/msd/MSD2/REV4/install/gear_manipulator_moveit_config/bin'
[4.647s] INFO:colcon.colcon_core.shell:Creating package script '/home/msd/MSD2/REV4/install/gear_manipulator_moveit_config/share/gear_manipulator_moveit_config/package.ps1'
[4.648s] INFO:colcon.colcon_core.shell:Creating package descriptor '/home/msd/MSD2/REV4/install/gear_manipulator_moveit_config/share/gear_manipulator_moveit_config/package.dsv'
[4.649s] INFO:colcon.colcon_core.shell:Creating package script '/home/msd/MSD2/REV4/install/gear_manipulator_moveit_config/share/gear_manipulator_moveit_config/package.sh'
[4.650s] INFO:colcon.colcon_core.shell:Creating package script '/home/msd/MSD2/REV4/install/gear_manipulator_moveit_config/share/gear_manipulator_moveit_config/package.bash'
[4.651s] INFO:colcon.colcon_core.shell:Creating package script '/home/msd/MSD2/REV4/install/gear_manipulator_moveit_config/share/gear_manipulator_moveit_config/package.zsh'
[4.651s] Level 1:colcon.colcon_core.environment:create_file_with_runtime_dependencies(/home/msd/MSD2/REV4/install/gear_manipulator_moveit_config/share/colcon-core/packages/gear_manipulator_moveit_config)
[4.923s] Level 1:colcon.colcon_core.environment:create_environment_scripts_only(robot_moveit_config)
[4.923s] Level 1:colcon.colcon_core.environment:checking '/home/msd/MSD2/REV4/install/robot_moveit_config' for CMake module files
[4.924s] DEBUG:colcon.colcon_core.event_handler.log_command:Invoked command in '/home/msd/MSD2/REV4/build/robot_moveit_config' returned '0': AMENT_PREFIX_PATH=/home/msd/MSD2/REV4/install/spotarm_assembly_description:${AMENT_PREFIX_PATH} CMAKE_PREFIX_PATH=${CMAKE_PREFIX_PATH}:/home/msd/MSD2/REV4/install/my_robot:/opt/ros/humble PYTHONPATH=/home/msd/MSD2/REV4/build/spotarm_assembly_description:/home/msd/MSD2/REV4/install/spotarm_assembly_description/lib/python3.10/site-packages:${PYTHONPATH} /usr/bin/cmake --install /home/msd/MSD2/REV4/build/robot_moveit_config
[4.924s] Level 1:colcon.colcon_core.environment:checking '/home/msd/MSD2/REV4/install/robot_moveit_config' for CMake config files
[4.924s] Level 1:colcon.colcon_core.shell:create_environment_hook('robot_moveit_config', 'cmake_prefix_path')
[4.925s] INFO:colcon.colcon_core.shell:Creating environment hook '/home/msd/MSD2/REV4/install/robot_moveit_config/share/robot_moveit_config/hook/cmake_prefix_path.ps1'
[4.925s] INFO:colcon.colcon_core.shell:Creating environment descriptor '/home/msd/MSD2/REV4/install/robot_moveit_config/share/robot_moveit_config/hook/cmake_prefix_path.dsv'
[4.925s] INFO:colcon.colcon_core.shell:Creating environment hook '/home/msd/MSD2/REV4/install/robot_moveit_config/share/robot_moveit_config/hook/cmake_prefix_path.sh'
[4.926s] Level 1:colcon.colcon_core.environment:checking '/home/msd/MSD2/REV4/install/robot_moveit_config/bin'
[4.926s] Level 1:colcon.colcon_core.environment:checking '/home/msd/MSD2/REV4/install/robot_moveit_config/lib/pkgconfig/robot_moveit_config.pc'
[4.927s] Level 1:colcon.colcon_core.environment:checking '/home/msd/MSD2/REV4/install/robot_moveit_config/lib/python3.10/site-packages'
[4.927s] Level 1:colcon.colcon_core.environment:checking '/home/msd/MSD2/REV4/install/robot_moveit_config/bin'
[4.928s] INFO:colcon.colcon_core.shell:Creating package script '/home/msd/MSD2/REV4/install/robot_moveit_config/share/robot_moveit_config/package.ps1'
[4.930s] INFO:colcon.colcon_core.shell:Creating package descriptor '/home/msd/MSD2/REV4/install/robot_moveit_config/share/robot_moveit_config/package.dsv'
[4.931s] INFO:colcon.colcon_core.shell:Creating package script '/home/msd/MSD2/REV4/install/robot_moveit_config/share/robot_moveit_config/package.sh'
[4.931s] INFO:colcon.colcon_core.shell:Creating package script '/home/msd/MSD2/REV4/install/robot_moveit_config/share/robot_moveit_config/package.bash'
[4.932s] INFO:colcon.colcon_core.shell:Creating package script '/home/msd/MSD2/REV4/install/robot_moveit_config/share/robot_moveit_config/package.zsh'
[4.933s] Level 1:colcon.colcon_core.environment:create_file_with_runtime_dependencies(/home/msd/MSD2/REV4/install/robot_moveit_config/share/colcon-core/packages/robot_moveit_config)
[4.934s] Level 1:colcon.colcon_core.environment:create_environment_scripts_only(robot_moveit_config)
[4.935s] Level 1:colcon.colcon_core.environment:checking '/home/msd/MSD2/REV4/install/robot_moveit_config' for CMake module files
[4.936s] Level 1:colcon.colcon_core.environment:checking '/home/msd/MSD2/REV4/install/robot_moveit_config' for CMake config files
[4.936s] Level 1:colcon.colcon_core.shell:create_environment_hook('robot_moveit_config', 'cmake_prefix_path')
[4.937s] INFO:colcon.colcon_core.shell:Creating environment hook '/home/msd/MSD2/REV4/install/robot_moveit_config/share/robot_moveit_config/hook/cmake_prefix_path.ps1'
[4.939s] INFO:colcon.colcon_core.shell:Creating environment descriptor '/home/msd/MSD2/REV4/install/robot_moveit_config/share/robot_moveit_config/hook/cmake_prefix_path.dsv'
[4.940s] INFO:colcon.colcon_core.shell:Creating environment hook '/home/msd/MSD2/REV4/install/robot_moveit_config/share/robot_moveit_config/hook/cmake_prefix_path.sh'
[4.941s] Level 1:colcon.colcon_core.environment:checking '/home/msd/MSD2/REV4/install/robot_moveit_config/bin'
[4.941s] Level 1:colcon.colcon_core.environment:checking '/home/msd/MSD2/REV4/install/robot_moveit_config/lib/pkgconfig/robot_moveit_config.pc'
[4.942s] Level 1:colcon.colcon_core.environment:checking '/home/msd/MSD2/REV4/install/robot_moveit_config/lib/python3.10/site-packages'
[4.942s] Level 1:colcon.colcon_core.environment:checking '/home/msd/MSD2/REV4/install/robot_moveit_config/bin'
[4.943s] INFO:colcon.colcon_core.shell:Creating package script '/home/msd/MSD2/REV4/install/robot_moveit_config/share/robot_moveit_config/package.ps1'
[4.944s] INFO:colcon.colcon_core.shell:Creating package descriptor '/home/msd/MSD2/REV4/install/robot_moveit_config/share/robot_moveit_config/package.dsv'
[4.945s] INFO:colcon.colcon_core.shell:Creating package script '/home/msd/MSD2/REV4/install/robot_moveit_config/share/robot_moveit_config/package.sh'
[4.946s] INFO:colcon.colcon_core.shell:Creating package script '/home/msd/MSD2/REV4/install/robot_moveit_config/share/robot_moveit_config/package.bash'
[4.946s] INFO:colcon.colcon_core.shell:Creating package script '/home/msd/MSD2/REV4/install/robot_moveit_config/share/robot_moveit_config/package.zsh'
[4.947s] Level 1:colcon.colcon_core.environment:create_file_with_runtime_dependencies(/home/msd/MSD2/REV4/install/robot_moveit_config/share/colcon-core/packages/robot_moveit_config)
[4.947s] INFO:colcon.colcon_ros.task.ament_cmake.build:Building ROS package in '/home/msd/MSD2/REV4/src/robot_bringup' with build type 'ament_cmake'
[4.947s] INFO:colcon.colcon_cmake.task.cmake.build:Building CMake package in '/home/msd/MSD2/REV4/src/robot_bringup'
[4.947s] INFO:colcon.colcon_core.shell:Skip shell extension 'powershell' for command environment: Not usable outside of PowerShell
[4.947s] DEBUG:colcon.colcon_core.shell:Skip shell extension 'dsv' for command environment
[4.960s] DEBUG:colcon.colcon_core.event_handler.log_command:Invoking command in '/home/msd/MSD2/REV4/build/robot_bringup': AMENT_PREFIX_PATH=/home/msd/MSD2/REV4/install/robot_moveit_config:/home/msd/MSD2/REV4/install/spotarm_assembly_description:${AMENT_PREFIX_PATH} CMAKE_PREFIX_PATH=/home/msd/MSD2/REV4/install/robot_moveit_config:/home/msd/MSD2/REV4/install/gear_manipulator_moveit_config:/home/msd/MSD2/REV4/install/motor_bridge:/home/msd/MSD2/REV4/install/my_robot:/opt/ros/humble PYTHONPATH=/home/msd/MSD2/REV4/build/spotarm_assembly_description:/home/msd/MSD2/REV4/install/spotarm_assembly_description/lib/python3.10/site-packages:${PYTHONPATH} /usr/bin/cmake /home/msd/MSD2/REV4/src/robot_bringup -DAMENT_CMAKE_SYMLINK_INSTALL=1 -DCMAKE_INSTALL_PREFIX=/home/msd/MSD2/REV4/install/robot_bringup
[5.819s] DEBUG:colcon.colcon_core.event_handler.log_command:Invoked command in '/home/msd/MSD2/REV4/build/robot_bringup' returned '0': AMENT_PREFIX_PATH=/home/msd/MSD2/REV4/install/robot_moveit_config:/home/msd/MSD2/REV4/install/spotarm_assembly_description:${AMENT_PREFIX_PATH} CMAKE_PREFIX_PATH=/home/msd/MSD2/REV4/install/robot_moveit_config:/home/msd/MSD2/REV4/install/gear_manipulator_moveit_config:/home/msd/MSD2/REV4/install/motor_bridge:/home/msd/MSD2/REV4/install/my_robot:/opt/ros/humble PYTHONPATH=/home/msd/MSD2/REV4/build/spotarm_assembly_description:/home/msd/MSD2/REV4/install/spotarm_assembly_description/lib/python3.10/site-packages:${PYTHONPATH} /usr/bin/cmake /home/msd/MSD2/REV4/src/robot_bringup -DAMENT_CMAKE_SYMLINK_INSTALL=1 -DCMAKE_INSTALL_PREFIX=/home/msd/MSD2/REV4/install/robot_bringup
[5.821s] DEBUG:colcon.colcon_core.event_handler.log_command:Invoking command in '/home/msd/MSD2/REV4/build/robot_bringup': AMENT_PREFIX_PATH=/home/msd/MSD2/REV4/install/robot_moveit_config:/home/msd/MSD2/REV4/install/spotarm_assembly_description:${AMENT_PREFIX_PATH} CMAKE_PREFIX_PATH=/home/msd/MSD2/REV4/install/robot_moveit_config:/home/msd/MSD2/REV4/install/gear_manipulator_moveit_config:/home/msd/MSD2/REV4/install/motor_bridge:/home/msd/MSD2/REV4/install/my_robot:/opt/ros/humble PYTHONPATH=/home/msd/MSD2/REV4/build/spotarm_assembly_description:/home/msd/MSD2/REV4/install/spotarm_assembly_description/lib/python3.10/site-packages:${PYTHONPATH} /usr/bin/cmake --build /home/msd/MSD2/REV4/build/robot_bringup -- -j8 -l8
[5.866s] DEBUG:colcon.colcon_core.event_handler.log_command:Invoked command in '/home/msd/MSD2/REV4/build/robot_bringup' returned '0': AMENT_PREFIX_PATH=/home/msd/MSD2/REV4/install/robot_moveit_config:/home/msd/MSD2/REV4/install/spotarm_assembly_description:${AMENT_PREFIX_PATH} CMAKE_PREFIX_PATH=/home/msd/MSD2/REV4/install/robot_moveit_config:/home/msd/MSD2/REV4/install/gear_manipulator_moveit_config:/home/msd/MSD2/REV4/install/motor_bridge:/home/msd/MSD2/REV4/install/my_robot:/opt/ros/humble PYTHONPATH=/home/msd/MSD2/REV4/build/spotarm_assembly_description:/home/msd/MSD2/REV4/install/spotarm_assembly_description/lib/python3.10/site-packages:${PYTHONPATH} /usr/bin/cmake --build /home/msd/MSD2/REV4/build/robot_bringup -- -j8 -l8
[5.869s] DEBUG:colcon.colcon_core.event_handler.log_command:Invoking command in '/home/msd/MSD2/REV4/build/robot_bringup': AMENT_PREFIX_PATH=/home/msd/MSD2/REV4/install/robot_moveit_config:/home/msd/MSD2/REV4/install/spotarm_assembly_description:${AMENT_PREFIX_PATH} CMAKE_PREFIX_PATH=/home/msd/MSD2/REV4/install/robot_moveit_config:/home/msd/MSD2/REV4/install/gear_manipulator_moveit_config:/home/msd/MSD2/REV4/install/motor_bridge:/home/msd/MSD2/REV4/install/my_robot:/opt/ros/humble PYTHONPATH=/home/msd/MSD2/REV4/build/spotarm_assembly_description:/home/msd/MSD2/REV4/install/spotarm_assembly_description/lib/python3.10/site-packages:${PYTHONPATH} /usr/bin/cmake --install /home/msd/MSD2/REV4/build/robot_bringup
[6.128s] Level 1:colcon.colcon_core.environment:create_environment_scripts_only(robot_bringup)
[6.129s] Level 1:colcon.colcon_core.environment:checking '/home/msd/MSD2/REV4/install/robot_bringup' for CMake module files
[6.129s] DEBUG:colcon.colcon_core.event_handler.log_command:Invoked command in '/home/msd/MSD2/REV4/build/robot_bringup' returned '0': AMENT_PREFIX_PATH=/home/msd/MSD2/REV4/install/robot_moveit_config:/home/msd/MSD2/REV4/install/spotarm_assembly_description:${AMENT_PREFIX_PATH} CMAKE_PREFIX_PATH=/home/msd/MSD2/REV4/install/robot_moveit_config:/home/msd/MSD2/REV4/install/gear_manipulator_moveit_config:/home/msd/MSD2/REV4/install/motor_bridge:/home/msd/MSD2/REV4/install/my_robot:/opt/ros/humble PYTHONPATH=/home/msd/MSD2/REV4/build/spotarm_assembly_description:/home/msd/MSD2/REV4/install/spotarm_assembly_description/lib/python3.10/site-packages:${PYTHONPATH} /usr/bin/cmake --install /home/msd/MSD2/REV4/build/robot_bringup
[6.130s] Level 1:colcon.colcon_core.environment:checking '/home/msd/MSD2/REV4/install/robot_bringup' for CMake config files
[6.130s] Level 1:colcon.colcon_core.shell:create_environment_hook('robot_bringup', 'cmake_prefix_path')
[6.130s] INFO:colcon.colcon_core.shell:Creating environment hook '/home/msd/MSD2/REV4/install/robot_bringup/share/robot_bringup/hook/cmake_prefix_path.ps1'
[6.131s] INFO:colcon.colcon_core.shell:Creating environment descriptor '/home/msd/MSD2/REV4/install/robot_bringup/share/robot_bringup/hook/cmake_prefix_path.dsv'
[6.131s] INFO:colcon.colcon_core.shell:Creating environment hook '/home/msd/MSD2/REV4/install/robot_bringup/share/robot_bringup/hook/cmake_prefix_path.sh'
[6.132s] Level 1:colcon.colcon_core.environment:checking '/home/msd/MSD2/REV4/install/robot_bringup/bin'
[6.132s] Level 1:colcon.colcon_core.environment:checking '/home/msd/MSD2/REV4/install/robot_bringup/lib/pkgconfig/robot_bringup.pc'
[6.132s] Level 1:colcon.colcon_core.environment:checking '/home/msd/MSD2/REV4/install/robot_bringup/lib/python3.10/site-packages'
[6.133s] Level 1:colcon.colcon_core.environment:checking '/home/msd/MSD2/REV4/install/robot_bringup/bin'
[6.133s] INFO:colcon.colcon_core.shell:Creating package script '/home/msd/MSD2/REV4/install/robot_bringup/share/robot_bringup/package.ps1'
[6.134s] INFO:colcon.colcon_core.shell:Creating package descriptor '/home/msd/MSD2/REV4/install/robot_bringup/share/robot_bringup/package.dsv'
[6.135s] INFO:colcon.colcon_core.shell:Creating package script '/home/msd/MSD2/REV4/install/robot_bringup/share/robot_bringup/package.sh'
[6.136s] INFO:colcon.colcon_core.shell:Creating package script '/home/msd/MSD2/REV4/install/robot_bringup/share/robot_bringup/package.bash'
[6.136s] INFO:colcon.colcon_core.shell:Creating package script '/home/msd/MSD2/REV4/install/robot_bringup/share/robot_bringup/package.zsh'
[6.137s] Level 1:colcon.colcon_core.environment:create_file_with_runtime_dependencies(/home/msd/MSD2/REV4/install/robot_bringup/share/colcon-core/packages/robot_bringup)
[6.137s] Level 1:colcon.colcon_core.environment:create_environment_scripts_only(robot_bringup)
[6.138s] Level 1:colcon.colcon_core.environment:checking '/home/msd/MSD2/REV4/install/robot_bringup' for CMake module files
[6.138s] Level 1:colcon.colcon_core.environment:checking '/home/msd/MSD2/REV4/install/robot_bringup' for CMake config files
[6.139s] Level 1:colcon.colcon_core.shell:create_environment_hook('robot_bringup', 'cmake_prefix_path')
[6.139s] INFO:colcon.colcon_core.shell:Creating environment hook '/home/msd/MSD2/REV4/install/robot_bringup/share/robot_bringup/hook/cmake_prefix_path.ps1'
[6.140s] INFO:colcon.colcon_core.shell:Creating environment descriptor '/home/msd/MSD2/REV4/install/robot_bringup/share/robot_bringup/hook/cmake_prefix_path.dsv'
[6.140s] INFO:colcon.colcon_core.shell:Creating environment hook '/home/msd/MSD2/REV4/install/robot_bringup/share/robot_bringup/hook/cmake_prefix_path.sh'
[6.141s] Level 1:colcon.colcon_core.environment:checking '/home/msd/MSD2/REV4/install/robot_bringup/bin'
[6.141s] Level 1:colcon.colcon_core.environment:checking '/home/msd/MSD2/REV4/install/robot_bringup/lib/pkgconfig/robot_bringup.pc'
[6.141s] Level 1:colcon.colcon_core.environment:checking '/home/msd/MSD2/REV4/install/robot_bringup/lib/python3.10/site-packages'
[6.141s] Level 1:colcon.colcon_core.environment:checking '/home/msd/MSD2/REV4/install/robot_bringup/bin'
[6.142s] INFO:colcon.colcon_core.shell:Creating package script '/home/msd/MSD2/REV4/install/robot_bringup/share/robot_bringup/package.ps1'
[6.143s] INFO:colcon.colcon_core.shell:Creating package descriptor '/home/msd/MSD2/REV4/install/robot_bringup/share/robot_bringup/package.dsv'
[6.143s] INFO:colcon.colcon_core.shell:Creating package script '/home/msd/MSD2/REV4/install/robot_bringup/share/robot_bringup/package.sh'
[6.144s] INFO:colcon.colcon_core.shell:Creating package script '/home/msd/MSD2/REV4/install/robot_bringup/share/robot_bringup/package.bash'
[6.144s] INFO:colcon.colcon_core.shell:Creating package script '/home/msd/MSD2/REV4/install/robot_bringup/share/robot_bringup/package.zsh'
[6.145s] Level 1:colcon.colcon_core.environment:create_file_with_runtime_dependencies(/home/msd/MSD2/REV4/install/robot_bringup/share/colcon-core/packages/robot_bringup)
[6.621s] DEBUG:colcon.colcon_core.event_handler.log_command:Invoked command in '/home/msd/MSD2/REV4/build/robot_hardware' returned '0': CMAKE_PREFIX_PATH=${CMAKE_PREFIX_PATH}:/home/msd/MSD2/REV4/install/my_robot:/opt/ros/humble /usr/bin/cmake --build /home/msd/MSD2/REV4/build/robot_hardware -- -j8 -l8
[6.623s] DEBUG:colcon.colcon_core.event_handler.log_command:Invoking command in '/home/msd/MSD2/REV4/build/robot_hardware': CMAKE_PREFIX_PATH=${CMAKE_PREFIX_PATH}:/home/msd/MSD2/REV4/install/my_robot:/opt/ros/humble /usr/bin/cmake --install /home/msd/MSD2/REV4/build/robot_hardware
[6.931s] Level 1:colcon.colcon_core.environment:create_environment_scripts_only(robot_hardware)
[6.932s] Level 1:colcon.colcon_core.environment:checking '/home/msd/MSD2/REV4/install/robot_hardware' for CMake module files
[6.933s] DEBUG:colcon.colcon_core.event_handler.log_command:Invoked command in '/home/msd/MSD2/REV4/build/robot_hardware' returned '0': CMAKE_PREFIX_PATH=${CMAKE_PREFIX_PATH}:/home/msd/MSD2/REV4/install/my_robot:/opt/ros/humble /usr/bin/cmake --install /home/msd/MSD2/REV4/build/robot_hardware
[6.933s] Level 1:colcon.colcon_core.environment:checking '/home/msd/MSD2/REV4/install/robot_hardware' for CMake config files
[6.934s] Level 1:colcon.colcon_core.shell:create_environment_hook('robot_hardware', 'cmake_prefix_path')
[6.935s] INFO:colcon.colcon_core.shell:Creating environment hook '/home/msd/MSD2/REV4/install/robot_hardware/share/robot_hardware/hook/cmake_prefix_path.ps1'
[6.936s] INFO:colcon.colcon_core.shell:Creating environment descriptor '/home/msd/MSD2/REV4/install/robot_hardware/share/robot_hardware/hook/cmake_prefix_path.dsv'
[6.937s] INFO:colcon.colcon_core.shell:Creating environment hook '/home/msd/MSD2/REV4/install/robot_hardware/share/robot_hardware/hook/cmake_prefix_path.sh'
[6.939s] Level 1:colcon.colcon_core.environment:checking '/home/msd/MSD2/REV4/install/robot_hardware/lib'
[6.939s] Level 1:colcon.colcon_core.shell:create_environment_hook('robot_hardware', 'ld_library_path_lib')
[6.940s] INFO:colcon.colcon_core.shell:Creating environment hook '/home/msd/MSD2/REV4/install/robot_hardware/share/robot_hardware/hook/ld_library_path_lib.ps1'
[6.942s] INFO:colcon.colcon_core.shell:Creating environment descriptor '/home/msd/MSD2/REV4/install/robot_hardware/share/robot_hardware/hook/ld_library_path_lib.dsv'
[6.942s] INFO:colcon.colcon_core.shell:Creating environment hook '/home/msd/MSD2/REV4/install/robot_hardware/share/robot_hardware/hook/ld_library_path_lib.sh'
[6.943s] Level 1:colcon.colcon_core.environment:checking '/home/msd/MSD2/REV4/install/robot_hardware/bin'
[6.944s] Level 1:colcon.colcon_core.environment:checking '/home/msd/MSD2/REV4/install/robot_hardware/lib/pkgconfig/robot_hardware.pc'
[6.944s] Level 1:colcon.colcon_core.environment:checking '/home/msd/MSD2/REV4/install/robot_hardware/lib/python3.10/site-packages'
[6.945s] Level 1:colcon.colcon_core.environment:checking '/home/msd/MSD2/REV4/install/robot_hardware/bin'
[6.946s] INFO:colcon.colcon_core.shell:Creating package script '/home/msd/MSD2/REV4/install/robot_hardware/share/robot_hardware/package.ps1'
[6.948s] INFO:colcon.colcon_core.shell:Creating package descriptor '/home/msd/MSD2/REV4/install/robot_hardware/share/robot_hardware/package.dsv'
[6.949s] INFO:colcon.colcon_core.shell:Creating package script '/home/msd/MSD2/REV4/install/robot_hardware/share/robot_hardware/package.sh'
[6.950s] INFO:colcon.colcon_core.shell:Creating package script '/home/msd/MSD2/REV4/install/robot_hardware/share/robot_hardware/package.bash'
[6.951s] INFO:colcon.colcon_core.shell:Creating package script '/home/msd/MSD2/REV4/install/robot_hardware/share/robot_hardware/package.zsh'
[6.952s] Level 1:colcon.colcon_core.environment:create_file_with_runtime_dependencies(/home/msd/MSD2/REV4/install/robot_hardware/share/colcon-core/packages/robot_hardware)
[6.955s] Level 1:colcon.colcon_core.environment:create_environment_scripts_only(robot_hardware)
[6.955s] Level 1:colcon.colcon_core.environment:checking '/home/msd/MSD2/REV4/install/robot_hardware' for CMake module files
[6.957s] Level 1:colcon.colcon_core.environment:checking '/home/msd/MSD2/REV4/install/robot_hardware' for CMake config files
[6.958s] Level 1:colcon.colcon_core.shell:create_environment_hook('robot_hardware', 'cmake_prefix_path')
[6.959s] INFO:colcon.colcon_core.shell:Creating environment hook '/home/msd/MSD2/REV4/install/robot_hardware/share/robot_hardware/hook/cmake_prefix_path.ps1'
[6.960s] INFO:colcon.colcon_core.shell:Creating environment descriptor '/home/msd/MSD2/REV4/install/robot_hardware/share/robot_hardware/hook/cmake_prefix_path.dsv'
[6.961s] INFO:colcon.colcon_core.shell:Creating environment hook '/home/msd/MSD2/REV4/install/robot_hardware/share/robot_hardware/hook/cmake_prefix_path.sh'
[6.963s] Level 1:colcon.colcon_core.environment:checking '/home/msd/MSD2/REV4/install/robot_hardware/lib'
[6.963s] Level 1:colcon.colcon_core.shell:create_environment_hook('robot_hardware', 'ld_library_path_lib')
[6.964s] INFO:colcon.colcon_core.shell:Creating environment hook '/home/msd/MSD2/REV4/install/robot_hardware/share/robot_hardware/hook/ld_library_path_lib.ps1'
[6.965s] INFO:colcon.colcon_core.shell:Creating environment descriptor '/home/msd/MSD2/REV4/install/robot_hardware/share/robot_hardware/hook/ld_library_path_lib.dsv'
[6.966s] INFO:colcon.colcon_core.shell:Creating environment hook '/home/msd/MSD2/REV4/install/robot_hardware/share/robot_hardware/hook/ld_library_path_lib.sh'
[6.968s] Level 1:colcon.colcon_core.environment:checking '/home/msd/MSD2/REV4/install/robot_hardware/bin'
[6.968s] Level 1:colcon.colcon_core.environment:checking '/home/msd/MSD2/REV4/install/robot_hardware/lib/pkgconfig/robot_hardware.pc'
[6.969s] Level 1:colcon.colcon_core.environment:checking '/home/msd/MSD2/REV4/install/robot_hardware/lib/python3.10/site-packages'
[6.970s] Level 1:colcon.colcon_core.environment:checking '/home/msd/MSD2/REV4/install/robot_hardware/bin'
[6.971s] INFO:colcon.colcon_core.shell:Creating package script '/home/msd/MSD2/REV4/install/robot_hardware/share/robot_hardware/package.ps1'
[6.974s] INFO:colcon.colcon_core.shell:Creating package descriptor '/home/msd/MSD2/REV4/install/robot_hardware/share/robot_hardware/package.dsv'
[6.976s] INFO:colcon.colcon_core.shell:Creating package script '/home/msd/MSD2/REV4/install/robot_hardware/share/robot_hardware/package.sh'
[6.977s] INFO:colcon.colcon_core.shell:Creating package script '/home/msd/MSD2/REV4/install/robot_hardware/share/robot_hardware/package.bash'
[6.978s] INFO:colcon.colcon_core.shell:Creating package script '/home/msd/MSD2/REV4/install/robot_hardware/share/robot_hardware/package.zsh'
[6.980s] Level 1:colcon.colcon_core.environment:create_file_with_runtime_dependencies(/home/msd/MSD2/REV4/install/robot_hardware/share/colcon-core/packages/robot_hardware)
[8.217s] DEBUG:colcon.colcon_core.event_handler.log_command:Invoked command in '/home/msd/MSD2/REV4/build/stepper_test' returned '0': CMAKE_PREFIX_PATH=${CMAKE_PREFIX_PATH}:/home/msd/MSD2/REV4/install/my_robot:/opt/ros/humble /usr/bin/cmake --build /home/msd/MSD2/REV4/build/stepper_test -- -j8 -l8
[8.218s] DEBUG:colcon.colcon_core.event_handler.log_command:Invoking command in '/home/msd/MSD2/REV4/build/stepper_test': CMAKE_PREFIX_PATH=${CMAKE_PREFIX_PATH}:/home/msd/MSD2/REV4/install/my_robot:/opt/ros/humble /usr/bin/cmake --install /home/msd/MSD2/REV4/build/stepper_test
[8.386s] Level 1:colcon.colcon_core.environment:create_environment_scripts_only(stepper_test)
[8.387s] Level 1:colcon.colcon_core.environment:checking '/home/msd/MSD2/REV4/install/stepper_test' for CMake module files
[8.387s] DEBUG:colcon.colcon_core.event_handler.log_command:Invoked command in '/home/msd/MSD2/REV4/build/stepper_test' returned '0': CMAKE_PREFIX_PATH=${CMAKE_PREFIX_PATH}:/home/msd/MSD2/REV4/install/my_robot:/opt/ros/humble /usr/bin/cmake --install /home/msd/MSD2/REV4/build/stepper_test
[8.388s] Level 1:colcon.colcon_core.environment:checking '/home/msd/MSD2/REV4/install/stepper_test' for CMake config files
[8.388s] Level 1:colcon.colcon_core.shell:create_environment_hook('stepper_test', 'cmake_prefix_path')
[8.389s] INFO:colcon.colcon_core.shell:Creating environment hook '/home/msd/MSD2/REV4/install/stepper_test/share/stepper_test/hook/cmake_prefix_path.ps1'
[8.390s] INFO:colcon.colcon_core.shell:Creating environment descriptor '/home/msd/MSD2/REV4/install/stepper_test/share/stepper_test/hook/cmake_prefix_path.dsv'
[8.390s] INFO:colcon.colcon_core.shell:Creating environment hook '/home/msd/MSD2/REV4/install/stepper_test/share/stepper_test/hook/cmake_prefix_path.sh'
[8.391s] Level 1:colcon.colcon_core.environment:checking '/home/msd/MSD2/REV4/install/stepper_test/lib'
[8.391s] Level 1:colcon.colcon_core.environment:checking '/home/msd/MSD2/REV4/install/stepper_test/bin'
[8.392s] Level 1:colcon.colcon_core.environment:checking '/home/msd/MSD2/REV4/install/stepper_test/lib/pkgconfig/stepper_test.pc'
[8.392s] Level 1:colcon.colcon_core.environment:checking '/home/msd/MSD2/REV4/install/stepper_test/lib/python3.10/site-packages'
[8.393s] Level 1:colcon.colcon_core.environment:checking '/home/msd/MSD2/REV4/install/stepper_test/bin'
[8.393s] INFO:colcon.colcon_core.shell:Creating package script '/home/msd/MSD2/REV4/install/stepper_test/share/stepper_test/package.ps1'
[8.394s] INFO:colcon.colcon_core.shell:Creating package descriptor '/home/msd/MSD2/REV4/install/stepper_test/share/stepper_test/package.dsv'
[8.395s] INFO:colcon.colcon_core.shell:Creating package script '/home/msd/MSD2/REV4/install/stepper_test/share/stepper_test/package.sh'
[8.396s] INFO:colcon.colcon_core.shell:Creating package script '/home/msd/MSD2/REV4/install/stepper_test/share/stepper_test/package.bash'
[8.396s] INFO:colcon.colcon_core.shell:Creating package script '/home/msd/MSD2/REV4/install/stepper_test/share/stepper_test/package.zsh'
[8.397s] Level 1:colcon.colcon_core.environment:create_file_with_runtime_dependencies(/home/msd/MSD2/REV4/install/stepper_test/share/colcon-core/packages/stepper_test)
[8.398s] Level 1:colcon.colcon_core.environment:create_environment_scripts_only(stepper_test)
[8.398s] Level 1:colcon.colcon_core.environment:checking '/home/msd/MSD2/REV4/install/stepper_test' for CMake module files
[8.399s] Level 1:colcon.colcon_core.environment:checking '/home/msd/MSD2/REV4/install/stepper_test' for CMake config files
[8.399s] Level 1:colcon.colcon_core.shell:create_environment_hook('stepper_test', 'cmake_prefix_path')
[8.400s] INFO:colcon.colcon_core.shell:Creating environment hook '/home/msd/MSD2/REV4/install/stepper_test/share/stepper_test/hook/cmake_prefix_path.ps1'
[8.400s] INFO:colcon.colcon_core.shell:Creating environment descriptor '/home/msd/MSD2/REV4/install/stepper_test/share/stepper_test/hook/cmake_prefix_path.dsv'
[8.401s] INFO:colcon.colcon_core.shell:Creating environment hook '/home/msd/MSD2/REV4/install/stepper_test/share/stepper_test/hook/cmake_prefix_path.sh'
[8.402s] Level 1:colcon.colcon_core.environment:checking '/home/msd/MSD2/REV4/install/stepper_test/lib'
[8.402s] Level 1:colcon.colcon_core.environment:checking '/home/msd/MSD2/REV4/install/stepper_test/bin'
[8.402s] Level 1:colcon.colcon_core.environment:checking '/home/msd/MSD2/REV4/install/stepper_test/lib/pkgconfig/stepper_test.pc'
[8.402s] Level 1:colcon.colcon_core.environment:checking '/home/msd/MSD2/REV4/install/stepper_test/lib/python3.10/site-packages'
[8.403s] Level 1:colcon.colcon_core.environment:checking '/home/msd/MSD2/REV4/install/stepper_test/bin'
[8.403s] INFO:colcon.colcon_core.shell:Creating package script '/home/msd/MSD2/REV4/install/stepper_test/share/stepper_test/package.ps1'
[8.405s] INFO:colcon.colcon_core.shell:Creating package descriptor '/home/msd/MSD2/REV4/install/stepper_test/share/stepper_test/package.dsv'
[8.405s] INFO:colcon.colcon_core.shell:Creating package script '/home/msd/MSD2/REV4/install/stepper_test/share/stepper_test/package.sh'
[8.406s] INFO:colcon.colcon_core.shell:Creating package script '/home/msd/MSD2/REV4/install/stepper_test/share/stepper_test/package.bash'
[8.407s] INFO:colcon.colcon_core.shell:Creating package script '/home/msd/MSD2/REV4/install/stepper_test/share/stepper_test/package.zsh'
[8.407s] Level 1:colcon.colcon_core.environment:create_file_with_runtime_dependencies(/home/msd/MSD2/REV4/install/stepper_test/share/colcon-core/packages/stepper_test)
[14.314s] DEBUG:colcon.colcon_core.event_handler.log_command:Invoked command in '/home/msd/MSD2/REV4/build/robot_commander' returned '0': CMAKE_PREFIX_PATH=${CMAKE_PREFIX_PATH}:/home/msd/MSD2/REV4/install/my_robot:/opt/ros/humble /usr/bin/cmake --build /home/msd/MSD2/REV4/build/robot_commander -- -j8 -l8
[14.315s] DEBUG:colcon.colcon_core.event_handler.log_command:Invoking command in '/home/msd/MSD2/REV4/build/robot_commander': CMAKE_PREFIX_PATH=${CMAKE_PREFIX_PATH}:/home/msd/MSD2/REV4/install/my_robot:/opt/ros/humble /usr/bin/cmake --install /home/msd/MSD2/REV4/build/robot_commander
[14.455s] Level 1:colcon.colcon_core.environment:create_environment_scripts_only(robot_commander)
[14.455s] Level 1:colcon.colcon_core.environment:checking '/home/msd/MSD2/REV4/install/robot_commander' for CMake module files
[14.455s] DEBUG:colcon.colcon_core.event_handler.log_command:Invoked command in '/home/msd/MSD2/REV4/build/robot_commander' returned '0': CMAKE_PREFIX_PATH=${CMAKE_PREFIX_PATH}:/home/msd/MSD2/REV4/install/my_robot:/opt/ros/humble /usr/bin/cmake --install /home/msd/MSD2/REV4/build/robot_commander
[14.456s] Level 1:colcon.colcon_core.environment:checking '/home/msd/MSD2/REV4/install/robot_commander' for CMake config files
[14.456s] Level 1:colcon.colcon_core.shell:create_environment_hook('robot_commander', 'cmake_prefix_path')
[14.456s] INFO:colcon.colcon_core.shell:Creating environment hook '/home/msd/MSD2/REV4/install/robot_commander/share/robot_commander/hook/cmake_prefix_path.ps1'
[14.457s] INFO:colcon.colcon_core.shell:Creating environment descriptor '/home/msd/MSD2/REV4/install/robot_commander/share/robot_commander/hook/cmake_prefix_path.dsv'
[14.457s] INFO:colcon.colcon_core.shell:Creating environment hook '/home/msd/MSD2/REV4/install/robot_commander/share/robot_commander/hook/cmake_prefix_path.sh'
[14.458s] Level 1:colcon.colcon_core.environment:checking '/home/msd/MSD2/REV4/install/robot_commander/lib'
[14.458s] Level 1:colcon.colcon_core.environment:checking '/home/msd/MSD2/REV4/install/robot_commander/bin'
[14.458s] Level 1:colcon.colcon_core.environment:checking '/home/msd/MSD2/REV4/install/robot_commander/lib/pkgconfig/robot_commander.pc'
[14.458s] Level 1:colcon.colcon_core.environment:checking '/home/msd/MSD2/REV4/install/robot_commander/lib/python3.10/site-packages'
[14.458s] Level 1:colcon.colcon_core.environment:checking '/home/msd/MSD2/REV4/install/robot_commander/bin'
[14.459s] INFO:colcon.colcon_core.shell:Creating package script '/home/msd/MSD2/REV4/install/robot_commander/share/robot_commander/package.ps1'
[14.459s] INFO:colcon.colcon_core.shell:Creating package descriptor '/home/msd/MSD2/REV4/install/robot_commander/share/robot_commander/package.dsv'
[14.460s] INFO:colcon.colcon_core.shell:Creating package script '/home/msd/MSD2/REV4/install/robot_commander/share/robot_commander/package.sh'
[14.460s] INFO:colcon.colcon_core.shell:Creating package script '/home/msd/MSD2/REV4/install/robot_commander/share/robot_commander/package.bash'
[14.460s] INFO:colcon.colcon_core.shell:Creating package script '/home/msd/MSD2/REV4/install/robot_commander/share/robot_commander/package.zsh'
[14.461s] Level 1:colcon.colcon_core.environment:create_file_with_runtime_dependencies(/home/msd/MSD2/REV4/install/robot_commander/share/colcon-core/packages/robot_commander)
[14.461s] Level 1:colcon.colcon_core.environment:create_environment_scripts_only(robot_commander)
[14.461s] Level 1:colcon.colcon_core.environment:checking '/home/msd/MSD2/REV4/install/robot_commander' for CMake module files
[14.462s] Level 1:colcon.colcon_core.environment:checking '/home/msd/MSD2/REV4/install/robot_commander' for CMake config files
[14.462s] Level 1:colcon.colcon_core.shell:create_environment_hook('robot_commander', 'cmake_prefix_path')
[14.462s] INFO:colcon.colcon_core.shell:Creating environment hook '/home/msd/MSD2/REV4/install/robot_commander/share/robot_commander/hook/cmake_prefix_path.ps1'
[14.463s] INFO:colcon.colcon_core.shell:Creating environment descriptor '/home/msd/MSD2/REV4/install/robot_commander/share/robot_commander/hook/cmake_prefix_path.dsv'
[14.463s] INFO:colcon.colcon_core.shell:Creating environment hook '/home/msd/MSD2/REV4/install/robot_commander/share/robot_commander/hook/cmake_prefix_path.sh'
[14.464s] Level 1:colcon.colcon_core.environment:checking '/home/msd/MSD2/REV4/install/robot_commander/lib'
[14.464s] Level 1:colcon.colcon_core.environment:checking '/home/msd/MSD2/REV4/install/robot_commander/bin'
[14.464s] Level 1:colcon.colcon_core.environment:checking '/home/msd/MSD2/REV4/install/robot_commander/lib/pkgconfig/robot_commander.pc'
[14.464s] Level 1:colcon.colcon_core.environment:checking '/home/msd/MSD2/REV4/install/robot_commander/lib/python3.10/site-packages'
[14.464s] Level 1:colcon.colcon_core.environment:checking '/home/msd/MSD2/REV4/install/robot_commander/bin'
[14.465s] INFO:colcon.colcon_core.shell:Creating package script '/home/msd/MSD2/REV4/install/robot_commander/share/robot_commander/package.ps1'
[14.465s] INFO:colcon.colcon_core.shell:Creating package descriptor '/home/msd/MSD2/REV4/install/robot_commander/share/robot_commander/package.dsv'
[14.466s] INFO:colcon.colcon_core.shell:Creating package script '/home/msd/MSD2/REV4/install/robot_commander/share/robot_commander/package.sh'
[14.466s] INFO:colcon.colcon_core.shell:Creating package script '/home/msd/MSD2/REV4/install/robot_commander/share/robot_commander/package.bash'
[14.467s] INFO:colcon.colcon_core.shell:Creating package script '/home/msd/MSD2/REV4/install/robot_commander/share/robot_commander/package.zsh'
[14.468s] Level 1:colcon.colcon_core.environment:create_file_with_runtime_dependencies(/home/msd/MSD2/REV4/install/robot_commander/share/colcon-core/packages/robot_commander)
[18.949s] DEBUG:colcon.colcon_core.event_handler.log_command:Invoked command in '/home/msd/MSD2/REV4/build/robot_servoing' returned '0': CMAKE_PREFIX_PATH=${CMAKE_PREFIX_PATH}:/home/msd/MSD2/REV4/install/my_robot:/opt/ros/humble /usr/bin/cmake --build /home/msd/MSD2/REV4/build/robot_servoing -- -j8 -l8
[18.951s] DEBUG:colcon.colcon_core.event_handler.log_command:Invoking command in '/home/msd/MSD2/REV4/build/robot_servoing': CMAKE_PREFIX_PATH=${CMAKE_PREFIX_PATH}:/home/msd/MSD2/REV4/install/my_robot:/opt/ros/humble /usr/bin/cmake --install /home/msd/MSD2/REV4/build/robot_servoing
[19.121s] Level 1:colcon.colcon_core.environment:create_environment_scripts_only(robot_servoing)
[19.121s] Level 1:colcon.colcon_core.environment:checking '/home/msd/MSD2/REV4/install/robot_servoing' for CMake module files
[19.121s] DEBUG:colcon.colcon_core.event_handler.log_command:Invoked command in '/home/msd/MSD2/REV4/build/robot_servoing' returned '0': CMAKE_PREFIX_PATH=${CMAKE_PREFIX_PATH}:/home/msd/MSD2/REV4/install/my_robot:/opt/ros/humble /usr/bin/cmake --install /home/msd/MSD2/REV4/build/robot_servoing
[19.122s] Level 1:colcon.colcon_core.environment:checking '/home/msd/MSD2/REV4/install/robot_servoing' for CMake config files
[19.122s] Level 1:colcon.colcon_core.shell:create_environment_hook('robot_servoing', 'cmake_prefix_path')
[19.122s] INFO:colcon.colcon_core.shell:Creating environment hook '/home/msd/MSD2/REV4/install/robot_servoing/share/robot_servoing/hook/cmake_prefix_path.ps1'
[19.123s] INFO:colcon.colcon_core.shell:Creating environment descriptor '/home/msd/MSD2/REV4/install/robot_servoing/share/robot_servoing/hook/cmake_prefix_path.dsv'
[19.123s] INFO:colcon.colcon_core.shell:Creating environment hook '/home/msd/MSD2/REV4/install/robot_servoing/share/robot_servoing/hook/cmake_prefix_path.sh'
[19.123s] Level 1:colcon.colcon_core.environment:checking '/home/msd/MSD2/REV4/install/robot_servoing/lib'
[19.124s] Level 1:colcon.colcon_core.shell:create_environment_hook('robot_servoing', 'ld_library_path_lib')
[19.124s] INFO:colcon.colcon_core.shell:Creating environment hook '/home/msd/MSD2/REV4/install/robot_servoing/share/robot_servoing/hook/ld_library_path_lib.ps1'
[19.124s] INFO:colcon.colcon_core.shell:Creating environment descriptor '/home/msd/MSD2/REV4/install/robot_servoing/share/robot_servoing/hook/ld_library_path_lib.dsv'
[19.124s] INFO:colcon.colcon_core.shell:Creating environment hook '/home/msd/MSD2/REV4/install/robot_servoing/share/robot_servoing/hook/ld_library_path_lib.sh'
[19.125s] Level 1:colcon.colcon_core.environment:checking '/home/msd/MSD2/REV4/install/robot_servoing/bin'
[19.125s] Level 1:colcon.colcon_core.environment:checking '/home/msd/MSD2/REV4/install/robot_servoing/lib/pkgconfig/robot_servoing.pc'
[19.125s] Level 1:colcon.colcon_core.environment:checking '/home/msd/MSD2/REV4/install/robot_servoing/lib/python3.10/site-packages'
[19.125s] Level 1:colcon.colcon_core.environment:checking '/home/msd/MSD2/REV4/install/robot_servoing/bin'
[19.126s] INFO:colcon.colcon_core.shell:Creating package script '/home/msd/MSD2/REV4/install/robot_servoing/share/robot_servoing/package.ps1'
[19.126s] INFO:colcon.colcon_core.shell:Creating package descriptor '/home/msd/MSD2/REV4/install/robot_servoing/share/robot_servoing/package.dsv'
[19.127s] INFO:colcon.colcon_core.shell:Creating package script '/home/msd/MSD2/REV4/install/robot_servoing/share/robot_servoing/package.sh'
[19.127s] INFO:colcon.colcon_core.shell:Creating package script '/home/msd/MSD2/REV4/install/robot_servoing/share/robot_servoing/package.bash'
[19.127s] INFO:colcon.colcon_core.shell:Creating package script '/home/msd/MSD2/REV4/install/robot_servoing/share/robot_servoing/package.zsh'
[19.128s] Level 1:colcon.colcon_core.environment:create_file_with_runtime_dependencies(/home/msd/MSD2/REV4/install/robot_servoing/share/colcon-core/packages/robot_servoing)
[19.128s] Level 1:colcon.colcon_core.environment:create_environment_scripts_only(robot_servoing)
[19.128s] Level 1:colcon.colcon_core.environment:checking '/home/msd/MSD2/REV4/install/robot_servoing' for CMake module files
[19.129s] Level 1:colcon.colcon_core.environment:checking '/home/msd/MSD2/REV4/install/robot_servoing' for CMake config files
[19.129s] Level 1:colcon.colcon_core.shell:create_environment_hook('robot_servoing', 'cmake_prefix_path')
[19.129s] INFO:colcon.colcon_core.shell:Creating environment hook '/home/msd/MSD2/REV4/install/robot_servoing/share/robot_servoing/hook/cmake_prefix_path.ps1'
[19.130s] INFO:colcon.colcon_core.shell:Creating environment descriptor '/home/msd/MSD2/REV4/install/robot_servoing/share/robot_servoing/hook/cmake_prefix_path.dsv'
[19.130s] INFO:colcon.colcon_core.shell:Creating environment hook '/home/msd/MSD2/REV4/install/robot_servoing/share/robot_servoing/hook/cmake_prefix_path.sh'
[19.130s] Level 1:colcon.colcon_core.environment:checking '/home/msd/MSD2/REV4/install/robot_servoing/lib'
[19.131s] Level 1:colcon.colcon_core.shell:create_environment_hook('robot_servoing', 'ld_library_path_lib')
[19.131s] INFO:colcon.colcon_core.shell:Creating environment hook '/home/msd/MSD2/REV4/install/robot_servoing/share/robot_servoing/hook/ld_library_path_lib.ps1'
[19.131s] INFO:colcon.colcon_core.shell:Creating environment descriptor '/home/msd/MSD2/REV4/install/robot_servoing/share/robot_servoing/hook/ld_library_path_lib.dsv'
[19.131s] INFO:colcon.colcon_core.shell:Creating environment hook '/home/msd/MSD2/REV4/install/robot_servoing/share/robot_servoing/hook/ld_library_path_lib.sh'
[19.132s] Level 1:colcon.colcon_core.environment:checking '/home/msd/MSD2/REV4/install/robot_servoing/bin'
[19.132s] Level 1:colcon.colcon_core.environment:checking '/home/msd/MSD2/REV4/install/robot_servoing/lib/pkgconfig/robot_servoing.pc'
[19.132s] Level 1:colcon.colcon_core.environment:checking '/home/msd/MSD2/REV4/install/robot_servoing/lib/python3.10/site-packages'
[19.132s] Level 1:colcon.colcon_core.environment:checking '/home/msd/MSD2/REV4/install/robot_servoing/bin'
[19.133s] INFO:colcon.colcon_core.shell:Creating package script '/home/msd/MSD2/REV4/install/robot_servoing/share/robot_servoing/package.ps1'
[19.133s] INFO:colcon.colcon_core.shell:Creating package descriptor '/home/msd/MSD2/REV4/install/robot_servoing/share/robot_servoing/package.dsv'
[19.134s] INFO:colcon.colcon_core.shell:Creating package script '/home/msd/MSD2/REV4/install/robot_servoing/share/robot_servoing/package.sh'
[19.134s] INFO:colcon.colcon_core.shell:Creating package script '/home/msd/MSD2/REV4/install/robot_servoing/share/robot_servoing/package.bash'
[19.135s] INFO:colcon.colcon_core.shell:Creating package script '/home/msd/MSD2/REV4/install/robot_servoing/share/robot_servoing/package.zsh'
[19.135s] Level 1:colcon.colcon_core.environment:create_file_with_runtime_dependencies(/home/msd/MSD2/REV4/install/robot_servoing/share/colcon-core/packages/robot_servoing)
[19.135s] DEBUG:colcon.colcon_parallel_executor.executor.parallel:closing loop
[19.136s] DEBUG:colcon.colcon_parallel_executor.executor.parallel:loop closed
[19.136s] DEBUG:colcon.colcon_parallel_executor.executor.parallel:run_until_complete finished with '0'
[19.136s] DEBUG:colcon.colcon_core.event_reactor:joining thread
[19.142s] INFO:colcon.colcon_core.plugin_system:Skipping extension 'colcon_notification.desktop_notification.terminal_notifier': Not used on non-Darwin systems
[19.142s] INFO:colcon.colcon_core.plugin_system:Skipping extension 'colcon_notification.desktop_notification.win32': Not used on non-Windows systems
[19.142s] INFO:colcon.colcon_notification.desktop_notification:Sending desktop notification using 'notify2'
[19.154s] DEBUG:colcon.colcon_core.event_reactor:joined thread
[19.154s] INFO:colcon.colcon_core.shell:Creating prefix script '/home/msd/MSD2/REV4/install/local_setup.ps1'
[19.155s] INFO:colcon.colcon_core.shell:Creating prefix util module '/home/msd/MSD2/REV4/install/_local_setup_util_ps1.py'
[19.156s] INFO:colcon.colcon_core.shell:Creating prefix chain script '/home/msd/MSD2/REV4/install/setup.ps1'
[19.157s] INFO:colcon.colcon_core.shell:Creating prefix script '/home/msd/MSD2/REV4/install/local_setup.sh'
[19.158s] INFO:colcon.colcon_core.shell:Creating prefix util module '/home/msd/MSD2/REV4/install/_local_setup_util_sh.py'
[19.158s] INFO:colcon.colcon_core.shell:Creating prefix chain script '/home/msd/MSD2/REV4/install/setup.sh'
[19.159s] INFO:colcon.colcon_core.shell:Creating prefix script '/home/msd/MSD2/REV4/install/local_setup.bash'
[19.160s] INFO:colcon.colcon_core.shell:Creating prefix chain script '/home/msd/MSD2/REV4/install/setup.bash'
[19.161s] INFO:colcon.colcon_core.shell:Creating prefix script '/home/msd/MSD2/REV4/install/local_setup.zsh'
[19.161s] INFO:colcon.colcon_core.shell:Creating prefix chain script '/home/msd/MSD2/REV4/install/setup.zsh'
