[0.110s] DEBUG:colcon:Command line arguments: ['/usr/bin/colcon', 'build']
[0.110s] DEBUG:colcon:Parsed command line arguments: Namespace(log_base=None, log_level=None, verb_name='build', build_base='build', install_base='install', merge_install=False, symlink_install=False, test_result_base=None, continue_on_error=False, executor='parallel', parallel_workers=8, event_handlers=None, ignore_user_meta=False, metas=['./colcon.meta'], base_paths=['.'], packages_ignore=None, packages_ignore_regex=None, paths=None, packages_up_to=None, packages_up_to_regex=None, packages_above=None, packages_above_and_dependencies=None, packages_above_depth=None, packages_select_by_dep=None, packages_skip_by_dep=None, packages_skip_up_to=None, packages_select_build_failed=False, packages_skip_build_finished=False, packages_select_test_failures=False, packages_skip_test_passed=False, packages_select=None, packages_skip=None, packages_select_regex=None, packages_skip_regex=None, packages_start=None, packages_end=None, allow_overriding=[], cmake_args=None, cmake_target=None, cmake_target_skip_unavailable=False, cmake_clean_cache=False, cmake_clean_first=False, cmake_force_configure=False, ament_cmake_args=None, catkin_cmake_args=None, catkin_skip_building_tests=False, verb_parser=<colcon_defaults.argument_parser.defaults.DefaultArgumentsDecorator object at 0x7eb12de701f0>, verb_extension=<colcon_core.verb.build.BuildVerb object at 0x7eb12dfe1a50>, main=<bound method BuildVerb.main of <colcon_core.verb.build.BuildVerb object at 0x7eb12dfe1a50>>)
[0.269s] Level 1:colcon.colcon_core.package_discovery:discover_packages(colcon_meta) check parameters
[0.269s] Level 1:colcon.colcon_core.package_discovery:discover_packages(recursive) check parameters
[0.269s] Level 1:colcon.colcon_core.package_discovery:discover_packages(ignore) check parameters
[0.269s] Level 1:colcon.colcon_core.package_discovery:discover_packages(path) check parameters
[0.269s] Level 1:colcon.colcon_core.package_discovery:discover_packages(colcon_meta) discover
[0.269s] Level 1:colcon.colcon_core.package_discovery:discover_packages(recursive) discover
[0.269s] INFO:colcon.colcon_core.package_discovery:Crawling recursively for packages in '/home/msd/MSD2/REV4'
[0.269s] Level 1:colcon.colcon_core.package_identification:_identify(.) by extensions ['ignore', 'ignore_ament_install']
[0.269s] Level 1:colcon.colcon_core.package_identification:_identify(.) by extension 'ignore'
[0.269s] Level 1:colcon.colcon_core.package_identification:_identify(.) by extension 'ignore_ament_install'
[0.269s] Level 1:colcon.colcon_core.package_identification:_identify(.) by extensions ['colcon_pkg']
[0.269s] Level 1:colcon.colcon_core.package_identification:_identify(.) by extension 'colcon_pkg'
[0.269s] Level 1:colcon.colcon_core.package_identification:_identify(.) by extensions ['colcon_meta']
[0.269s] Level 1:colcon.colcon_core.package_identification:_identify(.) by extension 'colcon_meta'
[0.269s] Level 1:colcon.colcon_core.package_identification:_identify(.) by extensions ['ros']
[0.269s] Level 1:colcon.colcon_core.package_identification:_identify(.) by extension 'ros'
[0.279s] Level 1:colcon.colcon_core.package_identification:_identify(.) by extensions ['cmake', 'python']
[0.280s] Level 1:colcon.colcon_core.package_identification:_identify(.) by extension 'cmake'
[0.280s] Level 1:colcon.colcon_core.package_identification:_identify(.) by extension 'python'
[0.280s] Level 1:colcon.colcon_core.package_identification:_identify(.) by extensions ['python_setup_py']
[0.280s] Level 1:colcon.colcon_core.package_identification:_identify(.) by extension 'python_setup_py'
[0.280s] Level 1:colcon.colcon_core.package_identification:_identify(build) by extensions ['ignore', 'ignore_ament_install']
[0.280s] Level 1:colcon.colcon_core.package_identification:_identify(build) by extension 'ignore'
[0.280s] Level 1:colcon.colcon_core.package_identification:_identify(build) ignored
[0.280s] Level 1:colcon.colcon_core.package_identification:_identify(install) by extensions ['ignore', 'ignore_ament_install']
[0.280s] Level 1:colcon.colcon_core.package_identification:_identify(install) by extension 'ignore'
[0.280s] Level 1:colcon.colcon_core.package_identification:_identify(install) ignored
[0.280s] Level 1:colcon.colcon_core.package_identification:_identify(log) by extensions ['ignore', 'ignore_ament_install']
[0.280s] Level 1:colcon.colcon_core.package_identification:_identify(log) by extension 'ignore'
[0.280s] Level 1:colcon.colcon_core.package_identification:_identify(log) ignored
[0.280s] Level 1:colcon.colcon_core.package_identification:_identify(src) by extensions ['ignore', 'ignore_ament_install']
[0.281s] Level 1:colcon.colcon_core.package_identification:_identify(src) by extension 'ignore'
[0.281s] Level 1:colcon.colcon_core.package_identification:_identify(src) by extension 'ignore_ament_install'
[0.281s] Level 1:colcon.colcon_core.package_identification:_identify(src) by extensions ['colcon_pkg']
[0.281s] Level 1:colcon.colcon_core.package_identification:_identify(src) by extension 'colcon_pkg'
[0.281s] Level 1:colcon.colcon_core.package_identification:_identify(src) by extensions ['colcon_meta']
[0.281s] Level 1:colcon.colcon_core.package_identification:_identify(src) by extension 'colcon_meta'
[0.281s] Level 1:colcon.colcon_core.package_identification:_identify(src) by extensions ['ros']
[0.281s] Level 1:colcon.colcon_core.package_identification:_identify(src) by extension 'ros'
[0.281s] Level 1:colcon.colcon_core.package_identification:_identify(src) by extensions ['cmake', 'python']
[0.281s] Level 1:colcon.colcon_core.package_identification:_identify(src) by extension 'cmake'
[0.281s] Level 1:colcon.colcon_core.package_identification:_identify(src) by extension 'python'
[0.281s] Level 1:colcon.colcon_core.package_identification:_identify(src) by extensions ['python_setup_py']
[0.281s] Level 1:colcon.colcon_core.package_identification:_identify(src) by extension 'python_setup_py'
[0.284s] Level 1:colcon.colcon_core.package_identification:_identify(src/build) by extensions ['ignore', 'ignore_ament_install']
[0.284s] Level 1:colcon.colcon_core.package_identification:_identify(src/build) by extension 'ignore'
[0.284s] Level 1:colcon.colcon_core.package_identification:_identify(src/build) ignored
[0.285s] Level 1:colcon.colcon_core.package_identification:_identify(src/gear_manipulator_moveit_config) by extensions ['ignore', 'ignore_ament_install']
[0.285s] Level 1:colcon.colcon_core.package_identification:_identify(src/gear_manipulator_moveit_config) by extension 'ignore'
[0.285s] Level 1:colcon.colcon_core.package_identification:_identify(src/gear_manipulator_moveit_config) by extension 'ignore_ament_install'
[0.285s] Level 1:colcon.colcon_core.package_identification:_identify(src/gear_manipulator_moveit_config) by extensions ['colcon_pkg']
[0.285s] Level 1:colcon.colcon_core.package_identification:_identify(src/gear_manipulator_moveit_config) by extension 'colcon_pkg'
[0.285s] Level 1:colcon.colcon_core.package_identification:_identify(src/gear_manipulator_moveit_config) by extensions ['colcon_meta']
[0.285s] Level 1:colcon.colcon_core.package_identification:_identify(src/gear_manipulator_moveit_config) by extension 'colcon_meta'
[0.285s] Level 1:colcon.colcon_core.package_identification:_identify(src/gear_manipulator_moveit_config) by extensions ['ros']
[0.285s] Level 1:colcon.colcon_core.package_identification:_identify(src/gear_manipulator_moveit_config) by extension 'ros'
[0.289s] DEBUG:colcon.colcon_core.package_identification:Package 'src/gear_manipulator_moveit_config' with type 'ros.ament_cmake' and name 'gear_manipulator_moveit_config'
[0.289s] Level 1:colcon.colcon_core.package_identification:_identify(src/install) by extensions ['ignore', 'ignore_ament_install']
[0.289s] Level 1:colcon.colcon_core.package_identification:_identify(src/install) by extension 'ignore'
[0.289s] Level 1:colcon.colcon_core.package_identification:_identify(src/install) ignored
[0.290s] Level 1:colcon.colcon_core.package_identification:_identify(src/log) by extensions ['ignore', 'ignore_ament_install']
[0.290s] Level 1:colcon.colcon_core.package_identification:_identify(src/log) by extension 'ignore'
[0.290s] Level 1:colcon.colcon_core.package_identification:_identify(src/log) ignored
[0.291s] Level 1:colcon.colcon_core.package_identification:_identify(src/marge) by extensions ['ignore', 'ignore_ament_install']
[0.291s] Level 1:colcon.colcon_core.package_identification:_identify(src/marge) by extension 'ignore'
[0.291s] Level 1:colcon.colcon_core.package_identification:_identify(src/marge) by extension 'ignore_ament_install'
[0.291s] Level 1:colcon.colcon_core.package_identification:_identify(src/marge) by extensions ['colcon_pkg']
[0.291s] Level 1:colcon.colcon_core.package_identification:_identify(src/marge) by extension 'colcon_pkg'
[0.291s] Level 1:colcon.colcon_core.package_identification:_identify(src/marge) by extensions ['colcon_meta']
[0.291s] Level 1:colcon.colcon_core.package_identification:_identify(src/marge) by extension 'colcon_meta'
[0.291s] Level 1:colcon.colcon_core.package_identification:_identify(src/marge) by extensions ['ros']
[0.291s] Level 1:colcon.colcon_core.package_identification:_identify(src/marge) by extension 'ros'
[0.292s] DEBUG:colcon.colcon_core.package_identification:Package 'src/marge' with type 'ros.ament_cmake' and name 'marge'
[0.292s] Level 1:colcon.colcon_core.package_identification:_identify(src/my_robot) by extensions ['ignore', 'ignore_ament_install']
[0.292s] Level 1:colcon.colcon_core.package_identification:_identify(src/my_robot) by extension 'ignore'
[0.292s] Level 1:colcon.colcon_core.package_identification:_identify(src/my_robot) by extension 'ignore_ament_install'
[0.292s] Level 1:colcon.colcon_core.package_identification:_identify(src/my_robot) by extensions ['colcon_pkg']
[0.292s] Level 1:colcon.colcon_core.package_identification:_identify(src/my_robot) by extension 'colcon_pkg'
[0.293s] Level 1:colcon.colcon_core.package_identification:_identify(src/my_robot) by extensions ['colcon_meta']
[0.293s] Level 1:colcon.colcon_core.package_identification:_identify(src/my_robot) by extension 'colcon_meta'
[0.293s] Level 1:colcon.colcon_core.package_identification:_identify(src/my_robot) by extensions ['ros']
[0.293s] Level 1:colcon.colcon_core.package_identification:_identify(src/my_robot) by extension 'ros'
[0.293s] DEBUG:colcon.colcon_core.package_identification:Package 'src/my_robot' with type 'ros.ament_cmake' and name 'my_robot'
[0.294s] Level 1:colcon.colcon_core.package_identification:_identify(src/robot_bringup) by extensions ['ignore', 'ignore_ament_install']
[0.294s] Level 1:colcon.colcon_core.package_identification:_identify(src/robot_bringup) by extension 'ignore'
[0.294s] Level 1:colcon.colcon_core.package_identification:_identify(src/robot_bringup) by extension 'ignore_ament_install'
[0.294s] Level 1:colcon.colcon_core.package_identification:_identify(src/robot_bringup) by extensions ['colcon_pkg']
[0.294s] Level 1:colcon.colcon_core.package_identification:_identify(src/robot_bringup) by extension 'colcon_pkg'
[0.294s] Level 1:colcon.colcon_core.package_identification:_identify(src/robot_bringup) by extensions ['colcon_meta']
[0.294s] Level 1:colcon.colcon_core.package_identification:_identify(src/robot_bringup) by extension 'colcon_meta'
[0.294s] Level 1:colcon.colcon_core.package_identification:_identify(src/robot_bringup) by extensions ['ros']
[0.294s] Level 1:colcon.colcon_core.package_identification:_identify(src/robot_bringup) by extension 'ros'
[0.295s] DEBUG:colcon.colcon_core.package_identification:Package 'src/robot_bringup' with type 'ros.ament_cmake' and name 'robot_bringup'
[0.295s] Level 1:colcon.colcon_core.package_identification:_identify(src/robot_commander) by extensions ['ignore', 'ignore_ament_install']
[0.295s] Level 1:colcon.colcon_core.package_identification:_identify(src/robot_commander) by extension 'ignore'
[0.295s] Level 1:colcon.colcon_core.package_identification:_identify(src/robot_commander) by extension 'ignore_ament_install'
[0.296s] Level 1:colcon.colcon_core.package_identification:_identify(src/robot_commander) by extensions ['colcon_pkg']
[0.296s] Level 1:colcon.colcon_core.package_identification:_identify(src/robot_commander) by extension 'colcon_pkg'
[0.296s] Level 1:colcon.colcon_core.package_identification:_identify(src/robot_commander) by extensions ['colcon_meta']
[0.296s] Level 1:colcon.colcon_core.package_identification:_identify(src/robot_commander) by extension 'colcon_meta'
[0.296s] Level 1:colcon.colcon_core.package_identification:_identify(src/robot_commander) by extensions ['ros']
[0.296s] Level 1:colcon.colcon_core.package_identification:_identify(src/robot_commander) by extension 'ros'
[0.297s] DEBUG:colcon.colcon_core.package_identification:Package 'src/robot_commander' with type 'ros.ament_cmake' and name 'robot_commander'
[0.297s] Level 1:colcon.colcon_core.package_identification:_identify(src/robot_hardware) by extensions ['ignore', 'ignore_ament_install']
[0.297s] Level 1:colcon.colcon_core.package_identification:_identify(src/robot_hardware) by extension 'ignore'
[0.297s] Level 1:colcon.colcon_core.package_identification:_identify(src/robot_hardware) by extension 'ignore_ament_install'
[0.297s] Level 1:colcon.colcon_core.package_identification:_identify(src/robot_hardware) by extensions ['colcon_pkg']
[0.297s] Level 1:colcon.colcon_core.package_identification:_identify(src/robot_hardware) by extension 'colcon_pkg'
[0.297s] Level 1:colcon.colcon_core.package_identification:_identify(src/robot_hardware) by extensions ['colcon_meta']
[0.297s] Level 1:colcon.colcon_core.package_identification:_identify(src/robot_hardware) by extension 'colcon_meta'
[0.298s] Level 1:colcon.colcon_core.package_identification:_identify(src/robot_hardware) by extensions ['ros']
[0.298s] Level 1:colcon.colcon_core.package_identification:_identify(src/robot_hardware) by extension 'ros'
[0.299s] DEBUG:colcon.colcon_core.package_identification:Package 'src/robot_hardware' with type 'ros.ament_cmake' and name 'robot_hardware'
[0.299s] Level 1:colcon.colcon_core.package_identification:_identify(src/robot_moveit_config) by extensions ['ignore', 'ignore_ament_install']
[0.300s] Level 1:colcon.colcon_core.package_identification:_identify(src/robot_moveit_config) by extension 'ignore'
[0.300s] Level 1:colcon.colcon_core.package_identification:_identify(src/robot_moveit_config) by extension 'ignore_ament_install'
[0.300s] Level 1:colcon.colcon_core.package_identification:_identify(src/robot_moveit_config) by extensions ['colcon_pkg']
[0.300s] Level 1:colcon.colcon_core.package_identification:_identify(src/robot_moveit_config) by extension 'colcon_pkg'
[0.300s] Level 1:colcon.colcon_core.package_identification:_identify(src/robot_moveit_config) by extensions ['colcon_meta']
[0.300s] Level 1:colcon.colcon_core.package_identification:_identify(src/robot_moveit_config) by extension 'colcon_meta'
[0.300s] Level 1:colcon.colcon_core.package_identification:_identify(src/robot_moveit_config) by extensions ['ros']
[0.300s] Level 1:colcon.colcon_core.package_identification:_identify(src/robot_moveit_config) by extension 'ros'
[0.301s] DEBUG:colcon.colcon_core.package_identification:Package 'src/robot_moveit_config' with type 'ros.ament_cmake' and name 'robot_moveit_config'
[0.301s] Level 1:colcon.colcon_core.package_identification:_identify(src/robot_servoing) by extensions ['ignore', 'ignore_ament_install']
[0.301s] Level 1:colcon.colcon_core.package_identification:_identify(src/robot_servoing) by extension 'ignore'
[0.301s] Level 1:colcon.colcon_core.package_identification:_identify(src/robot_servoing) by extension 'ignore_ament_install'
[0.301s] Level 1:colcon.colcon_core.package_identification:_identify(src/robot_servoing) by extensions ['colcon_pkg']
[0.301s] Level 1:colcon.colcon_core.package_identification:_identify(src/robot_servoing) by extension 'colcon_pkg'
[0.301s] Level 1:colcon.colcon_core.package_identification:_identify(src/robot_servoing) by extensions ['colcon_meta']
[0.301s] Level 1:colcon.colcon_core.package_identification:_identify(src/robot_servoing) by extension 'colcon_meta'
[0.301s] Level 1:colcon.colcon_core.package_identification:_identify(src/robot_servoing) by extensions ['ros']
[0.302s] Level 1:colcon.colcon_core.package_identification:_identify(src/robot_servoing) by extension 'ros'
[0.303s] DEBUG:colcon.colcon_core.package_identification:Package 'src/robot_servoing' with type 'ros.ament_cmake' and name 'robot_servoing'
[0.304s] Level 1:colcon.colcon_core.package_identification:_identify(src/robot_status_leds) by extensions ['ignore', 'ignore_ament_install']
[0.304s] Level 1:colcon.colcon_core.package_identification:_identify(src/robot_status_leds) by extension 'ignore'
[0.304s] Level 1:colcon.colcon_core.package_identification:_identify(src/robot_status_leds) by extension 'ignore_ament_install'
[0.304s] Level 1:colcon.colcon_core.package_identification:_identify(src/robot_status_leds) by extensions ['colcon_pkg']
[0.304s] Level 1:colcon.colcon_core.package_identification:_identify(src/robot_status_leds) by extension 'colcon_pkg'
[0.304s] Level 1:colcon.colcon_core.package_identification:_identify(src/robot_status_leds) by extensions ['colcon_meta']
[0.304s] Level 1:colcon.colcon_core.package_identification:_identify(src/robot_status_leds) by extension 'colcon_meta'
[0.304s] Level 1:colcon.colcon_core.package_identification:_identify(src/robot_status_leds) by extensions ['ros']
[0.304s] Level 1:colcon.colcon_core.package_identification:_identify(src/robot_status_leds) by extension 'ros'
[0.305s] DEBUG:colcon.colcon_core.package_identification:Package 'src/robot_status_leds' with type 'ros.ament_python' and name 'robot_status_leds'
[0.305s] Level 1:colcon.colcon_core.package_identification:_identify(src/spotarm_assembly_description) by extensions ['ignore', 'ignore_ament_install']
[0.305s] Level 1:colcon.colcon_core.package_identification:_identify(src/spotarm_assembly_description) by extension 'ignore'
[0.305s] Level 1:colcon.colcon_core.package_identification:_identify(src/spotarm_assembly_description) by extension 'ignore_ament_install'
[0.305s] Level 1:colcon.colcon_core.package_identification:_identify(src/spotarm_assembly_description) by extensions ['colcon_pkg']
[0.305s] Level 1:colcon.colcon_core.package_identification:_identify(src/spotarm_assembly_description) by extension 'colcon_pkg'
[0.305s] Level 1:colcon.colcon_core.package_identification:_identify(src/spotarm_assembly_description) by extensions ['colcon_meta']
[0.305s] Level 1:colcon.colcon_core.package_identification:_identify(src/spotarm_assembly_description) by extension 'colcon_meta'
[0.305s] Level 1:colcon.colcon_core.package_identification:_identify(src/spotarm_assembly_description) by extensions ['ros']
[0.305s] Level 1:colcon.colcon_core.package_identification:_identify(src/spotarm_assembly_description) by extension 'ros'
[0.307s] DEBUG:colcon.colcon_core.package_identification:Package 'src/spotarm_assembly_description' with type 'ros.ament_python' and name 'spotarm_assembly_description'
[0.307s] Level 1:colcon.colcon_core.package_identification:_identify(src/stepper_test) by extensions ['ignore', 'ignore_ament_install']
[0.307s] Level 1:colcon.colcon_core.package_identification:_identify(src/stepper_test) by extension 'ignore'
[0.307s] Level 1:colcon.colcon_core.package_identification:_identify(src/stepper_test) by extension 'ignore_ament_install'
[0.307s] Level 1:colcon.colcon_core.package_identification:_identify(src/stepper_test) by extensions ['colcon_pkg']
[0.307s] Level 1:colcon.colcon_core.package_identification:_identify(src/stepper_test) by extension 'colcon_pkg'
[0.307s] Level 1:colcon.colcon_core.package_identification:_identify(src/stepper_test) by extensions ['colcon_meta']
[0.307s] Level 1:colcon.colcon_core.package_identification:_identify(src/stepper_test) by extension 'colcon_meta'
[0.307s] Level 1:colcon.colcon_core.package_identification:_identify(src/stepper_test) by extensions ['ros']
[0.307s] Level 1:colcon.colcon_core.package_identification:_identify(src/stepper_test) by extension 'ros'
[0.308s] DEBUG:colcon.colcon_core.package_identification:Package 'src/stepper_test' with type 'ros.ament_cmake' and name 'stepper_test'
[0.308s] Level 1:colcon.colcon_core.package_discovery:discover_packages(recursive) using defaults
[0.308s] Level 1:colcon.colcon_core.package_discovery:discover_packages(ignore) discover
[0.308s] Level 1:colcon.colcon_core.package_discovery:discover_packages(ignore) using defaults
[0.308s] Level 1:colcon.colcon_core.package_discovery:discover_packages(path) discover
[0.308s] Level 1:colcon.colcon_core.package_discovery:discover_packages(path) using defaults
[0.341s] Level 1:colcon.colcon_core.package_discovery:discover_packages(prefix_path) check parameters
[0.341s] Level 1:colcon.colcon_core.package_discovery:discover_packages(prefix_path) discover
[0.343s] DEBUG:colcon.colcon_installed_package_information.package_discovery:Found 9 installed packages in /home/msd/MSD2/msd_robot_arm_rev4/install
[0.343s] DEBUG:colcon.colcon_installed_package_information.package_discovery:Found 0 installed packages in /home/msd/MSD2/Scratch/install
[0.345s] DEBUG:colcon.colcon_installed_package_information.package_discovery:Found 357 installed packages in /opt/ros/humble
[0.346s] Level 1:colcon.colcon_core.package_discovery:discover_packages(prefix_path) using defaults
[0.397s] Level 5:colcon.colcon_core.verb:set package 'marge' build argument 'cmake_args' from command line to 'None'
[0.397s] Level 5:colcon.colcon_core.verb:set package 'marge' build argument 'cmake_target' from command line to 'None'
[0.397s] Level 5:colcon.colcon_core.verb:set package 'marge' build argument 'cmake_target_skip_unavailable' from command line to 'False'
[0.397s] Level 5:colcon.colcon_core.verb:set package 'marge' build argument 'cmake_clean_cache' from command line to 'False'
[0.397s] Level 5:colcon.colcon_core.verb:set package 'marge' build argument 'cmake_clean_first' from command line to 'False'
[0.397s] Level 5:colcon.colcon_core.verb:set package 'marge' build argument 'cmake_force_configure' from command line to 'False'
[0.397s] Level 5:colcon.colcon_core.verb:set package 'marge' build argument 'ament_cmake_args' from command line to 'None'
[0.397s] Level 5:colcon.colcon_core.verb:set package 'marge' build argument 'catkin_cmake_args' from command line to 'None'
[0.397s] Level 5:colcon.colcon_core.verb:set package 'marge' build argument 'catkin_skip_building_tests' from command line to 'False'
[0.397s] DEBUG:colcon.colcon_core.verb:Building package 'marge' with the following arguments: {'ament_cmake_args': None, 'build_base': '/home/msd/MSD2/REV4/build/marge', 'catkin_cmake_args': None, 'catkin_skip_building_tests': False, 'cmake_args': None, 'cmake_clean_cache': False, 'cmake_clean_first': False, 'cmake_force_configure': False, 'cmake_target': None, 'cmake_target_skip_unavailable': False, 'install_base': '/home/msd/MSD2/REV4/install/marge', 'merge_install': False, 'path': '/home/msd/MSD2/REV4/src/marge', 'symlink_install': False, 'test_result_base': None}
[0.398s] Level 5:colcon.colcon_core.verb:set package 'my_robot' build argument 'cmake_args' from command line to 'None'
[0.398s] Level 5:colcon.colcon_core.verb:set package 'my_robot' build argument 'cmake_target' from command line to 'None'
[0.398s] Level 5:colcon.colcon_core.verb:set package 'my_robot' build argument 'cmake_target_skip_unavailable' from command line to 'False'
[0.398s] Level 5:colcon.colcon_core.verb:set package 'my_robot' build argument 'cmake_clean_cache' from command line to 'False'
[0.398s] Level 5:colcon.colcon_core.verb:set package 'my_robot' build argument 'cmake_clean_first' from command line to 'False'
[0.398s] Level 5:colcon.colcon_core.verb:set package 'my_robot' build argument 'cmake_force_configure' from command line to 'False'
[0.398s] Level 5:colcon.colcon_core.verb:set package 'my_robot' build argument 'ament_cmake_args' from command line to 'None'
[0.398s] Level 5:colcon.colcon_core.verb:set package 'my_robot' build argument 'catkin_cmake_args' from command line to 'None'
[0.398s] Level 5:colcon.colcon_core.verb:set package 'my_robot' build argument 'catkin_skip_building_tests' from command line to 'False'
[0.398s] DEBUG:colcon.colcon_core.verb:Building package 'my_robot' with the following arguments: {'ament_cmake_args': None, 'build_base': '/home/msd/MSD2/REV4/build/my_robot', 'catkin_cmake_args': None, 'catkin_skip_building_tests': False, 'cmake_args': None, 'cmake_clean_cache': False, 'cmake_clean_first': False, 'cmake_force_configure': False, 'cmake_target': None, 'cmake_target_skip_unavailable': False, 'install_base': '/home/msd/MSD2/REV4/install/my_robot', 'merge_install': False, 'path': '/home/msd/MSD2/REV4/src/my_robot', 'symlink_install': False, 'test_result_base': None}
[0.398s] Level 5:colcon.colcon_core.verb:set package 'robot_commander' build argument 'cmake_args' from command line to 'None'
[0.398s] Level 5:colcon.colcon_core.verb:set package 'robot_commander' build argument 'cmake_target' from command line to 'None'
[0.398s] Level 5:colcon.colcon_core.verb:set package 'robot_commander' build argument 'cmake_target_skip_unavailable' from command line to 'False'
[0.398s] Level 5:colcon.colcon_core.verb:set package 'robot_commander' build argument 'cmake_clean_cache' from command line to 'False'
[0.398s] Level 5:colcon.colcon_core.verb:set package 'robot_commander' build argument 'cmake_clean_first' from command line to 'False'
[0.398s] Level 5:colcon.colcon_core.verb:set package 'robot_commander' build argument 'cmake_force_configure' from command line to 'False'
[0.398s] Level 5:colcon.colcon_core.verb:set package 'robot_commander' build argument 'ament_cmake_args' from command line to 'None'
[0.398s] Level 5:colcon.colcon_core.verb:set package 'robot_commander' build argument 'catkin_cmake_args' from command line to 'None'
[0.398s] Level 5:colcon.colcon_core.verb:set package 'robot_commander' build argument 'catkin_skip_building_tests' from command line to 'False'
[0.398s] DEBUG:colcon.colcon_core.verb:Building package 'robot_commander' with the following arguments: {'ament_cmake_args': None, 'build_base': '/home/msd/MSD2/REV4/build/robot_commander', 'catkin_cmake_args': None, 'catkin_skip_building_tests': False, 'cmake_args': None, 'cmake_clean_cache': False, 'cmake_clean_first': False, 'cmake_force_configure': False, 'cmake_target': None, 'cmake_target_skip_unavailable': False, 'install_base': '/home/msd/MSD2/REV4/install/robot_commander', 'merge_install': False, 'path': '/home/msd/MSD2/REV4/src/robot_commander', 'symlink_install': False, 'test_result_base': None}
[0.399s] Level 5:colcon.colcon_core.verb:set package 'robot_hardware' build argument 'cmake_args' from command line to 'None'
[0.399s] Level 5:colcon.colcon_core.verb:set package 'robot_hardware' build argument 'cmake_target' from command line to 'None'
[0.399s] Level 5:colcon.colcon_core.verb:set package 'robot_hardware' build argument 'cmake_target_skip_unavailable' from command line to 'False'
[0.399s] Level 5:colcon.colcon_core.verb:set package 'robot_hardware' build argument 'cmake_clean_cache' from command line to 'False'
[0.399s] Level 5:colcon.colcon_core.verb:set package 'robot_hardware' build argument 'cmake_clean_first' from command line to 'False'
[0.399s] Level 5:colcon.colcon_core.verb:set package 'robot_hardware' build argument 'cmake_force_configure' from command line to 'False'
[0.399s] Level 5:colcon.colcon_core.verb:set package 'robot_hardware' build argument 'ament_cmake_args' from command line to 'None'
[0.399s] Level 5:colcon.colcon_core.verb:set package 'robot_hardware' build argument 'catkin_cmake_args' from command line to 'None'
[0.399s] Level 5:colcon.colcon_core.verb:set package 'robot_hardware' build argument 'catkin_skip_building_tests' from command line to 'False'
[0.399s] DEBUG:colcon.colcon_core.verb:Building package 'robot_hardware' with the following arguments: {'ament_cmake_args': None, 'build_base': '/home/msd/MSD2/REV4/build/robot_hardware', 'catkin_cmake_args': None, 'catkin_skip_building_tests': False, 'cmake_args': None, 'cmake_clean_cache': False, 'cmake_clean_first': False, 'cmake_force_configure': False, 'cmake_target': None, 'cmake_target_skip_unavailable': False, 'install_base': '/home/msd/MSD2/REV4/install/robot_hardware', 'merge_install': False, 'path': '/home/msd/MSD2/REV4/src/robot_hardware', 'symlink_install': False, 'test_result_base': None}
[0.399s] Level 5:colcon.colcon_core.verb:set package 'robot_servoing' build argument 'cmake_args' from command line to 'None'
[0.399s] Level 5:colcon.colcon_core.verb:set package 'robot_servoing' build argument 'cmake_target' from command line to 'None'
[0.399s] Level 5:colcon.colcon_core.verb:set package 'robot_servoing' build argument 'cmake_target_skip_unavailable' from command line to 'False'
[0.399s] Level 5:colcon.colcon_core.verb:set package 'robot_servoing' build argument 'cmake_clean_cache' from command line to 'False'
[0.399s] Level 5:colcon.colcon_core.verb:set package 'robot_servoing' build argument 'cmake_clean_first' from command line to 'False'
[0.399s] Level 5:colcon.colcon_core.verb:set package 'robot_servoing' build argument 'cmake_force_configure' from command line to 'False'
[0.399s] Level 5:colcon.colcon_core.verb:set package 'robot_servoing' build argument 'ament_cmake_args' from command line to 'None'
[0.399s] Level 5:colcon.colcon_core.verb:set package 'robot_servoing' build argument 'catkin_cmake_args' from command line to 'None'
[0.399s] Level 5:colcon.colcon_core.verb:set package 'robot_servoing' build argument 'catkin_skip_building_tests' from command line to 'False'
[0.399s] DEBUG:colcon.colcon_core.verb:Building package 'robot_servoing' with the following arguments: {'ament_cmake_args': None, 'build_base': '/home/msd/MSD2/REV4/build/robot_servoing', 'catkin_cmake_args': None, 'catkin_skip_building_tests': False, 'cmake_args': None, 'cmake_clean_cache': False, 'cmake_clean_first': False, 'cmake_force_configure': False, 'cmake_target': None, 'cmake_target_skip_unavailable': False, 'install_base': '/home/msd/MSD2/REV4/install/robot_servoing', 'merge_install': False, 'path': '/home/msd/MSD2/REV4/src/robot_servoing', 'symlink_install': False, 'test_result_base': None}
[0.400s] Level 5:colcon.colcon_core.verb:set package 'robot_status_leds' build argument 'cmake_args' from command line to 'None'
[0.400s] Level 5:colcon.colcon_core.verb:set package 'robot_status_leds' build argument 'cmake_target' from command line to 'None'
[0.400s] Level 5:colcon.colcon_core.verb:set package 'robot_status_leds' build argument 'cmake_target_skip_unavailable' from command line to 'False'
[0.400s] Level 5:colcon.colcon_core.verb:set package 'robot_status_leds' build argument 'cmake_clean_cache' from command line to 'False'
[0.400s] Level 5:colcon.colcon_core.verb:set package 'robot_status_leds' build argument 'cmake_clean_first' from command line to 'False'
[0.400s] Level 5:colcon.colcon_core.verb:set package 'robot_status_leds' build argument 'cmake_force_configure' from command line to 'False'
[0.400s] Level 5:colcon.colcon_core.verb:set package 'robot_status_leds' build argument 'ament_cmake_args' from command line to 'None'
[0.400s] Level 5:colcon.colcon_core.verb:set package 'robot_status_leds' build argument 'catkin_cmake_args' from command line to 'None'
[0.400s] Level 5:colcon.colcon_core.verb:set package 'robot_status_leds' build argument 'catkin_skip_building_tests' from command line to 'False'
[0.400s] DEBUG:colcon.colcon_core.verb:Building package 'robot_status_leds' with the following arguments: {'ament_cmake_args': None, 'build_base': '/home/msd/MSD2/REV4/build/robot_status_leds', 'catkin_cmake_args': None, 'catkin_skip_building_tests': False, 'cmake_args': None, 'cmake_clean_cache': False, 'cmake_clean_first': False, 'cmake_force_configure': False, 'cmake_target': None, 'cmake_target_skip_unavailable': False, 'install_base': '/home/msd/MSD2/REV4/install/robot_status_leds', 'merge_install': False, 'path': '/home/msd/MSD2/REV4/src/robot_status_leds', 'symlink_install': False, 'test_result_base': None}
[0.400s] Level 5:colcon.colcon_core.verb:set package 'spotarm_assembly_description' build argument 'cmake_args' from command line to 'None'
[0.400s] Level 5:colcon.colcon_core.verb:set package 'spotarm_assembly_description' build argument 'cmake_target' from command line to 'None'
[0.400s] Level 5:colcon.colcon_core.verb:set package 'spotarm_assembly_description' build argument 'cmake_target_skip_unavailable' from command line to 'False'
[0.400s] Level 5:colcon.colcon_core.verb:set package 'spotarm_assembly_description' build argument 'cmake_clean_cache' from command line to 'False'
[0.400s] Level 5:colcon.colcon_core.verb:set package 'spotarm_assembly_description' build argument 'cmake_clean_first' from command line to 'False'
[0.400s] Level 5:colcon.colcon_core.verb:set package 'spotarm_assembly_description' build argument 'cmake_force_configure' from command line to 'False'
[0.400s] Level 5:colcon.colcon_core.verb:set package 'spotarm_assembly_description' build argument 'ament_cmake_args' from command line to 'None'
[0.400s] Level 5:colcon.colcon_core.verb:set package 'spotarm_assembly_description' build argument 'catkin_cmake_args' from command line to 'None'
[0.400s] Level 5:colcon.colcon_core.verb:set package 'spotarm_assembly_description' build argument 'catkin_skip_building_tests' from command line to 'False'
[0.401s] DEBUG:colcon.colcon_core.verb:Building package 'spotarm_assembly_description' with the following arguments: {'ament_cmake_args': None, 'build_base': '/home/msd/MSD2/REV4/build/spotarm_assembly_description', 'catkin_cmake_args': None, 'catkin_skip_building_tests': False, 'cmake_args': None, 'cmake_clean_cache': False, 'cmake_clean_first': False, 'cmake_force_configure': False, 'cmake_target': None, 'cmake_target_skip_unavailable': False, 'install_base': '/home/msd/MSD2/REV4/install/spotarm_assembly_description', 'merge_install': False, 'path': '/home/msd/MSD2/REV4/src/spotarm_assembly_description', 'symlink_install': False, 'test_result_base': None}
[0.401s] Level 5:colcon.colcon_core.verb:set package 'stepper_test' build argument 'cmake_args' from command line to 'None'
[0.401s] Level 5:colcon.colcon_core.verb:set package 'stepper_test' build argument 'cmake_target' from command line to 'None'
[0.401s] Level 5:colcon.colcon_core.verb:set package 'stepper_test' build argument 'cmake_target_skip_unavailable' from command line to 'False'
[0.401s] Level 5:colcon.colcon_core.verb:set package 'stepper_test' build argument 'cmake_clean_cache' from command line to 'False'
[0.401s] Level 5:colcon.colcon_core.verb:set package 'stepper_test' build argument 'cmake_clean_first' from command line to 'False'
[0.401s] Level 5:colcon.colcon_core.verb:set package 'stepper_test' build argument 'cmake_force_configure' from command line to 'False'
[0.401s] Level 5:colcon.colcon_core.verb:set package 'stepper_test' build argument 'ament_cmake_args' from command line to 'None'
[0.401s] Level 5:colcon.colcon_core.verb:set package 'stepper_test' build argument 'catkin_cmake_args' from command line to 'None'
[0.401s] Level 5:colcon.colcon_core.verb:set package 'stepper_test' build argument 'catkin_skip_building_tests' from command line to 'False'
[0.401s] DEBUG:colcon.colcon_core.verb:Building package 'stepper_test' with the following arguments: {'ament_cmake_args': None, 'build_base': '/home/msd/MSD2/REV4/build/stepper_test', 'catkin_cmake_args': None, 'catkin_skip_building_tests': False, 'cmake_args': None, 'cmake_clean_cache': False, 'cmake_clean_first': False, 'cmake_force_configure': False, 'cmake_target': None, 'cmake_target_skip_unavailable': False, 'install_base': '/home/msd/MSD2/REV4/install/stepper_test', 'merge_install': False, 'path': '/home/msd/MSD2/REV4/src/stepper_test', 'symlink_install': False, 'test_result_base': None}
[0.401s] Level 5:colcon.colcon_core.verb:set package 'gear_manipulator_moveit_config' build argument 'cmake_args' from command line to 'None'
[0.401s] Level 5:colcon.colcon_core.verb:set package 'gear_manipulator_moveit_config' build argument 'cmake_target' from command line to 'None'
[0.401s] Level 5:colcon.colcon_core.verb:set package 'gear_manipulator_moveit_config' build argument 'cmake_target_skip_unavailable' from command line to 'False'
[0.401s] Level 5:colcon.colcon_core.verb:set package 'gear_manipulator_moveit_config' build argument 'cmake_clean_cache' from command line to 'False'
[0.401s] Level 5:colcon.colcon_core.verb:set package 'gear_manipulator_moveit_config' build argument 'cmake_clean_first' from command line to 'False'
[0.402s] Level 5:colcon.colcon_core.verb:set package 'gear_manipulator_moveit_config' build argument 'cmake_force_configure' from command line to 'False'
[0.402s] Level 5:colcon.colcon_core.verb:set package 'gear_manipulator_moveit_config' build argument 'ament_cmake_args' from command line to 'None'
[0.402s] Level 5:colcon.colcon_core.verb:set package 'gear_manipulator_moveit_config' build argument 'catkin_cmake_args' from command line to 'None'
[0.402s] Level 5:colcon.colcon_core.verb:set package 'gear_manipulator_moveit_config' build argument 'catkin_skip_building_tests' from command line to 'False'
[0.402s] DEBUG:colcon.colcon_core.verb:Building package 'gear_manipulator_moveit_config' with the following arguments: {'ament_cmake_args': None, 'build_base': '/home/msd/MSD2/REV4/build/gear_manipulator_moveit_config', 'catkin_cmake_args': None, 'catkin_skip_building_tests': False, 'cmake_args': None, 'cmake_clean_cache': False, 'cmake_clean_first': False, 'cmake_force_configure': False, 'cmake_target': None, 'cmake_target_skip_unavailable': False, 'install_base': '/home/msd/MSD2/REV4/install/gear_manipulator_moveit_config', 'merge_install': False, 'path': '/home/msd/MSD2/REV4/src/gear_manipulator_moveit_config', 'symlink_install': False, 'test_result_base': None}
[0.402s] Level 5:colcon.colcon_core.verb:set package 'robot_moveit_config' build argument 'cmake_args' from command line to 'None'
[0.402s] Level 5:colcon.colcon_core.verb:set package 'robot_moveit_config' build argument 'cmake_target' from command line to 'None'
[0.402s] Level 5:colcon.colcon_core.verb:set package 'robot_moveit_config' build argument 'cmake_target_skip_unavailable' from command line to 'False'
[0.402s] Level 5:colcon.colcon_core.verb:set package 'robot_moveit_config' build argument 'cmake_clean_cache' from command line to 'False'
[0.402s] Level 5:colcon.colcon_core.verb:set package 'robot_moveit_config' build argument 'cmake_clean_first' from command line to 'False'
[0.402s] Level 5:colcon.colcon_core.verb:set package 'robot_moveit_config' build argument 'cmake_force_configure' from command line to 'False'
[0.402s] Level 5:colcon.colcon_core.verb:set package 'robot_moveit_config' build argument 'ament_cmake_args' from command line to 'None'
[0.402s] Level 5:colcon.colcon_core.verb:set package 'robot_moveit_config' build argument 'catkin_cmake_args' from command line to 'None'
[0.402s] Level 5:colcon.colcon_core.verb:set package 'robot_moveit_config' build argument 'catkin_skip_building_tests' from command line to 'False'
[0.402s] DEBUG:colcon.colcon_core.verb:Building package 'robot_moveit_config' with the following arguments: {'ament_cmake_args': None, 'build_base': '/home/msd/MSD2/REV4/build/robot_moveit_config', 'catkin_cmake_args': None, 'catkin_skip_building_tests': False, 'cmake_args': None, 'cmake_clean_cache': False, 'cmake_clean_first': False, 'cmake_force_configure': False, 'cmake_target': None, 'cmake_target_skip_unavailable': False, 'install_base': '/home/msd/MSD2/REV4/install/robot_moveit_config', 'merge_install': False, 'path': '/home/msd/MSD2/REV4/src/robot_moveit_config', 'symlink_install': False, 'test_result_base': None}
[0.402s] Level 5:colcon.colcon_core.verb:set package 'robot_bringup' build argument 'cmake_args' from command line to 'None'
[0.403s] Level 5:colcon.colcon_core.verb:set package 'robot_bringup' build argument 'cmake_target' from command line to 'None'
[0.403s] Level 5:colcon.colcon_core.verb:set package 'robot_bringup' build argument 'cmake_target_skip_unavailable' from command line to 'False'
[0.403s] Level 5:colcon.colcon_core.verb:set package 'robot_bringup' build argument 'cmake_clean_cache' from command line to 'False'
[0.403s] Level 5:colcon.colcon_core.verb:set package 'robot_bringup' build argument 'cmake_clean_first' from command line to 'False'
[0.403s] Level 5:colcon.colcon_core.verb:set package 'robot_bringup' build argument 'cmake_force_configure' from command line to 'False'
[0.403s] Level 5:colcon.colcon_core.verb:set package 'robot_bringup' build argument 'ament_cmake_args' from command line to 'None'
[0.403s] Level 5:colcon.colcon_core.verb:set package 'robot_bringup' build argument 'catkin_cmake_args' from command line to 'None'
[0.403s] Level 5:colcon.colcon_core.verb:set package 'robot_bringup' build argument 'catkin_skip_building_tests' from command line to 'False'
[0.403s] DEBUG:colcon.colcon_core.verb:Building package 'robot_bringup' with the following arguments: {'ament_cmake_args': None, 'build_base': '/home/msd/MSD2/REV4/build/robot_bringup', 'catkin_cmake_args': None, 'catkin_skip_building_tests': False, 'cmake_args': None, 'cmake_clean_cache': False, 'cmake_clean_first': False, 'cmake_force_configure': False, 'cmake_target': None, 'cmake_target_skip_unavailable': False, 'install_base': '/home/msd/MSD2/REV4/install/robot_bringup', 'merge_install': False, 'path': '/home/msd/MSD2/REV4/src/robot_bringup', 'symlink_install': False, 'test_result_base': None}
[0.403s] INFO:colcon.colcon_core.executor:Executing jobs using 'parallel' executor
[0.404s] DEBUG:colcon.colcon_parallel_executor.executor.parallel:run_until_complete
[0.404s] INFO:colcon.colcon_ros.task.ament_python.build:Building ROS package in '/home/msd/MSD2/REV4/src/spotarm_assembly_description' with build type 'ament_python'
[0.404s] Level 1:colcon.colcon_core.shell:create_environment_hook('spotarm_assembly_description', 'ament_prefix_path')
[0.406s] INFO:colcon.colcon_core.plugin_system:Skipping extension 'colcon_core.shell.bat': Not used on non-Windows systems
[0.406s] INFO:colcon.colcon_core.shell:Creating environment hook '/home/msd/MSD2/REV4/install/spotarm_assembly_description/share/spotarm_assembly_description/hook/ament_prefix_path.ps1'
[0.407s] INFO:colcon.colcon_core.shell:Creating environment descriptor '/home/msd/MSD2/REV4/install/spotarm_assembly_description/share/spotarm_assembly_description/hook/ament_prefix_path.dsv'
[0.408s] INFO:colcon.colcon_core.shell:Creating environment hook '/home/msd/MSD2/REV4/install/spotarm_assembly_description/share/spotarm_assembly_description/hook/ament_prefix_path.sh'
[0.408s] INFO:colcon.colcon_core.shell:Skip shell extension 'powershell' for command environment: Not usable outside of PowerShell
[0.408s] DEBUG:colcon.colcon_core.shell:Skip shell extension 'dsv' for command environment
[0.412s] INFO:colcon.colcon_ros.task.ament_cmake.build:Building ROS package in '/home/msd/MSD2/REV4/src/my_robot' with build type 'ament_cmake'
[0.412s] INFO:colcon.colcon_cmake.task.cmake.build:Building CMake package in '/home/msd/MSD2/REV4/src/my_robot'
[0.413s] INFO:colcon.colcon_core.shell:Skip shell extension 'powershell' for command environment: Not usable outside of PowerShell
[0.413s] DEBUG:colcon.colcon_core.shell:Skip shell extension 'dsv' for command environment
[0.417s] INFO:colcon.colcon_ros.task.ament_cmake.build:Building ROS package in '/home/msd/MSD2/REV4/src/marge' with build type 'ament_cmake'
[0.417s] INFO:colcon.colcon_cmake.task.cmake.build:Building CMake package in '/home/msd/MSD2/REV4/src/marge'
[0.417s] INFO:colcon.colcon_core.shell:Skip shell extension 'powershell' for command environment: Not usable outside of PowerShell
[0.417s] DEBUG:colcon.colcon_core.shell:Skip shell extension 'dsv' for command environment
[0.421s] INFO:colcon.colcon_ros.task.ament_cmake.build:Building ROS package in '/home/msd/MSD2/REV4/src/robot_commander' with build type 'ament_cmake'
[0.421s] INFO:colcon.colcon_cmake.task.cmake.build:Building CMake package in '/home/msd/MSD2/REV4/src/robot_commander'
[0.421s] INFO:colcon.colcon_core.shell:Skip shell extension 'powershell' for command environment: Not usable outside of PowerShell
[0.421s] DEBUG:colcon.colcon_core.shell:Skip shell extension 'dsv' for command environment
[0.426s] INFO:colcon.colcon_ros.task.ament_cmake.build:Building ROS package in '/home/msd/MSD2/REV4/src/robot_hardware' with build type 'ament_cmake'
[0.426s] INFO:colcon.colcon_cmake.task.cmake.build:Building CMake package in '/home/msd/MSD2/REV4/src/robot_hardware'
[0.426s] INFO:colcon.colcon_core.shell:Skip shell extension 'powershell' for command environment: Not usable outside of PowerShell
[0.427s] DEBUG:colcon.colcon_core.shell:Skip shell extension 'dsv' for command environment
[0.431s] INFO:colcon.colcon_ros.task.ament_cmake.build:Building ROS package in '/home/msd/MSD2/REV4/src/robot_servoing' with build type 'ament_cmake'
[0.431s] INFO:colcon.colcon_cmake.task.cmake.build:Building CMake package in '/home/msd/MSD2/REV4/src/robot_servoing'
[0.431s] INFO:colcon.colcon_core.shell:Skip shell extension 'powershell' for command environment: Not usable outside of PowerShell
[0.431s] DEBUG:colcon.colcon_core.shell:Skip shell extension 'dsv' for command environment
[0.438s] INFO:colcon.colcon_ros.task.ament_python.build:Building ROS package in '/home/msd/MSD2/REV4/src/robot_status_leds' with build type 'ament_python'
[0.438s] Level 1:colcon.colcon_core.shell:create_environment_hook('robot_status_leds', 'ament_prefix_path')
[0.438s] INFO:colcon.colcon_core.shell:Creating environment hook '/home/msd/MSD2/REV4/install/robot_status_leds/share/robot_status_leds/hook/ament_prefix_path.ps1'
[0.439s] INFO:colcon.colcon_core.shell:Creating environment descriptor '/home/msd/MSD2/REV4/install/robot_status_leds/share/robot_status_leds/hook/ament_prefix_path.dsv'
[0.440s] INFO:colcon.colcon_core.shell:Creating environment hook '/home/msd/MSD2/REV4/install/robot_status_leds/share/robot_status_leds/hook/ament_prefix_path.sh'
[0.440s] INFO:colcon.colcon_core.shell:Skip shell extension 'powershell' for command environment: Not usable outside of PowerShell
[0.440s] DEBUG:colcon.colcon_core.shell:Skip shell extension 'dsv' for command environment
[0.445s] INFO:colcon.colcon_ros.task.ament_cmake.build:Building ROS package in '/home/msd/MSD2/REV4/src/stepper_test' with build type 'ament_cmake'
[0.445s] INFO:colcon.colcon_cmake.task.cmake.build:Building CMake package in '/home/msd/MSD2/REV4/src/stepper_test'
[0.445s] INFO:colcon.colcon_core.shell:Skip shell extension 'powershell' for command environment: Not usable outside of PowerShell
[0.446s] DEBUG:colcon.colcon_core.shell:Skip shell extension 'dsv' for command environment
[0.706s] INFO:colcon.colcon_core.task.python.build:Building Python package in '/home/msd/MSD2/REV4/src/spotarm_assembly_description'
[0.706s] INFO:colcon.colcon_core.shell:Skip shell extension 'powershell' for command environment: Not usable outside of PowerShell
[0.706s] DEBUG:colcon.colcon_core.shell:Skip shell extension 'dsv' for command environment
[0.718s] DEBUG:colcon.colcon_core.event_handler.log_command:Invoking command in '/home/msd/MSD2/REV4/build/my_robot': CMAKE_PREFIX_PATH=${CMAKE_PREFIX_PATH}:/home/msd/MSD2/msd_robot_arm_rev4/install/spotarm_assembly_description:/home/msd/MSD2/msd_robot_arm_rev4/install/robot_status_leds:/opt/ros/humble /usr/bin/cmake --build /home/msd/MSD2/REV4/build/my_robot -- -j8 -l8
[0.720s] DEBUG:colcon.colcon_core.event_handler.log_command:Invoking command in '/home/msd/MSD2/REV4/build/marge': CMAKE_PREFIX_PATH=${CMAKE_PREFIX_PATH}:/home/msd/MSD2/msd_robot_arm_rev4/install/spotarm_assembly_description:/home/msd/MSD2/msd_robot_arm_rev4/install/robot_status_leds:/opt/ros/humble /usr/bin/cmake --build /home/msd/MSD2/REV4/build/marge -- -j8 -l8
[0.724s] DEBUG:colcon.colcon_core.event_handler.log_command:Invoking command in '/home/msd/MSD2/REV4/build/robot_commander': CMAKE_PREFIX_PATH=${CMAKE_PREFIX_PATH}:/home/msd/MSD2/msd_robot_arm_rev4/install/spotarm_assembly_description:/home/msd/MSD2/msd_robot_arm_rev4/install/robot_status_leds:/opt/ros/humble /usr/bin/cmake --build /home/msd/MSD2/REV4/build/robot_commander -- -j8 -l8
[0.728s] DEBUG:colcon.colcon_core.event_handler.log_command:Invoking command in '/home/msd/MSD2/REV4/build/robot_hardware': CMAKE_PREFIX_PATH=${CMAKE_PREFIX_PATH}:/home/msd/MSD2/msd_robot_arm_rev4/install/spotarm_assembly_description:/home/msd/MSD2/msd_robot_arm_rev4/install/robot_status_leds:/opt/ros/humble /usr/bin/cmake --build /home/msd/MSD2/REV4/build/robot_hardware -- -j8 -l8
[0.732s] DEBUG:colcon.colcon_core.event_handler.log_command:Invoking command in '/home/msd/MSD2/REV4/build/robot_servoing': CMAKE_PREFIX_PATH=${CMAKE_PREFIX_PATH}:/home/msd/MSD2/msd_robot_arm_rev4/install/spotarm_assembly_description:/home/msd/MSD2/msd_robot_arm_rev4/install/robot_status_leds:/opt/ros/humble /usr/bin/cmake --build /home/msd/MSD2/REV4/build/robot_servoing -- -j8 -l8
[1.014s] INFO:colcon.colcon_core.task.python.build:Building Python package in '/home/msd/MSD2/REV4/src/robot_status_leds'
[1.014s] INFO:colcon.colcon_core.shell:Skip shell extension 'powershell' for command environment: Not usable outside of PowerShell
[1.014s] DEBUG:colcon.colcon_core.shell:Skip shell extension 'dsv' for command environment
[1.026s] DEBUG:colcon.colcon_core.event_handler.log_command:Invoking command in '/home/msd/MSD2/REV4/build/stepper_test': CMAKE_PREFIX_PATH=${CMAKE_PREFIX_PATH}:/home/msd/MSD2/msd_robot_arm_rev4/install/spotarm_assembly_description:/home/msd/MSD2/msd_robot_arm_rev4/install/robot_status_leds:/opt/ros/humble /usr/bin/cmake --build /home/msd/MSD2/REV4/build/stepper_test -- -j8 -l8
[1.026s] DEBUG:colcon.colcon_core.event_handler.log_command:Invoked command in '/home/msd/MSD2/REV4/build/my_robot' returned '0': CMAKE_PREFIX_PATH=${CMAKE_PREFIX_PATH}:/home/msd/MSD2/msd_robot_arm_rev4/install/spotarm_assembly_description:/home/msd/MSD2/msd_robot_arm_rev4/install/robot_status_leds:/opt/ros/humble /usr/bin/cmake --build /home/msd/MSD2/REV4/build/my_robot -- -j8 -l8
[1.037s] DEBUG:colcon.colcon_core.event_handler.log_command:Invoking command in '/home/msd/MSD2/REV4/build/my_robot': CMAKE_PREFIX_PATH=${CMAKE_PREFIX_PATH}:/home/msd/MSD2/msd_robot_arm_rev4/install/spotarm_assembly_description:/home/msd/MSD2/msd_robot_arm_rev4/install/robot_status_leds:/opt/ros/humble /usr/bin/cmake --install /home/msd/MSD2/REV4/build/my_robot
[1.038s] DEBUG:colcon.colcon_core.event_handler.log_command:Invoked command in '/home/msd/MSD2/REV4/build/robot_hardware' returned '0': CMAKE_PREFIX_PATH=${CMAKE_PREFIX_PATH}:/home/msd/MSD2/msd_robot_arm_rev4/install/spotarm_assembly_description:/home/msd/MSD2/msd_robot_arm_rev4/install/robot_status_leds:/opt/ros/humble /usr/bin/cmake --build /home/msd/MSD2/REV4/build/robot_hardware -- -j8 -l8
[1.040s] DEBUG:colcon.colcon_core.event_handler.log_command:Invoking command in '/home/msd/MSD2/REV4/build/robot_hardware': CMAKE_PREFIX_PATH=${CMAKE_PREFIX_PATH}:/home/msd/MSD2/msd_robot_arm_rev4/install/spotarm_assembly_description:/home/msd/MSD2/msd_robot_arm_rev4/install/robot_status_leds:/opt/ros/humble /usr/bin/cmake --install /home/msd/MSD2/REV4/build/robot_hardware
[1.041s] DEBUG:colcon.colcon_core.event_handler.log_command:Invoked command in '/home/msd/MSD2/REV4/build/robot_servoing' returned '0': CMAKE_PREFIX_PATH=${CMAKE_PREFIX_PATH}:/home/msd/MSD2/msd_robot_arm_rev4/install/spotarm_assembly_description:/home/msd/MSD2/msd_robot_arm_rev4/install/robot_status_leds:/opt/ros/humble /usr/bin/cmake --build /home/msd/MSD2/REV4/build/robot_servoing -- -j8 -l8
[1.045s] DEBUG:colcon.colcon_core.event_handler.log_command:Invoking command in '/home/msd/MSD2/REV4/build/robot_servoing': CMAKE_PREFIX_PATH=${CMAKE_PREFIX_PATH}:/home/msd/MSD2/msd_robot_arm_rev4/install/spotarm_assembly_description:/home/msd/MSD2/msd_robot_arm_rev4/install/robot_status_leds:/opt/ros/humble /usr/bin/cmake --install /home/msd/MSD2/REV4/build/robot_servoing
[1.046s] DEBUG:colcon.colcon_core.event_handler.log_command:Invoked command in '/home/msd/MSD2/REV4/build/marge' returned '0': CMAKE_PREFIX_PATH=${CMAKE_PREFIX_PATH}:/home/msd/MSD2/msd_robot_arm_rev4/install/spotarm_assembly_description:/home/msd/MSD2/msd_robot_arm_rev4/install/robot_status_leds:/opt/ros/humble /usr/bin/cmake --build /home/msd/MSD2/REV4/build/marge -- -j8 -l8
[1.047s] DEBUG:colcon.colcon_core.event_handler.log_command:Invoking command in '/home/msd/MSD2/REV4/build/marge': CMAKE_PREFIX_PATH=${CMAKE_PREFIX_PATH}:/home/msd/MSD2/msd_robot_arm_rev4/install/spotarm_assembly_description:/home/msd/MSD2/msd_robot_arm_rev4/install/robot_status_leds:/opt/ros/humble /usr/bin/cmake --install /home/msd/MSD2/REV4/build/marge
[1.048s] DEBUG:colcon.colcon_core.event_handler.log_command:Invoked command in '/home/msd/MSD2/REV4/build/robot_commander' returned '0': CMAKE_PREFIX_PATH=${CMAKE_PREFIX_PATH}:/home/msd/MSD2/msd_robot_arm_rev4/install/spotarm_assembly_description:/home/msd/MSD2/msd_robot_arm_rev4/install/robot_status_leds:/opt/ros/humble /usr/bin/cmake --build /home/msd/MSD2/REV4/build/robot_commander -- -j8 -l8
[1.051s] DEBUG:colcon.colcon_core.event_handler.log_command:Invoking command in '/home/msd/MSD2/REV4/build/robot_commander': CMAKE_PREFIX_PATH=${CMAKE_PREFIX_PATH}:/home/msd/MSD2/msd_robot_arm_rev4/install/spotarm_assembly_description:/home/msd/MSD2/msd_robot_arm_rev4/install/robot_status_leds:/opt/ros/humble /usr/bin/cmake --install /home/msd/MSD2/REV4/build/robot_commander
[1.072s] Level 1:colcon.colcon_core.environment:create_environment_scripts_only(my_robot)
[1.080s] DEBUG:colcon.colcon_core.event_handler.log_command:Invoked command in '/home/msd/MSD2/REV4/build/my_robot' returned '0': CMAKE_PREFIX_PATH=${CMAKE_PREFIX_PATH}:/home/msd/MSD2/msd_robot_arm_rev4/install/spotarm_assembly_description:/home/msd/MSD2/msd_robot_arm_rev4/install/robot_status_leds:/opt/ros/humble /usr/bin/cmake --install /home/msd/MSD2/REV4/build/my_robot
[1.083s] Level 1:colcon.colcon_core.environment:checking '/home/msd/MSD2/REV4/install/my_robot' for CMake module files
[1.084s] Level 1:colcon.colcon_core.environment:checking '/home/msd/MSD2/REV4/install/my_robot' for CMake config files
[1.084s] Level 1:colcon.colcon_core.shell:create_environment_hook('my_robot', 'cmake_prefix_path')
[1.085s] INFO:colcon.colcon_core.shell:Creating environment hook '/home/msd/MSD2/REV4/install/my_robot/share/my_robot/hook/cmake_prefix_path.ps1'
[1.085s] INFO:colcon.colcon_core.shell:Creating environment descriptor '/home/msd/MSD2/REV4/install/my_robot/share/my_robot/hook/cmake_prefix_path.dsv'
[1.086s] INFO:colcon.colcon_core.shell:Creating environment hook '/home/msd/MSD2/REV4/install/my_robot/share/my_robot/hook/cmake_prefix_path.sh'
[1.087s] Level 1:colcon.colcon_core.environment:checking '/home/msd/MSD2/REV4/install/my_robot/bin'
[1.087s] Level 1:colcon.colcon_core.environment:checking '/home/msd/MSD2/REV4/install/my_robot/lib/pkgconfig/my_robot.pc'
[1.087s] Level 1:colcon.colcon_core.environment:checking '/home/msd/MSD2/REV4/install/my_robot/lib/python3.10/site-packages'
[1.088s] Level 1:colcon.colcon_core.environment:checking '/home/msd/MSD2/REV4/install/my_robot/bin'
[1.088s] INFO:colcon.colcon_core.shell:Creating package script '/home/msd/MSD2/REV4/install/my_robot/share/my_robot/package.ps1'
[1.090s] INFO:colcon.colcon_core.shell:Creating package descriptor '/home/msd/MSD2/REV4/install/my_robot/share/my_robot/package.dsv'
[1.091s] INFO:colcon.colcon_core.shell:Creating package script '/home/msd/MSD2/REV4/install/my_robot/share/my_robot/package.sh'
[1.092s] INFO:colcon.colcon_core.shell:Creating package script '/home/msd/MSD2/REV4/install/my_robot/share/my_robot/package.bash'
[1.095s] INFO:colcon.colcon_core.shell:Creating package script '/home/msd/MSD2/REV4/install/my_robot/share/my_robot/package.zsh'
[1.096s] Level 1:colcon.colcon_core.environment:create_file_with_runtime_dependencies(/home/msd/MSD2/REV4/install/my_robot/share/colcon-core/packages/my_robot)
[1.097s] Level 1:colcon.colcon_core.environment:create_environment_scripts_only(my_robot)
[1.097s] Level 1:colcon.colcon_core.environment:checking '/home/msd/MSD2/REV4/install/my_robot' for CMake module files
[1.098s] Level 1:colcon.colcon_core.environment:checking '/home/msd/MSD2/REV4/install/my_robot' for CMake config files
[1.098s] Level 1:colcon.colcon_core.shell:create_environment_hook('my_robot', 'cmake_prefix_path')
[1.099s] INFO:colcon.colcon_core.shell:Creating environment hook '/home/msd/MSD2/REV4/install/my_robot/share/my_robot/hook/cmake_prefix_path.ps1'
[1.099s] INFO:colcon.colcon_core.shell:Creating environment descriptor '/home/msd/MSD2/REV4/install/my_robot/share/my_robot/hook/cmake_prefix_path.dsv'
[1.100s] INFO:colcon.colcon_core.shell:Creating environment hook '/home/msd/MSD2/REV4/install/my_robot/share/my_robot/hook/cmake_prefix_path.sh'
[1.101s] Level 1:colcon.colcon_core.environment:checking '/home/msd/MSD2/REV4/install/my_robot/bin'
[1.101s] Level 1:colcon.colcon_core.environment:checking '/home/msd/MSD2/REV4/install/my_robot/lib/pkgconfig/my_robot.pc'
[1.101s] Level 1:colcon.colcon_core.environment:checking '/home/msd/MSD2/REV4/install/my_robot/lib/python3.10/site-packages'
[1.102s] Level 1:colcon.colcon_core.environment:checking '/home/msd/MSD2/REV4/install/my_robot/bin'
[1.102s] INFO:colcon.colcon_core.shell:Creating package script '/home/msd/MSD2/REV4/install/my_robot/share/my_robot/package.ps1'
[1.103s] INFO:colcon.colcon_core.shell:Creating package descriptor '/home/msd/MSD2/REV4/install/my_robot/share/my_robot/package.dsv'
[1.104s] INFO:colcon.colcon_core.shell:Creating package script '/home/msd/MSD2/REV4/install/my_robot/share/my_robot/package.sh'
[1.105s] INFO:colcon.colcon_core.shell:Creating package script '/home/msd/MSD2/REV4/install/my_robot/share/my_robot/package.bash'
[1.106s] INFO:colcon.colcon_core.shell:Creating package script '/home/msd/MSD2/REV4/install/my_robot/share/my_robot/package.zsh'
[1.106s] Level 1:colcon.colcon_core.environment:create_file_with_runtime_dependencies(/home/msd/MSD2/REV4/install/my_robot/share/colcon-core/packages/my_robot)
[1.107s] INFO:colcon.colcon_ros.task.ament_cmake.build:Building ROS package in '/home/msd/MSD2/REV4/src/gear_manipulator_moveit_config' with build type 'ament_cmake'
[1.107s] INFO:colcon.colcon_cmake.task.cmake.build:Building CMake package in '/home/msd/MSD2/REV4/src/gear_manipulator_moveit_config'
[1.107s] INFO:colcon.colcon_core.shell:Skip shell extension 'powershell' for command environment: Not usable outside of PowerShell
[1.107s] DEBUG:colcon.colcon_core.shell:Skip shell extension 'dsv' for command environment
[1.113s] Level 1:colcon.colcon_core.environment:create_environment_scripts_only(robot_hardware)
[1.113s] Level 1:colcon.colcon_core.environment:checking '/home/msd/MSD2/REV4/install/robot_hardware' for CMake module files
[1.113s] DEBUG:colcon.colcon_core.event_handler.log_command:Invoked command in '/home/msd/MSD2/REV4/build/robot_hardware' returned '0': CMAKE_PREFIX_PATH=${CMAKE_PREFIX_PATH}:/home/msd/MSD2/msd_robot_arm_rev4/install/spotarm_assembly_description:/home/msd/MSD2/msd_robot_arm_rev4/install/robot_status_leds:/opt/ros/humble /usr/bin/cmake --install /home/msd/MSD2/REV4/build/robot_hardware
[1.114s] Level 1:colcon.colcon_core.environment:checking '/home/msd/MSD2/REV4/install/robot_hardware' for CMake config files
[1.114s] Level 1:colcon.colcon_core.shell:create_environment_hook('robot_hardware', 'cmake_prefix_path')
[1.115s] INFO:colcon.colcon_core.shell:Creating environment hook '/home/msd/MSD2/REV4/install/robot_hardware/share/robot_hardware/hook/cmake_prefix_path.ps1'
[1.115s] INFO:colcon.colcon_core.shell:Creating environment descriptor '/home/msd/MSD2/REV4/install/robot_hardware/share/robot_hardware/hook/cmake_prefix_path.dsv'
[1.115s] INFO:colcon.colcon_core.shell:Creating environment hook '/home/msd/MSD2/REV4/install/robot_hardware/share/robot_hardware/hook/cmake_prefix_path.sh'
[1.116s] Level 1:colcon.colcon_core.environment:checking '/home/msd/MSD2/REV4/install/robot_hardware/lib'
[1.116s] Level 1:colcon.colcon_core.shell:create_environment_hook('robot_hardware', 'ld_library_path_lib')
[1.116s] INFO:colcon.colcon_core.shell:Creating environment hook '/home/msd/MSD2/REV4/install/robot_hardware/share/robot_hardware/hook/ld_library_path_lib.ps1'
[1.117s] INFO:colcon.colcon_core.shell:Creating environment descriptor '/home/msd/MSD2/REV4/install/robot_hardware/share/robot_hardware/hook/ld_library_path_lib.dsv'
[1.117s] INFO:colcon.colcon_core.shell:Creating environment hook '/home/msd/MSD2/REV4/install/robot_hardware/share/robot_hardware/hook/ld_library_path_lib.sh'
[1.118s] Level 1:colcon.colcon_core.environment:checking '/home/msd/MSD2/REV4/install/robot_hardware/bin'
[1.118s] Level 1:colcon.colcon_core.environment:checking '/home/msd/MSD2/REV4/install/robot_hardware/lib/pkgconfig/robot_hardware.pc'
[1.118s] Level 1:colcon.colcon_core.environment:checking '/home/msd/MSD2/REV4/install/robot_hardware/lib/python3.10/site-packages'
[1.119s] Level 1:colcon.colcon_core.environment:checking '/home/msd/MSD2/REV4/install/robot_hardware/bin'
[1.119s] INFO:colcon.colcon_core.shell:Creating package script '/home/msd/MSD2/REV4/install/robot_hardware/share/robot_hardware/package.ps1'
[1.120s] INFO:colcon.colcon_core.shell:Creating package descriptor '/home/msd/MSD2/REV4/install/robot_hardware/share/robot_hardware/package.dsv'
[1.120s] INFO:colcon.colcon_core.shell:Creating package script '/home/msd/MSD2/REV4/install/robot_hardware/share/robot_hardware/package.sh'
[1.120s] INFO:colcon.colcon_core.shell:Creating package script '/home/msd/MSD2/REV4/install/robot_hardware/share/robot_hardware/package.bash'
[1.121s] INFO:colcon.colcon_core.shell:Creating package script '/home/msd/MSD2/REV4/install/robot_hardware/share/robot_hardware/package.zsh'
[1.121s] Level 1:colcon.colcon_core.environment:create_file_with_runtime_dependencies(/home/msd/MSD2/REV4/install/robot_hardware/share/colcon-core/packages/robot_hardware)
[1.122s] Level 1:colcon.colcon_core.environment:create_environment_scripts_only(robot_hardware)
[1.122s] Level 1:colcon.colcon_core.environment:checking '/home/msd/MSD2/REV4/install/robot_hardware' for CMake module files
[1.122s] Level 1:colcon.colcon_core.environment:checking '/home/msd/MSD2/REV4/install/robot_hardware' for CMake config files
[1.123s] Level 1:colcon.colcon_core.shell:create_environment_hook('robot_hardware', 'cmake_prefix_path')
[1.123s] INFO:colcon.colcon_core.shell:Creating environment hook '/home/msd/MSD2/REV4/install/robot_hardware/share/robot_hardware/hook/cmake_prefix_path.ps1'
[1.123s] INFO:colcon.colcon_core.shell:Creating environment descriptor '/home/msd/MSD2/REV4/install/robot_hardware/share/robot_hardware/hook/cmake_prefix_path.dsv'
[1.124s] INFO:colcon.colcon_core.shell:Creating environment hook '/home/msd/MSD2/REV4/install/robot_hardware/share/robot_hardware/hook/cmake_prefix_path.sh'
[1.124s] Level 1:colcon.colcon_core.environment:checking '/home/msd/MSD2/REV4/install/robot_hardware/lib'
[1.124s] Level 1:colcon.colcon_core.shell:create_environment_hook('robot_hardware', 'ld_library_path_lib')
[1.124s] INFO:colcon.colcon_core.shell:Creating environment hook '/home/msd/MSD2/REV4/install/robot_hardware/share/robot_hardware/hook/ld_library_path_lib.ps1'
[1.125s] INFO:colcon.colcon_core.shell:Creating environment descriptor '/home/msd/MSD2/REV4/install/robot_hardware/share/robot_hardware/hook/ld_library_path_lib.dsv'
[1.125s] INFO:colcon.colcon_core.shell:Creating environment hook '/home/msd/MSD2/REV4/install/robot_hardware/share/robot_hardware/hook/ld_library_path_lib.sh'
[1.126s] Level 1:colcon.colcon_core.environment:checking '/home/msd/MSD2/REV4/install/robot_hardware/bin'
[1.126s] Level 1:colcon.colcon_core.environment:checking '/home/msd/MSD2/REV4/install/robot_hardware/lib/pkgconfig/robot_hardware.pc'
[1.127s] Level 1:colcon.colcon_core.environment:checking '/home/msd/MSD2/REV4/install/robot_hardware/lib/python3.10/site-packages'
[1.127s] Level 1:colcon.colcon_core.environment:checking '/home/msd/MSD2/REV4/install/robot_hardware/bin'
[1.128s] INFO:colcon.colcon_core.shell:Creating package script '/home/msd/MSD2/REV4/install/robot_hardware/share/robot_hardware/package.ps1'
[1.128s] INFO:colcon.colcon_core.shell:Creating package descriptor '/home/msd/MSD2/REV4/install/robot_hardware/share/robot_hardware/package.dsv'
[1.129s] INFO:colcon.colcon_core.shell:Creating package script '/home/msd/MSD2/REV4/install/robot_hardware/share/robot_hardware/package.sh'
[1.129s] INFO:colcon.colcon_core.shell:Creating package script '/home/msd/MSD2/REV4/install/robot_hardware/share/robot_hardware/package.bash'
[1.130s] INFO:colcon.colcon_core.shell:Creating package script '/home/msd/MSD2/REV4/install/robot_hardware/share/robot_hardware/package.zsh'
[1.130s] Level 1:colcon.colcon_core.environment:create_file_with_runtime_dependencies(/home/msd/MSD2/REV4/install/robot_hardware/share/colcon-core/packages/robot_hardware)
[1.132s] Level 1:colcon.colcon_core.environment:create_environment_scripts_only(robot_commander)
[1.132s] Level 1:colcon.colcon_core.environment:checking '/home/msd/MSD2/REV4/install/robot_commander' for CMake module files
[1.133s] DEBUG:colcon.colcon_core.event_handler.log_command:Invoked command in '/home/msd/MSD2/REV4/build/robot_commander' returned '0': CMAKE_PREFIX_PATH=${CMAKE_PREFIX_PATH}:/home/msd/MSD2/msd_robot_arm_rev4/install/spotarm_assembly_description:/home/msd/MSD2/msd_robot_arm_rev4/install/robot_status_leds:/opt/ros/humble /usr/bin/cmake --install /home/msd/MSD2/REV4/build/robot_commander
[1.133s] Level 1:colcon.colcon_core.environment:checking '/home/msd/MSD2/REV4/install/robot_commander' for CMake config files
[1.134s] Level 1:colcon.colcon_core.shell:create_environment_hook('robot_commander', 'cmake_prefix_path')
[1.134s] INFO:colcon.colcon_core.shell:Creating environment hook '/home/msd/MSD2/REV4/install/robot_commander/share/robot_commander/hook/cmake_prefix_path.ps1'
[1.135s] INFO:colcon.colcon_core.shell:Creating environment descriptor '/home/msd/MSD2/REV4/install/robot_commander/share/robot_commander/hook/cmake_prefix_path.dsv'
[1.136s] INFO:colcon.colcon_core.shell:Creating environment hook '/home/msd/MSD2/REV4/install/robot_commander/share/robot_commander/hook/cmake_prefix_path.sh'
[1.136s] Level 1:colcon.colcon_core.environment:checking '/home/msd/MSD2/REV4/install/robot_commander/lib'
[1.137s] Level 1:colcon.colcon_core.environment:checking '/home/msd/MSD2/REV4/install/robot_commander/bin'
[1.137s] Level 1:colcon.colcon_core.environment:checking '/home/msd/MSD2/REV4/install/robot_commander/lib/pkgconfig/robot_commander.pc'
[1.137s] Level 1:colcon.colcon_core.environment:checking '/home/msd/MSD2/REV4/install/robot_commander/lib/python3.10/site-packages'
[1.137s] Level 1:colcon.colcon_core.environment:checking '/home/msd/MSD2/REV4/install/robot_commander/bin'
[1.138s] INFO:colcon.colcon_core.shell:Creating package script '/home/msd/MSD2/REV4/install/robot_commander/share/robot_commander/package.ps1'
[1.138s] INFO:colcon.colcon_core.shell:Creating package descriptor '/home/msd/MSD2/REV4/install/robot_commander/share/robot_commander/package.dsv'
[1.139s] INFO:colcon.colcon_core.shell:Creating package script '/home/msd/MSD2/REV4/install/robot_commander/share/robot_commander/package.sh'
[1.139s] INFO:colcon.colcon_core.shell:Creating package script '/home/msd/MSD2/REV4/install/robot_commander/share/robot_commander/package.bash'
[1.140s] INFO:colcon.colcon_core.shell:Creating package script '/home/msd/MSD2/REV4/install/robot_commander/share/robot_commander/package.zsh'
[1.140s] Level 1:colcon.colcon_core.environment:create_file_with_runtime_dependencies(/home/msd/MSD2/REV4/install/robot_commander/share/colcon-core/packages/robot_commander)
[1.141s] Level 1:colcon.colcon_core.environment:create_environment_scripts_only(robot_commander)
[1.141s] Level 1:colcon.colcon_core.environment:checking '/home/msd/MSD2/REV4/install/robot_commander' for CMake module files
[1.142s] Level 1:colcon.colcon_core.environment:checking '/home/msd/MSD2/REV4/install/robot_commander' for CMake config files
[1.142s] Level 1:colcon.colcon_core.shell:create_environment_hook('robot_commander', 'cmake_prefix_path')
[1.143s] INFO:colcon.colcon_core.shell:Creating environment hook '/home/msd/MSD2/REV4/install/robot_commander/share/robot_commander/hook/cmake_prefix_path.ps1'
[1.143s] INFO:colcon.colcon_core.shell:Creating environment descriptor '/home/msd/MSD2/REV4/install/robot_commander/share/robot_commander/hook/cmake_prefix_path.dsv'
[1.144s] INFO:colcon.colcon_core.shell:Creating environment hook '/home/msd/MSD2/REV4/install/robot_commander/share/robot_commander/hook/cmake_prefix_path.sh'
[1.145s] Level 1:colcon.colcon_core.environment:checking '/home/msd/MSD2/REV4/install/robot_commander/lib'
[1.146s] Level 1:colcon.colcon_core.environment:checking '/home/msd/MSD2/REV4/install/robot_commander/bin'
[1.146s] Level 1:colcon.colcon_core.environment:checking '/home/msd/MSD2/REV4/install/robot_commander/lib/pkgconfig/robot_commander.pc'
[1.146s] Level 1:colcon.colcon_core.environment:checking '/home/msd/MSD2/REV4/install/robot_commander/lib/python3.10/site-packages'
[1.146s] Level 1:colcon.colcon_core.environment:checking '/home/msd/MSD2/REV4/install/robot_commander/bin'
[1.147s] INFO:colcon.colcon_core.shell:Creating package script '/home/msd/MSD2/REV4/install/robot_commander/share/robot_commander/package.ps1'
[1.147s] INFO:colcon.colcon_core.shell:Creating package descriptor '/home/msd/MSD2/REV4/install/robot_commander/share/robot_commander/package.dsv'
[1.148s] INFO:colcon.colcon_core.shell:Creating package script '/home/msd/MSD2/REV4/install/robot_commander/share/robot_commander/package.sh'
[1.148s] INFO:colcon.colcon_core.shell:Creating package script '/home/msd/MSD2/REV4/install/robot_commander/share/robot_commander/package.bash'
[1.149s] INFO:colcon.colcon_core.shell:Creating package script '/home/msd/MSD2/REV4/install/robot_commander/share/robot_commander/package.zsh'
[1.149s] Level 1:colcon.colcon_core.environment:create_file_with_runtime_dependencies(/home/msd/MSD2/REV4/install/robot_commander/share/colcon-core/packages/robot_commander)
[1.149s] Level 1:colcon.colcon_core.environment:create_environment_scripts_only(marge)
[1.150s] Level 1:colcon.colcon_core.environment:checking '/home/msd/MSD2/REV4/install/marge' for CMake module files
[1.151s] DEBUG:colcon.colcon_core.event_handler.log_command:Invoked command in '/home/msd/MSD2/REV4/build/marge' returned '0': CMAKE_PREFIX_PATH=${CMAKE_PREFIX_PATH}:/home/msd/MSD2/msd_robot_arm_rev4/install/spotarm_assembly_description:/home/msd/MSD2/msd_robot_arm_rev4/install/robot_status_leds:/opt/ros/humble /usr/bin/cmake --install /home/msd/MSD2/REV4/build/marge
[1.151s] Level 1:colcon.colcon_core.environment:checking '/home/msd/MSD2/REV4/install/marge' for CMake config files
[1.151s] Level 1:colcon.colcon_core.shell:create_environment_hook('marge', 'cmake_prefix_path')
[1.152s] INFO:colcon.colcon_core.shell:Creating environment hook '/home/msd/MSD2/REV4/install/marge/share/marge/hook/cmake_prefix_path.ps1'
[1.152s] INFO:colcon.colcon_core.shell:Creating environment descriptor '/home/msd/MSD2/REV4/install/marge/share/marge/hook/cmake_prefix_path.dsv'
[1.152s] INFO:colcon.colcon_core.shell:Creating environment hook '/home/msd/MSD2/REV4/install/marge/share/marge/hook/cmake_prefix_path.sh'
[1.153s] Level 1:colcon.colcon_core.environment:checking '/home/msd/MSD2/REV4/install/marge/lib'
[1.153s] Level 1:colcon.colcon_core.shell:create_environment_hook('marge', 'ld_library_path_lib')
[1.153s] INFO:colcon.colcon_core.shell:Creating environment hook '/home/msd/MSD2/REV4/install/marge/share/marge/hook/ld_library_path_lib.ps1'
[1.154s] INFO:colcon.colcon_core.shell:Creating environment descriptor '/home/msd/MSD2/REV4/install/marge/share/marge/hook/ld_library_path_lib.dsv'
[1.154s] INFO:colcon.colcon_core.shell:Creating environment hook '/home/msd/MSD2/REV4/install/marge/share/marge/hook/ld_library_path_lib.sh'
[1.154s] Level 1:colcon.colcon_core.environment:checking '/home/msd/MSD2/REV4/install/marge/bin'
[1.154s] Level 1:colcon.colcon_core.environment:checking '/home/msd/MSD2/REV4/install/marge/lib/pkgconfig/marge.pc'
[1.155s] Level 1:colcon.colcon_core.environment:checking '/home/msd/MSD2/REV4/install/marge/lib/python3.10/site-packages'
[1.155s] Level 1:colcon.colcon_core.environment:checking '/home/msd/MSD2/REV4/install/marge/bin'
[1.155s] INFO:colcon.colcon_core.shell:Creating package script '/home/msd/MSD2/REV4/install/marge/share/marge/package.ps1'
[1.156s] INFO:colcon.colcon_core.shell:Creating package descriptor '/home/msd/MSD2/REV4/install/marge/share/marge/package.dsv'
[1.156s] INFO:colcon.colcon_core.shell:Creating package script '/home/msd/MSD2/REV4/install/marge/share/marge/package.sh'
[1.157s] INFO:colcon.colcon_core.shell:Creating package script '/home/msd/MSD2/REV4/install/marge/share/marge/package.bash'
[1.157s] INFO:colcon.colcon_core.shell:Creating package script '/home/msd/MSD2/REV4/install/marge/share/marge/package.zsh'
[1.157s] Level 1:colcon.colcon_core.environment:create_file_with_runtime_dependencies(/home/msd/MSD2/REV4/install/marge/share/colcon-core/packages/marge)
[1.158s] Level 1:colcon.colcon_core.environment:create_environment_scripts_only(marge)
[1.158s] Level 1:colcon.colcon_core.environment:checking '/home/msd/MSD2/REV4/install/marge' for CMake module files
[1.159s] Level 1:colcon.colcon_core.environment:checking '/home/msd/MSD2/REV4/install/marge' for CMake config files
[1.159s] Level 1:colcon.colcon_core.shell:create_environment_hook('marge', 'cmake_prefix_path')
[1.159s] INFO:colcon.colcon_core.shell:Creating environment hook '/home/msd/MSD2/REV4/install/marge/share/marge/hook/cmake_prefix_path.ps1'
[1.160s] INFO:colcon.colcon_core.shell:Creating environment descriptor '/home/msd/MSD2/REV4/install/marge/share/marge/hook/cmake_prefix_path.dsv'
[1.160s] INFO:colcon.colcon_core.shell:Creating environment hook '/home/msd/MSD2/REV4/install/marge/share/marge/hook/cmake_prefix_path.sh'
[1.161s] Level 1:colcon.colcon_core.environment:checking '/home/msd/MSD2/REV4/install/marge/lib'
[1.161s] Level 1:colcon.colcon_core.shell:create_environment_hook('marge', 'ld_library_path_lib')
[1.161s] INFO:colcon.colcon_core.shell:Creating environment hook '/home/msd/MSD2/REV4/install/marge/share/marge/hook/ld_library_path_lib.ps1'
[1.162s] INFO:colcon.colcon_core.shell:Creating environment descriptor '/home/msd/MSD2/REV4/install/marge/share/marge/hook/ld_library_path_lib.dsv'
[1.162s] INFO:colcon.colcon_core.shell:Creating environment hook '/home/msd/MSD2/REV4/install/marge/share/marge/hook/ld_library_path_lib.sh'
[1.162s] Level 1:colcon.colcon_core.environment:checking '/home/msd/MSD2/REV4/install/marge/bin'
[1.162s] Level 1:colcon.colcon_core.environment:checking '/home/msd/MSD2/REV4/install/marge/lib/pkgconfig/marge.pc'
[1.163s] Level 1:colcon.colcon_core.environment:checking '/home/msd/MSD2/REV4/install/marge/lib/python3.10/site-packages'
[1.163s] Level 1:colcon.colcon_core.environment:checking '/home/msd/MSD2/REV4/install/marge/bin'
[1.163s] INFO:colcon.colcon_core.shell:Creating package script '/home/msd/MSD2/REV4/install/marge/share/marge/package.ps1'
[1.164s] INFO:colcon.colcon_core.shell:Creating package descriptor '/home/msd/MSD2/REV4/install/marge/share/marge/package.dsv'
[1.165s] INFO:colcon.colcon_core.shell:Creating package script '/home/msd/MSD2/REV4/install/marge/share/marge/package.sh'
[1.166s] INFO:colcon.colcon_core.shell:Creating package script '/home/msd/MSD2/REV4/install/marge/share/marge/package.bash'
[1.167s] INFO:colcon.colcon_core.shell:Creating package script '/home/msd/MSD2/REV4/install/marge/share/marge/package.zsh'
[1.167s] Level 1:colcon.colcon_core.environment:create_file_with_runtime_dependencies(/home/msd/MSD2/REV4/install/marge/share/colcon-core/packages/marge)
[1.168s] DEBUG:colcon.colcon_core.event_handler.log_command:Invoked command in '/home/msd/MSD2/REV4/build/stepper_test' returned '0': CMAKE_PREFIX_PATH=${CMAKE_PREFIX_PATH}:/home/msd/MSD2/msd_robot_arm_rev4/install/spotarm_assembly_description:/home/msd/MSD2/msd_robot_arm_rev4/install/robot_status_leds:/opt/ros/humble /usr/bin/cmake --build /home/msd/MSD2/REV4/build/stepper_test -- -j8 -l8
[1.171s] DEBUG:colcon.colcon_core.event_handler.log_command:Invoking command in '/home/msd/MSD2/REV4/build/stepper_test': CMAKE_PREFIX_PATH=${CMAKE_PREFIX_PATH}:/home/msd/MSD2/msd_robot_arm_rev4/install/spotarm_assembly_description:/home/msd/MSD2/msd_robot_arm_rev4/install/robot_status_leds:/opt/ros/humble /usr/bin/cmake --install /home/msd/MSD2/REV4/build/stepper_test
[1.171s] Level 1:colcon.colcon_core.environment:create_environment_scripts_only(robot_servoing)
[1.172s] Level 1:colcon.colcon_core.environment:checking '/home/msd/MSD2/REV4/install/robot_servoing' for CMake module files
[1.173s] DEBUG:colcon.colcon_core.event_handler.log_command:Invoked command in '/home/msd/MSD2/REV4/build/robot_servoing' returned '0': CMAKE_PREFIX_PATH=${CMAKE_PREFIX_PATH}:/home/msd/MSD2/msd_robot_arm_rev4/install/spotarm_assembly_description:/home/msd/MSD2/msd_robot_arm_rev4/install/robot_status_leds:/opt/ros/humble /usr/bin/cmake --install /home/msd/MSD2/REV4/build/robot_servoing
[1.173s] Level 1:colcon.colcon_core.environment:checking '/home/msd/MSD2/REV4/install/robot_servoing' for CMake config files
[1.174s] Level 1:colcon.colcon_core.shell:create_environment_hook('robot_servoing', 'cmake_prefix_path')
[1.174s] INFO:colcon.colcon_core.shell:Creating environment hook '/home/msd/MSD2/REV4/install/robot_servoing/share/robot_servoing/hook/cmake_prefix_path.ps1'
[1.175s] INFO:colcon.colcon_core.shell:Creating environment descriptor '/home/msd/MSD2/REV4/install/robot_servoing/share/robot_servoing/hook/cmake_prefix_path.dsv'
[1.176s] INFO:colcon.colcon_core.shell:Creating environment hook '/home/msd/MSD2/REV4/install/robot_servoing/share/robot_servoing/hook/cmake_prefix_path.sh'
[1.177s] Level 1:colcon.colcon_core.environment:checking '/home/msd/MSD2/REV4/install/robot_servoing/lib'
[1.177s] Level 1:colcon.colcon_core.shell:create_environment_hook('robot_servoing', 'ld_library_path_lib')
[1.178s] INFO:colcon.colcon_core.shell:Creating environment hook '/home/msd/MSD2/REV4/install/robot_servoing/share/robot_servoing/hook/ld_library_path_lib.ps1'
[1.179s] INFO:colcon.colcon_core.shell:Creating environment descriptor '/home/msd/MSD2/REV4/install/robot_servoing/share/robot_servoing/hook/ld_library_path_lib.dsv'
[1.180s] INFO:colcon.colcon_core.shell:Creating environment hook '/home/msd/MSD2/REV4/install/robot_servoing/share/robot_servoing/hook/ld_library_path_lib.sh'
[1.181s] Level 1:colcon.colcon_core.environment:checking '/home/msd/MSD2/REV4/install/robot_servoing/bin'
[1.181s] Level 1:colcon.colcon_core.environment:checking '/home/msd/MSD2/REV4/install/robot_servoing/lib/pkgconfig/robot_servoing.pc'
[1.181s] Level 1:colcon.colcon_core.environment:checking '/home/msd/MSD2/REV4/install/robot_servoing/lib/python3.10/site-packages'
[1.182s] Level 1:colcon.colcon_core.environment:checking '/home/msd/MSD2/REV4/install/robot_servoing/bin'
[1.182s] INFO:colcon.colcon_core.shell:Creating package script '/home/msd/MSD2/REV4/install/robot_servoing/share/robot_servoing/package.ps1'
[1.183s] INFO:colcon.colcon_core.shell:Creating package descriptor '/home/msd/MSD2/REV4/install/robot_servoing/share/robot_servoing/package.dsv'
[1.184s] INFO:colcon.colcon_core.shell:Creating package script '/home/msd/MSD2/REV4/install/robot_servoing/share/robot_servoing/package.sh'
[1.185s] INFO:colcon.colcon_core.shell:Creating package script '/home/msd/MSD2/REV4/install/robot_servoing/share/robot_servoing/package.bash'
[1.185s] INFO:colcon.colcon_core.shell:Creating package script '/home/msd/MSD2/REV4/install/robot_servoing/share/robot_servoing/package.zsh'
[1.186s] Level 1:colcon.colcon_core.environment:create_file_with_runtime_dependencies(/home/msd/MSD2/REV4/install/robot_servoing/share/colcon-core/packages/robot_servoing)
[1.187s] Level 1:colcon.colcon_core.environment:create_environment_scripts_only(robot_servoing)
[1.187s] Level 1:colcon.colcon_core.environment:checking '/home/msd/MSD2/REV4/install/robot_servoing' for CMake module files
[1.188s] Level 1:colcon.colcon_core.environment:checking '/home/msd/MSD2/REV4/install/robot_servoing' for CMake config files
[1.188s] Level 1:colcon.colcon_core.shell:create_environment_hook('robot_servoing', 'cmake_prefix_path')
[1.189s] INFO:colcon.colcon_core.shell:Creating environment hook '/home/msd/MSD2/REV4/install/robot_servoing/share/robot_servoing/hook/cmake_prefix_path.ps1'
[1.189s] INFO:colcon.colcon_core.shell:Creating environment descriptor '/home/msd/MSD2/REV4/install/robot_servoing/share/robot_servoing/hook/cmake_prefix_path.dsv'
[1.190s] INFO:colcon.colcon_core.shell:Creating environment hook '/home/msd/MSD2/REV4/install/robot_servoing/share/robot_servoing/hook/cmake_prefix_path.sh'
[1.191s] Level 1:colcon.colcon_core.environment:checking '/home/msd/MSD2/REV4/install/robot_servoing/lib'
[1.191s] Level 1:colcon.colcon_core.shell:create_environment_hook('robot_servoing', 'ld_library_path_lib')
[1.191s] INFO:colcon.colcon_core.shell:Creating environment hook '/home/msd/MSD2/REV4/install/robot_servoing/share/robot_servoing/hook/ld_library_path_lib.ps1'
[1.192s] INFO:colcon.colcon_core.shell:Creating environment descriptor '/home/msd/MSD2/REV4/install/robot_servoing/share/robot_servoing/hook/ld_library_path_lib.dsv'
[1.192s] INFO:colcon.colcon_core.shell:Creating environment hook '/home/msd/MSD2/REV4/install/robot_servoing/share/robot_servoing/hook/ld_library_path_lib.sh'
[1.193s] Level 1:colcon.colcon_core.environment:checking '/home/msd/MSD2/REV4/install/robot_servoing/bin'
[1.193s] Level 1:colcon.colcon_core.environment:checking '/home/msd/MSD2/REV4/install/robot_servoing/lib/pkgconfig/robot_servoing.pc'
[1.193s] Level 1:colcon.colcon_core.environment:checking '/home/msd/MSD2/REV4/install/robot_servoing/lib/python3.10/site-packages'
[1.194s] Level 1:colcon.colcon_core.environment:checking '/home/msd/MSD2/REV4/install/robot_servoing/bin'
[1.194s] INFO:colcon.colcon_core.shell:Creating package script '/home/msd/MSD2/REV4/install/robot_servoing/share/robot_servoing/package.ps1'
[1.196s] INFO:colcon.colcon_core.shell:Creating package descriptor '/home/msd/MSD2/REV4/install/robot_servoing/share/robot_servoing/package.dsv'
[1.197s] INFO:colcon.colcon_core.shell:Creating package script '/home/msd/MSD2/REV4/install/robot_servoing/share/robot_servoing/package.sh'
[1.198s] INFO:colcon.colcon_core.shell:Creating package script '/home/msd/MSD2/REV4/install/robot_servoing/share/robot_servoing/package.bash'
[1.199s] INFO:colcon.colcon_core.shell:Creating package script '/home/msd/MSD2/REV4/install/robot_servoing/share/robot_servoing/package.zsh'
[1.199s] Level 1:colcon.colcon_core.environment:create_file_with_runtime_dependencies(/home/msd/MSD2/REV4/install/robot_servoing/share/colcon-core/packages/robot_servoing)
[1.207s] Level 1:colcon.colcon_core.environment:create_environment_scripts_only(stepper_test)
[1.207s] Level 1:colcon.colcon_core.environment:checking '/home/msd/MSD2/REV4/install/stepper_test' for CMake module files
[1.208s] DEBUG:colcon.colcon_core.event_handler.log_command:Invoking command in '/home/msd/MSD2/REV4/build/gear_manipulator_moveit_config': AMENT_PREFIX_PATH=/home/msd/MSD2/REV4/install/my_robot:${AMENT_PREFIX_PATH} CMAKE_PREFIX_PATH=/home/msd/MSD2/REV4/install/my_robot:/home/msd/MSD2/msd_robot_arm_rev4/install/stepper_test:/home/msd/MSD2/msd_robot_arm_rev4/install/robot_bringup:/home/msd/MSD2/msd_robot_arm_rev4/install/robot_moveit_config:/home/msd/MSD2/msd_robot_arm_rev4/install/robot_servoing:/home/msd/MSD2/msd_robot_arm_rev4/install/robot_hardware:/home/msd/MSD2/msd_robot_arm_rev4/install/robot_commander:/home/msd/MSD2/msd_robot_arm_rev4/install/marge:/home/msd/MSD2/msd_robot_arm_rev4/install/spotarm_assembly_description:/home/msd/MSD2/msd_robot_arm_rev4/install/robot_status_leds:/opt/ros/humble /usr/bin/cmake --build /home/msd/MSD2/REV4/build/gear_manipulator_moveit_config -- -j8 -l8
[1.209s] DEBUG:colcon.colcon_core.event_handler.log_command:Invoked command in '/home/msd/MSD2/REV4/build/stepper_test' returned '0': CMAKE_PREFIX_PATH=${CMAKE_PREFIX_PATH}:/home/msd/MSD2/msd_robot_arm_rev4/install/spotarm_assembly_description:/home/msd/MSD2/msd_robot_arm_rev4/install/robot_status_leds:/opt/ros/humble /usr/bin/cmake --install /home/msd/MSD2/REV4/build/stepper_test
[1.209s] Level 1:colcon.colcon_core.environment:checking '/home/msd/MSD2/REV4/install/stepper_test' for CMake config files
[1.210s] Level 1:colcon.colcon_core.shell:create_environment_hook('stepper_test', 'cmake_prefix_path')
[1.210s] INFO:colcon.colcon_core.shell:Creating environment hook '/home/msd/MSD2/REV4/install/stepper_test/share/stepper_test/hook/cmake_prefix_path.ps1'
[1.212s] INFO:colcon.colcon_core.shell:Creating environment descriptor '/home/msd/MSD2/REV4/install/stepper_test/share/stepper_test/hook/cmake_prefix_path.dsv'
[1.213s] INFO:colcon.colcon_core.shell:Creating environment hook '/home/msd/MSD2/REV4/install/stepper_test/share/stepper_test/hook/cmake_prefix_path.sh'
[1.214s] Level 1:colcon.colcon_core.environment:checking '/home/msd/MSD2/REV4/install/stepper_test/lib'
[1.214s] Level 1:colcon.colcon_core.environment:checking '/home/msd/MSD2/REV4/install/stepper_test/bin'
[1.214s] Level 1:colcon.colcon_core.environment:checking '/home/msd/MSD2/REV4/install/stepper_test/lib/pkgconfig/stepper_test.pc'
[1.215s] Level 1:colcon.colcon_core.environment:checking '/home/msd/MSD2/REV4/install/stepper_test/lib/python3.10/site-packages'
[1.215s] Level 1:colcon.colcon_core.environment:checking '/home/msd/MSD2/REV4/install/stepper_test/bin'
[1.216s] INFO:colcon.colcon_core.shell:Creating package script '/home/msd/MSD2/REV4/install/stepper_test/share/stepper_test/package.ps1'
[1.217s] INFO:colcon.colcon_core.shell:Creating package descriptor '/home/msd/MSD2/REV4/install/stepper_test/share/stepper_test/package.dsv'
[1.217s] INFO:colcon.colcon_core.shell:Creating package script '/home/msd/MSD2/REV4/install/stepper_test/share/stepper_test/package.sh'
[1.218s] INFO:colcon.colcon_core.shell:Creating package script '/home/msd/MSD2/REV4/install/stepper_test/share/stepper_test/package.bash'
[1.218s] INFO:colcon.colcon_core.shell:Creating package script '/home/msd/MSD2/REV4/install/stepper_test/share/stepper_test/package.zsh'
[1.219s] Level 1:colcon.colcon_core.environment:create_file_with_runtime_dependencies(/home/msd/MSD2/REV4/install/stepper_test/share/colcon-core/packages/stepper_test)
[1.220s] Level 1:colcon.colcon_core.environment:create_environment_scripts_only(stepper_test)
[1.220s] Level 1:colcon.colcon_core.environment:checking '/home/msd/MSD2/REV4/install/stepper_test' for CMake module files
[1.221s] Level 1:colcon.colcon_core.environment:checking '/home/msd/MSD2/REV4/install/stepper_test' for CMake config files
[1.221s] Level 1:colcon.colcon_core.shell:create_environment_hook('stepper_test', 'cmake_prefix_path')
[1.222s] INFO:colcon.colcon_core.shell:Creating environment hook '/home/msd/MSD2/REV4/install/stepper_test/share/stepper_test/hook/cmake_prefix_path.ps1'
[1.222s] INFO:colcon.colcon_core.shell:Creating environment descriptor '/home/msd/MSD2/REV4/install/stepper_test/share/stepper_test/hook/cmake_prefix_path.dsv'
[1.223s] INFO:colcon.colcon_core.shell:Creating environment hook '/home/msd/MSD2/REV4/install/stepper_test/share/stepper_test/hook/cmake_prefix_path.sh'
[1.224s] Level 1:colcon.colcon_core.environment:checking '/home/msd/MSD2/REV4/install/stepper_test/lib'
[1.224s] Level 1:colcon.colcon_core.environment:checking '/home/msd/MSD2/REV4/install/stepper_test/bin'
[1.224s] Level 1:colcon.colcon_core.environment:checking '/home/msd/MSD2/REV4/install/stepper_test/lib/pkgconfig/stepper_test.pc'
[1.224s] Level 1:colcon.colcon_core.environment:checking '/home/msd/MSD2/REV4/install/stepper_test/lib/python3.10/site-packages'
[1.225s] Level 1:colcon.colcon_core.environment:checking '/home/msd/MSD2/REV4/install/stepper_test/bin'
[1.225s] INFO:colcon.colcon_core.shell:Creating package script '/home/msd/MSD2/REV4/install/stepper_test/share/stepper_test/package.ps1'
[1.226s] INFO:colcon.colcon_core.shell:Creating package descriptor '/home/msd/MSD2/REV4/install/stepper_test/share/stepper_test/package.dsv'
[1.228s] INFO:colcon.colcon_core.shell:Creating package script '/home/msd/MSD2/REV4/install/stepper_test/share/stepper_test/package.sh'
[1.229s] INFO:colcon.colcon_core.shell:Creating package script '/home/msd/MSD2/REV4/install/stepper_test/share/stepper_test/package.bash'
[1.230s] INFO:colcon.colcon_core.shell:Creating package script '/home/msd/MSD2/REV4/install/stepper_test/share/stepper_test/package.zsh'
[1.231s] Level 1:colcon.colcon_core.environment:create_file_with_runtime_dependencies(/home/msd/MSD2/REV4/install/stepper_test/share/colcon-core/packages/stepper_test)
[1.247s] DEBUG:colcon.colcon_core.event_handler.log_command:Invoked command in '/home/msd/MSD2/REV4/build/gear_manipulator_moveit_config' returned '0': AMENT_PREFIX_PATH=/home/msd/MSD2/REV4/install/my_robot:${AMENT_PREFIX_PATH} CMAKE_PREFIX_PATH=/home/msd/MSD2/REV4/install/my_robot:/home/msd/MSD2/msd_robot_arm_rev4/install/stepper_test:/home/msd/MSD2/msd_robot_arm_rev4/install/robot_bringup:/home/msd/MSD2/msd_robot_arm_rev4/install/robot_moveit_config:/home/msd/MSD2/msd_robot_arm_rev4/install/robot_servoing:/home/msd/MSD2/msd_robot_arm_rev4/install/robot_hardware:/home/msd/MSD2/msd_robot_arm_rev4/install/robot_commander:/home/msd/MSD2/msd_robot_arm_rev4/install/marge:/home/msd/MSD2/msd_robot_arm_rev4/install/spotarm_assembly_description:/home/msd/MSD2/msd_robot_arm_rev4/install/robot_status_leds:/opt/ros/humble /usr/bin/cmake --build /home/msd/MSD2/REV4/build/gear_manipulator_moveit_config -- -j8 -l8
[1.249s] DEBUG:colcon.colcon_core.event_handler.log_command:Invoking command in '/home/msd/MSD2/REV4/build/gear_manipulator_moveit_config': AMENT_PREFIX_PATH=/home/msd/MSD2/REV4/install/my_robot:${AMENT_PREFIX_PATH} CMAKE_PREFIX_PATH=/home/msd/MSD2/REV4/install/my_robot:/home/msd/MSD2/msd_robot_arm_rev4/install/stepper_test:/home/msd/MSD2/msd_robot_arm_rev4/install/robot_bringup:/home/msd/MSD2/msd_robot_arm_rev4/install/robot_moveit_config:/home/msd/MSD2/msd_robot_arm_rev4/install/robot_servoing:/home/msd/MSD2/msd_robot_arm_rev4/install/robot_hardware:/home/msd/MSD2/msd_robot_arm_rev4/install/robot_commander:/home/msd/MSD2/msd_robot_arm_rev4/install/marge:/home/msd/MSD2/msd_robot_arm_rev4/install/spotarm_assembly_description:/home/msd/MSD2/msd_robot_arm_rev4/install/robot_status_leds:/opt/ros/humble /usr/bin/cmake --install /home/msd/MSD2/REV4/build/gear_manipulator_moveit_config
[1.278s] Level 1:colcon.colcon_core.environment:create_environment_scripts_only(gear_manipulator_moveit_config)
[1.279s] Level 1:colcon.colcon_core.environment:checking '/home/msd/MSD2/REV4/install/gear_manipulator_moveit_config' for CMake module files
[1.280s] DEBUG:colcon.colcon_core.event_handler.log_command:Invoked command in '/home/msd/MSD2/REV4/build/gear_manipulator_moveit_config' returned '0': AMENT_PREFIX_PATH=/home/msd/MSD2/REV4/install/my_robot:${AMENT_PREFIX_PATH} CMAKE_PREFIX_PATH=/home/msd/MSD2/REV4/install/my_robot:/home/msd/MSD2/msd_robot_arm_rev4/install/stepper_test:/home/msd/MSD2/msd_robot_arm_rev4/install/robot_bringup:/home/msd/MSD2/msd_robot_arm_rev4/install/robot_moveit_config:/home/msd/MSD2/msd_robot_arm_rev4/install/robot_servoing:/home/msd/MSD2/msd_robot_arm_rev4/install/robot_hardware:/home/msd/MSD2/msd_robot_arm_rev4/install/robot_commander:/home/msd/MSD2/msd_robot_arm_rev4/install/marge:/home/msd/MSD2/msd_robot_arm_rev4/install/spotarm_assembly_description:/home/msd/MSD2/msd_robot_arm_rev4/install/robot_status_leds:/opt/ros/humble /usr/bin/cmake --install /home/msd/MSD2/REV4/build/gear_manipulator_moveit_config
[1.281s] Level 1:colcon.colcon_core.environment:checking '/home/msd/MSD2/REV4/install/gear_manipulator_moveit_config' for CMake config files
[1.281s] Level 1:colcon.colcon_core.shell:create_environment_hook('gear_manipulator_moveit_config', 'cmake_prefix_path')
[1.282s] INFO:colcon.colcon_core.shell:Creating environment hook '/home/msd/MSD2/REV4/install/gear_manipulator_moveit_config/share/gear_manipulator_moveit_config/hook/cmake_prefix_path.ps1'
[1.282s] INFO:colcon.colcon_core.shell:Creating environment descriptor '/home/msd/MSD2/REV4/install/gear_manipulator_moveit_config/share/gear_manipulator_moveit_config/hook/cmake_prefix_path.dsv'
[1.283s] INFO:colcon.colcon_core.shell:Creating environment hook '/home/msd/MSD2/REV4/install/gear_manipulator_moveit_config/share/gear_manipulator_moveit_config/hook/cmake_prefix_path.sh'
[1.284s] Level 1:colcon.colcon_core.environment:checking '/home/msd/MSD2/REV4/install/gear_manipulator_moveit_config/bin'
[1.284s] Level 1:colcon.colcon_core.environment:checking '/home/msd/MSD2/REV4/install/gear_manipulator_moveit_config/lib/pkgconfig/gear_manipulator_moveit_config.pc'
[1.284s] Level 1:colcon.colcon_core.environment:checking '/home/msd/MSD2/REV4/install/gear_manipulator_moveit_config/lib/python3.10/site-packages'
[1.285s] Level 1:colcon.colcon_core.environment:checking '/home/msd/MSD2/REV4/install/gear_manipulator_moveit_config/bin'
[1.285s] INFO:colcon.colcon_core.shell:Creating package script '/home/msd/MSD2/REV4/install/gear_manipulator_moveit_config/share/gear_manipulator_moveit_config/package.ps1'
[1.286s] INFO:colcon.colcon_core.shell:Creating package descriptor '/home/msd/MSD2/REV4/install/gear_manipulator_moveit_config/share/gear_manipulator_moveit_config/package.dsv'
[1.287s] INFO:colcon.colcon_core.shell:Creating package script '/home/msd/MSD2/REV4/install/gear_manipulator_moveit_config/share/gear_manipulator_moveit_config/package.sh'
[1.287s] INFO:colcon.colcon_core.shell:Creating package script '/home/msd/MSD2/REV4/install/gear_manipulator_moveit_config/share/gear_manipulator_moveit_config/package.bash'
[1.288s] INFO:colcon.colcon_core.shell:Creating package script '/home/msd/MSD2/REV4/install/gear_manipulator_moveit_config/share/gear_manipulator_moveit_config/package.zsh'
[1.288s] Level 1:colcon.colcon_core.environment:create_file_with_runtime_dependencies(/home/msd/MSD2/REV4/install/gear_manipulator_moveit_config/share/colcon-core/packages/gear_manipulator_moveit_config)
[1.289s] Level 1:colcon.colcon_core.environment:create_environment_scripts_only(gear_manipulator_moveit_config)
[1.290s] Level 1:colcon.colcon_core.environment:checking '/home/msd/MSD2/REV4/install/gear_manipulator_moveit_config' for CMake module files
[1.290s] Level 1:colcon.colcon_core.environment:checking '/home/msd/MSD2/REV4/install/gear_manipulator_moveit_config' for CMake config files
[1.291s] Level 1:colcon.colcon_core.shell:create_environment_hook('gear_manipulator_moveit_config', 'cmake_prefix_path')
[1.291s] INFO:colcon.colcon_core.shell:Creating environment hook '/home/msd/MSD2/REV4/install/gear_manipulator_moveit_config/share/gear_manipulator_moveit_config/hook/cmake_prefix_path.ps1'
[1.292s] INFO:colcon.colcon_core.shell:Creating environment descriptor '/home/msd/MSD2/REV4/install/gear_manipulator_moveit_config/share/gear_manipulator_moveit_config/hook/cmake_prefix_path.dsv'
[1.292s] INFO:colcon.colcon_core.shell:Creating environment hook '/home/msd/MSD2/REV4/install/gear_manipulator_moveit_config/share/gear_manipulator_moveit_config/hook/cmake_prefix_path.sh'
[1.293s] Level 1:colcon.colcon_core.environment:checking '/home/msd/MSD2/REV4/install/gear_manipulator_moveit_config/bin'
[1.293s] Level 1:colcon.colcon_core.environment:checking '/home/msd/MSD2/REV4/install/gear_manipulator_moveit_config/lib/pkgconfig/gear_manipulator_moveit_config.pc'
[1.294s] Level 1:colcon.colcon_core.environment:checking '/home/msd/MSD2/REV4/install/gear_manipulator_moveit_config/lib/python3.10/site-packages'
[1.294s] Level 1:colcon.colcon_core.environment:checking '/home/msd/MSD2/REV4/install/gear_manipulator_moveit_config/bin'
[1.295s] INFO:colcon.colcon_core.shell:Creating package script '/home/msd/MSD2/REV4/install/gear_manipulator_moveit_config/share/gear_manipulator_moveit_config/package.ps1'
[1.296s] INFO:colcon.colcon_core.shell:Creating package descriptor '/home/msd/MSD2/REV4/install/gear_manipulator_moveit_config/share/gear_manipulator_moveit_config/package.dsv'
[1.296s] INFO:colcon.colcon_core.shell:Creating package script '/home/msd/MSD2/REV4/install/gear_manipulator_moveit_config/share/gear_manipulator_moveit_config/package.sh'
[1.297s] INFO:colcon.colcon_core.shell:Creating package script '/home/msd/MSD2/REV4/install/gear_manipulator_moveit_config/share/gear_manipulator_moveit_config/package.bash'
[1.298s] INFO:colcon.colcon_core.shell:Creating package script '/home/msd/MSD2/REV4/install/gear_manipulator_moveit_config/share/gear_manipulator_moveit_config/package.zsh'
[1.298s] Level 1:colcon.colcon_core.environment:create_file_with_runtime_dependencies(/home/msd/MSD2/REV4/install/gear_manipulator_moveit_config/share/colcon-core/packages/gear_manipulator_moveit_config)
[1.493s] DEBUG:colcon.colcon_core.event_handler.log_command:Invoking command in '/home/msd/MSD2/REV4/src/robot_status_leds': PYTHONPATH=/home/msd/MSD2/REV4/build/robot_status_leds/prefix_override:/usr/lib/python3/dist-packages/colcon_core/task/python/colcon_distutils_commands:/home/msd/MSD2/REV4/install/robot_status_leds/lib/python3.10/site-packages:${PYTHONPATH} /usr/bin/python3 -W ignore:setup.py install is deprecated -W ignore:easy_install command is deprecated setup.py egg_info --egg-base ../../build/robot_status_leds build --build-base /home/msd/MSD2/REV4/build/robot_status_leds/build install --record /home/msd/MSD2/REV4/build/robot_status_leds/install.log --single-version-externally-managed install_data
[1.498s] DEBUG:colcon.colcon_core.event_handler.log_command:Invoking command in '/home/msd/MSD2/REV4/src/spotarm_assembly_description': PYTHONPATH=/home/msd/MSD2/REV4/build/spotarm_assembly_description/prefix_override:/usr/lib/python3/dist-packages/colcon_core/task/python/colcon_distutils_commands:/home/msd/MSD2/REV4/install/spotarm_assembly_description/lib/python3.10/site-packages:${PYTHONPATH} /usr/bin/python3 -W ignore:setup.py install is deprecated -W ignore:easy_install command is deprecated setup.py egg_info --egg-base ../../build/spotarm_assembly_description build --build-base /home/msd/MSD2/REV4/build/spotarm_assembly_description/build install --record /home/msd/MSD2/REV4/build/spotarm_assembly_description/install.log --install-scripts $base/lib/spotarm_assembly_description --single-version-externally-managed install_data
[1.807s] Level 1:colcon.colcon_core.environment:checking '/home/msd/MSD2/REV4/install/robot_status_leds' for CMake module files
[1.808s] DEBUG:colcon.colcon_core.event_handler.log_command:Invoked command in '/home/msd/MSD2/REV4/src/robot_status_leds' returned '0': PYTHONPATH=/home/msd/MSD2/REV4/build/robot_status_leds/prefix_override:/usr/lib/python3/dist-packages/colcon_core/task/python/colcon_distutils_commands:/home/msd/MSD2/REV4/install/robot_status_leds/lib/python3.10/site-packages:${PYTHONPATH} /usr/bin/python3 -W ignore:setup.py install is deprecated -W ignore:easy_install command is deprecated setup.py egg_info --egg-base ../../build/robot_status_leds build --build-base /home/msd/MSD2/REV4/build/robot_status_leds/build install --record /home/msd/MSD2/REV4/build/robot_status_leds/install.log --single-version-externally-managed install_data
[1.808s] Level 1:colcon.colcon_core.environment:checking '/home/msd/MSD2/REV4/install/robot_status_leds' for CMake config files
[1.809s] Level 1:colcon.colcon_core.environment:checking '/home/msd/MSD2/REV4/install/robot_status_leds/lib'
[1.809s] Level 1:colcon.colcon_core.environment:checking '/home/msd/MSD2/REV4/install/robot_status_leds/bin'
[1.809s] Level 1:colcon.colcon_core.environment:checking '/home/msd/MSD2/REV4/install/robot_status_leds/lib/pkgconfig/robot_status_leds.pc'
[1.809s] Level 1:colcon.colcon_core.environment:checking '/home/msd/MSD2/REV4/install/robot_status_leds/lib/python3.10/site-packages'
[1.809s] Level 1:colcon.colcon_core.shell:create_environment_hook('robot_status_leds', 'pythonpath')
[1.810s] INFO:colcon.colcon_core.shell:Creating environment hook '/home/msd/MSD2/REV4/install/robot_status_leds/share/robot_status_leds/hook/pythonpath.ps1'
[1.810s] INFO:colcon.colcon_core.shell:Creating environment descriptor '/home/msd/MSD2/REV4/install/robot_status_leds/share/robot_status_leds/hook/pythonpath.dsv'
[1.811s] INFO:colcon.colcon_core.shell:Creating environment hook '/home/msd/MSD2/REV4/install/robot_status_leds/share/robot_status_leds/hook/pythonpath.sh'
[1.811s] Level 1:colcon.colcon_core.environment:checking '/home/msd/MSD2/REV4/install/robot_status_leds/bin'
[1.811s] Level 1:colcon.colcon_core.environment:create_environment_scripts_only(robot_status_leds)
[1.812s] INFO:colcon.colcon_core.shell:Creating package script '/home/msd/MSD2/REV4/install/robot_status_leds/share/robot_status_leds/package.ps1'
[1.812s] INFO:colcon.colcon_core.shell:Creating package descriptor '/home/msd/MSD2/REV4/install/robot_status_leds/share/robot_status_leds/package.dsv'
[1.813s] INFO:colcon.colcon_core.shell:Creating package script '/home/msd/MSD2/REV4/install/robot_status_leds/share/robot_status_leds/package.sh'
[1.813s] INFO:colcon.colcon_core.shell:Creating package script '/home/msd/MSD2/REV4/install/robot_status_leds/share/robot_status_leds/package.bash'
[1.814s] INFO:colcon.colcon_core.shell:Creating package script '/home/msd/MSD2/REV4/install/robot_status_leds/share/robot_status_leds/package.zsh'
[1.814s] Level 1:colcon.colcon_core.environment:create_file_with_runtime_dependencies(/home/msd/MSD2/REV4/install/robot_status_leds/share/colcon-core/packages/robot_status_leds)
[1.814s] Level 1:colcon.colcon_core.environment:checking '/home/msd/MSD2/REV4/install/spotarm_assembly_description' for CMake module files
[1.815s] Level 1:colcon.colcon_core.environment:checking '/home/msd/MSD2/REV4/install/spotarm_assembly_description' for CMake config files
[1.815s] DEBUG:colcon.colcon_core.event_handler.log_command:Invoked command in '/home/msd/MSD2/REV4/src/spotarm_assembly_description' returned '0': PYTHONPATH=/home/msd/MSD2/REV4/build/spotarm_assembly_description/prefix_override:/usr/lib/python3/dist-packages/colcon_core/task/python/colcon_distutils_commands:/home/msd/MSD2/REV4/install/spotarm_assembly_description/lib/python3.10/site-packages:${PYTHONPATH} /usr/bin/python3 -W ignore:setup.py install is deprecated -W ignore:easy_install command is deprecated setup.py egg_info --egg-base ../../build/spotarm_assembly_description build --build-base /home/msd/MSD2/REV4/build/spotarm_assembly_description/build install --record /home/msd/MSD2/REV4/build/spotarm_assembly_description/install.log --install-scripts $base/lib/spotarm_assembly_description --single-version-externally-managed install_data
[1.816s] Level 1:colcon.colcon_core.environment:checking '/home/msd/MSD2/REV4/install/spotarm_assembly_description/lib'
[1.816s] Level 1:colcon.colcon_core.environment:checking '/home/msd/MSD2/REV4/install/spotarm_assembly_description/bin'
[1.817s] Level 1:colcon.colcon_core.environment:checking '/home/msd/MSD2/REV4/install/spotarm_assembly_description/lib/pkgconfig/spotarm_assembly_description.pc'
[1.817s] Level 1:colcon.colcon_core.environment:checking '/home/msd/MSD2/REV4/install/spotarm_assembly_description/lib/python3.10/site-packages'
[1.817s] Level 1:colcon.colcon_core.shell:create_environment_hook('spotarm_assembly_description', 'pythonpath')
[1.817s] INFO:colcon.colcon_core.shell:Creating environment hook '/home/msd/MSD2/REV4/install/spotarm_assembly_description/share/spotarm_assembly_description/hook/pythonpath.ps1'
[1.817s] INFO:colcon.colcon_core.shell:Creating environment descriptor '/home/msd/MSD2/REV4/install/spotarm_assembly_description/share/spotarm_assembly_description/hook/pythonpath.dsv'
[1.818s] INFO:colcon.colcon_core.shell:Creating environment hook '/home/msd/MSD2/REV4/install/spotarm_assembly_description/share/spotarm_assembly_description/hook/pythonpath.sh'
[1.818s] Level 1:colcon.colcon_core.environment:checking '/home/msd/MSD2/REV4/install/spotarm_assembly_description/bin'
[1.819s] Level 1:colcon.colcon_core.environment:create_environment_scripts_only(spotarm_assembly_description)
[1.819s] INFO:colcon.colcon_core.shell:Creating package script '/home/msd/MSD2/REV4/install/spotarm_assembly_description/share/spotarm_assembly_description/package.ps1'
[1.819s] INFO:colcon.colcon_core.shell:Creating package descriptor '/home/msd/MSD2/REV4/install/spotarm_assembly_description/share/spotarm_assembly_description/package.dsv'
[1.820s] INFO:colcon.colcon_core.shell:Creating package script '/home/msd/MSD2/REV4/install/spotarm_assembly_description/share/spotarm_assembly_description/package.sh'
[1.820s] INFO:colcon.colcon_core.shell:Creating package script '/home/msd/MSD2/REV4/install/spotarm_assembly_description/share/spotarm_assembly_description/package.bash'
[1.821s] INFO:colcon.colcon_core.shell:Creating package script '/home/msd/MSD2/REV4/install/spotarm_assembly_description/share/spotarm_assembly_description/package.zsh'
[1.821s] Level 1:colcon.colcon_core.environment:create_file_with_runtime_dependencies(/home/msd/MSD2/REV4/install/spotarm_assembly_description/share/colcon-core/packages/spotarm_assembly_description)
[1.821s] INFO:colcon.colcon_ros.task.ament_cmake.build:Building ROS package in '/home/msd/MSD2/REV4/src/robot_moveit_config' with build type 'ament_cmake'
[1.822s] INFO:colcon.colcon_cmake.task.cmake.build:Building CMake package in '/home/msd/MSD2/REV4/src/robot_moveit_config'
[1.822s] INFO:colcon.colcon_core.shell:Skip shell extension 'powershell' for command environment: Not usable outside of PowerShell
[1.822s] DEBUG:colcon.colcon_core.shell:Skip shell extension 'dsv' for command environment
[1.832s] DEBUG:colcon.colcon_core.event_handler.log_command:Invoking command in '/home/msd/MSD2/REV4/build/robot_moveit_config': AMENT_PREFIX_PATH=/home/msd/MSD2/REV4/install/spotarm_assembly_description:${AMENT_PREFIX_PATH} CMAKE_PREFIX_PATH=${CMAKE_PREFIX_PATH}:/home/msd/MSD2/msd_robot_arm_rev4/install/spotarm_assembly_description:/home/msd/MSD2/msd_robot_arm_rev4/install/robot_status_leds:/opt/ros/humble PYTHONPATH=/home/msd/MSD2/REV4/install/spotarm_assembly_description/lib/python3.10/site-packages:${PYTHONPATH} /usr/bin/cmake --build /home/msd/MSD2/REV4/build/robot_moveit_config -- -j8 -l8
[1.872s] DEBUG:colcon.colcon_core.event_handler.log_command:Invoked command in '/home/msd/MSD2/REV4/build/robot_moveit_config' returned '0': AMENT_PREFIX_PATH=/home/msd/MSD2/REV4/install/spotarm_assembly_description:${AMENT_PREFIX_PATH} CMAKE_PREFIX_PATH=${CMAKE_PREFIX_PATH}:/home/msd/MSD2/msd_robot_arm_rev4/install/spotarm_assembly_description:/home/msd/MSD2/msd_robot_arm_rev4/install/robot_status_leds:/opt/ros/humble PYTHONPATH=/home/msd/MSD2/REV4/install/spotarm_assembly_description/lib/python3.10/site-packages:${PYTHONPATH} /usr/bin/cmake --build /home/msd/MSD2/REV4/build/robot_moveit_config -- -j8 -l8
[1.873s] DEBUG:colcon.colcon_core.event_handler.log_command:Invoking command in '/home/msd/MSD2/REV4/build/robot_moveit_config': AMENT_PREFIX_PATH=/home/msd/MSD2/REV4/install/spotarm_assembly_description:${AMENT_PREFIX_PATH} CMAKE_PREFIX_PATH=${CMAKE_PREFIX_PATH}:/home/msd/MSD2/msd_robot_arm_rev4/install/spotarm_assembly_description:/home/msd/MSD2/msd_robot_arm_rev4/install/robot_status_leds:/opt/ros/humble PYTHONPATH=/home/msd/MSD2/REV4/install/spotarm_assembly_description/lib/python3.10/site-packages:${PYTHONPATH} /usr/bin/cmake --install /home/msd/MSD2/REV4/build/robot_moveit_config
[1.899s] Level 1:colcon.colcon_core.environment:create_environment_scripts_only(robot_moveit_config)
[1.899s] Level 1:colcon.colcon_core.environment:checking '/home/msd/MSD2/REV4/install/robot_moveit_config' for CMake module files
[1.900s] DEBUG:colcon.colcon_core.event_handler.log_command:Invoked command in '/home/msd/MSD2/REV4/build/robot_moveit_config' returned '0': AMENT_PREFIX_PATH=/home/msd/MSD2/REV4/install/spotarm_assembly_description:${AMENT_PREFIX_PATH} CMAKE_PREFIX_PATH=${CMAKE_PREFIX_PATH}:/home/msd/MSD2/msd_robot_arm_rev4/install/spotarm_assembly_description:/home/msd/MSD2/msd_robot_arm_rev4/install/robot_status_leds:/opt/ros/humble PYTHONPATH=/home/msd/MSD2/REV4/install/spotarm_assembly_description/lib/python3.10/site-packages:${PYTHONPATH} /usr/bin/cmake --install /home/msd/MSD2/REV4/build/robot_moveit_config
[1.900s] Level 1:colcon.colcon_core.environment:checking '/home/msd/MSD2/REV4/install/robot_moveit_config' for CMake config files
[1.901s] Level 1:colcon.colcon_core.shell:create_environment_hook('robot_moveit_config', 'cmake_prefix_path')
[1.901s] INFO:colcon.colcon_core.shell:Creating environment hook '/home/msd/MSD2/REV4/install/robot_moveit_config/share/robot_moveit_config/hook/cmake_prefix_path.ps1'
[1.901s] INFO:colcon.colcon_core.shell:Creating environment descriptor '/home/msd/MSD2/REV4/install/robot_moveit_config/share/robot_moveit_config/hook/cmake_prefix_path.dsv'
[1.902s] INFO:colcon.colcon_core.shell:Creating environment hook '/home/msd/MSD2/REV4/install/robot_moveit_config/share/robot_moveit_config/hook/cmake_prefix_path.sh'
[1.902s] Level 1:colcon.colcon_core.environment:checking '/home/msd/MSD2/REV4/install/robot_moveit_config/bin'
[1.902s] Level 1:colcon.colcon_core.environment:checking '/home/msd/MSD2/REV4/install/robot_moveit_config/lib/pkgconfig/robot_moveit_config.pc'
[1.902s] Level 1:colcon.colcon_core.environment:checking '/home/msd/MSD2/REV4/install/robot_moveit_config/lib/python3.10/site-packages'
[1.903s] Level 1:colcon.colcon_core.environment:checking '/home/msd/MSD2/REV4/install/robot_moveit_config/bin'
[1.903s] INFO:colcon.colcon_core.shell:Creating package script '/home/msd/MSD2/REV4/install/robot_moveit_config/share/robot_moveit_config/package.ps1'
[1.903s] INFO:colcon.colcon_core.shell:Creating package descriptor '/home/msd/MSD2/REV4/install/robot_moveit_config/share/robot_moveit_config/package.dsv'
[1.904s] INFO:colcon.colcon_core.shell:Creating package script '/home/msd/MSD2/REV4/install/robot_moveit_config/share/robot_moveit_config/package.sh'
[1.904s] INFO:colcon.colcon_core.shell:Creating package script '/home/msd/MSD2/REV4/install/robot_moveit_config/share/robot_moveit_config/package.bash'
[1.905s] INFO:colcon.colcon_core.shell:Creating package script '/home/msd/MSD2/REV4/install/robot_moveit_config/share/robot_moveit_config/package.zsh'
[1.905s] Level 1:colcon.colcon_core.environment:create_file_with_runtime_dependencies(/home/msd/MSD2/REV4/install/robot_moveit_config/share/colcon-core/packages/robot_moveit_config)
[1.905s] Level 1:colcon.colcon_core.environment:create_environment_scripts_only(robot_moveit_config)
[1.906s] Level 1:colcon.colcon_core.environment:checking '/home/msd/MSD2/REV4/install/robot_moveit_config' for CMake module files
[1.906s] Level 1:colcon.colcon_core.environment:checking '/home/msd/MSD2/REV4/install/robot_moveit_config' for CMake config files
[1.906s] Level 1:colcon.colcon_core.shell:create_environment_hook('robot_moveit_config', 'cmake_prefix_path')
[1.907s] INFO:colcon.colcon_core.shell:Creating environment hook '/home/msd/MSD2/REV4/install/robot_moveit_config/share/robot_moveit_config/hook/cmake_prefix_path.ps1'
[1.907s] INFO:colcon.colcon_core.shell:Creating environment descriptor '/home/msd/MSD2/REV4/install/robot_moveit_config/share/robot_moveit_config/hook/cmake_prefix_path.dsv'
[1.907s] INFO:colcon.colcon_core.shell:Creating environment hook '/home/msd/MSD2/REV4/install/robot_moveit_config/share/robot_moveit_config/hook/cmake_prefix_path.sh'
[1.908s] Level 1:colcon.colcon_core.environment:checking '/home/msd/MSD2/REV4/install/robot_moveit_config/bin'
[1.908s] Level 1:colcon.colcon_core.environment:checking '/home/msd/MSD2/REV4/install/robot_moveit_config/lib/pkgconfig/robot_moveit_config.pc'
[1.908s] Level 1:colcon.colcon_core.environment:checking '/home/msd/MSD2/REV4/install/robot_moveit_config/lib/python3.10/site-packages'
[1.908s] Level 1:colcon.colcon_core.environment:checking '/home/msd/MSD2/REV4/install/robot_moveit_config/bin'
[1.909s] INFO:colcon.colcon_core.shell:Creating package script '/home/msd/MSD2/REV4/install/robot_moveit_config/share/robot_moveit_config/package.ps1'
[1.909s] INFO:colcon.colcon_core.shell:Creating package descriptor '/home/msd/MSD2/REV4/install/robot_moveit_config/share/robot_moveit_config/package.dsv'
[1.910s] INFO:colcon.colcon_core.shell:Creating package script '/home/msd/MSD2/REV4/install/robot_moveit_config/share/robot_moveit_config/package.sh'
[1.910s] INFO:colcon.colcon_core.shell:Creating package script '/home/msd/MSD2/REV4/install/robot_moveit_config/share/robot_moveit_config/package.bash'
[1.911s] INFO:colcon.colcon_core.shell:Creating package script '/home/msd/MSD2/REV4/install/robot_moveit_config/share/robot_moveit_config/package.zsh'
[1.911s] Level 1:colcon.colcon_core.environment:create_file_with_runtime_dependencies(/home/msd/MSD2/REV4/install/robot_moveit_config/share/colcon-core/packages/robot_moveit_config)
[1.911s] INFO:colcon.colcon_ros.task.ament_cmake.build:Building ROS package in '/home/msd/MSD2/REV4/src/robot_bringup' with build type 'ament_cmake'
[1.912s] INFO:colcon.colcon_cmake.task.cmake.build:Building CMake package in '/home/msd/MSD2/REV4/src/robot_bringup'
[1.912s] INFO:colcon.colcon_core.shell:Skip shell extension 'powershell' for command environment: Not usable outside of PowerShell
[1.912s] DEBUG:colcon.colcon_core.shell:Skip shell extension 'dsv' for command environment
[1.922s] DEBUG:colcon.colcon_core.event_handler.log_command:Invoking command in '/home/msd/MSD2/REV4/build/robot_bringup': AMENT_PREFIX_PATH=/home/msd/MSD2/REV4/install/robot_moveit_config:/home/msd/MSD2/REV4/install/spotarm_assembly_description:${AMENT_PREFIX_PATH} CMAKE_PREFIX_PATH=/home/msd/MSD2/REV4/install/robot_moveit_config:/home/msd/MSD2/msd_robot_arm_rev4/install/stepper_test:/home/msd/MSD2/msd_robot_arm_rev4/install/robot_bringup:/home/msd/MSD2/msd_robot_arm_rev4/install/robot_moveit_config:/home/msd/MSD2/msd_robot_arm_rev4/install/robot_servoing:/home/msd/MSD2/msd_robot_arm_rev4/install/robot_hardware:/home/msd/MSD2/msd_robot_arm_rev4/install/robot_commander:/home/msd/MSD2/msd_robot_arm_rev4/install/marge:/home/msd/MSD2/msd_robot_arm_rev4/install/spotarm_assembly_description:/home/msd/MSD2/msd_robot_arm_rev4/install/robot_status_leds:/opt/ros/humble PYTHONPATH=/home/msd/MSD2/REV4/install/spotarm_assembly_description/lib/python3.10/site-packages:${PYTHONPATH} /usr/bin/cmake --build /home/msd/MSD2/REV4/build/robot_bringup -- -j8 -l8
[1.959s] DEBUG:colcon.colcon_core.event_handler.log_command:Invoked command in '/home/msd/MSD2/REV4/build/robot_bringup' returned '0': AMENT_PREFIX_PATH=/home/msd/MSD2/REV4/install/robot_moveit_config:/home/msd/MSD2/REV4/install/spotarm_assembly_description:${AMENT_PREFIX_PATH} CMAKE_PREFIX_PATH=/home/msd/MSD2/REV4/install/robot_moveit_config:/home/msd/MSD2/msd_robot_arm_rev4/install/stepper_test:/home/msd/MSD2/msd_robot_arm_rev4/install/robot_bringup:/home/msd/MSD2/msd_robot_arm_rev4/install/robot_moveit_config:/home/msd/MSD2/msd_robot_arm_rev4/install/robot_servoing:/home/msd/MSD2/msd_robot_arm_rev4/install/robot_hardware:/home/msd/MSD2/msd_robot_arm_rev4/install/robot_commander:/home/msd/MSD2/msd_robot_arm_rev4/install/marge:/home/msd/MSD2/msd_robot_arm_rev4/install/spotarm_assembly_description:/home/msd/MSD2/msd_robot_arm_rev4/install/robot_status_leds:/opt/ros/humble PYTHONPATH=/home/msd/MSD2/REV4/install/spotarm_assembly_description/lib/python3.10/site-packages:${PYTHONPATH} /usr/bin/cmake --build /home/msd/MSD2/REV4/build/robot_bringup -- -j8 -l8
[1.962s] DEBUG:colcon.colcon_core.event_handler.log_command:Invoking command in '/home/msd/MSD2/REV4/build/robot_bringup': AMENT_PREFIX_PATH=/home/msd/MSD2/REV4/install/robot_moveit_config:/home/msd/MSD2/REV4/install/spotarm_assembly_description:${AMENT_PREFIX_PATH} CMAKE_PREFIX_PATH=/home/msd/MSD2/REV4/install/robot_moveit_config:/home/msd/MSD2/msd_robot_arm_rev4/install/stepper_test:/home/msd/MSD2/msd_robot_arm_rev4/install/robot_bringup:/home/msd/MSD2/msd_robot_arm_rev4/install/robot_moveit_config:/home/msd/MSD2/msd_robot_arm_rev4/install/robot_servoing:/home/msd/MSD2/msd_robot_arm_rev4/install/robot_hardware:/home/msd/MSD2/msd_robot_arm_rev4/install/robot_commander:/home/msd/MSD2/msd_robot_arm_rev4/install/marge:/home/msd/MSD2/msd_robot_arm_rev4/install/spotarm_assembly_description:/home/msd/MSD2/msd_robot_arm_rev4/install/robot_status_leds:/opt/ros/humble PYTHONPATH=/home/msd/MSD2/REV4/install/spotarm_assembly_description/lib/python3.10/site-packages:${PYTHONPATH} /usr/bin/cmake --install /home/msd/MSD2/REV4/build/robot_bringup
[1.982s] Level 1:colcon.colcon_core.environment:create_environment_scripts_only(robot_bringup)
[1.983s] Level 1:colcon.colcon_core.environment:checking '/home/msd/MSD2/REV4/install/robot_bringup' for CMake module files
[1.983s] DEBUG:colcon.colcon_core.event_handler.log_command:Invoked command in '/home/msd/MSD2/REV4/build/robot_bringup' returned '0': AMENT_PREFIX_PATH=/home/msd/MSD2/REV4/install/robot_moveit_config:/home/msd/MSD2/REV4/install/spotarm_assembly_description:${AMENT_PREFIX_PATH} CMAKE_PREFIX_PATH=/home/msd/MSD2/REV4/install/robot_moveit_config:/home/msd/MSD2/msd_robot_arm_rev4/install/stepper_test:/home/msd/MSD2/msd_robot_arm_rev4/install/robot_bringup:/home/msd/MSD2/msd_robot_arm_rev4/install/robot_moveit_config:/home/msd/MSD2/msd_robot_arm_rev4/install/robot_servoing:/home/msd/MSD2/msd_robot_arm_rev4/install/robot_hardware:/home/msd/MSD2/msd_robot_arm_rev4/install/robot_commander:/home/msd/MSD2/msd_robot_arm_rev4/install/marge:/home/msd/MSD2/msd_robot_arm_rev4/install/spotarm_assembly_description:/home/msd/MSD2/msd_robot_arm_rev4/install/robot_status_leds:/opt/ros/humble PYTHONPATH=/home/msd/MSD2/REV4/install/spotarm_assembly_description/lib/python3.10/site-packages:${PYTHONPATH} /usr/bin/cmake --install /home/msd/MSD2/REV4/build/robot_bringup
[1.983s] Level 1:colcon.colcon_core.environment:checking '/home/msd/MSD2/REV4/install/robot_bringup' for CMake config files
[1.984s] Level 1:colcon.colcon_core.shell:create_environment_hook('robot_bringup', 'cmake_prefix_path')
[1.984s] INFO:colcon.colcon_core.shell:Creating environment hook '/home/msd/MSD2/REV4/install/robot_bringup/share/robot_bringup/hook/cmake_prefix_path.ps1'
[1.985s] INFO:colcon.colcon_core.shell:Creating environment descriptor '/home/msd/MSD2/REV4/install/robot_bringup/share/robot_bringup/hook/cmake_prefix_path.dsv'
[1.985s] INFO:colcon.colcon_core.shell:Creating environment hook '/home/msd/MSD2/REV4/install/robot_bringup/share/robot_bringup/hook/cmake_prefix_path.sh'
[1.986s] Level 1:colcon.colcon_core.environment:checking '/home/msd/MSD2/REV4/install/robot_bringup/bin'
[1.986s] Level 1:colcon.colcon_core.environment:checking '/home/msd/MSD2/REV4/install/robot_bringup/lib/pkgconfig/robot_bringup.pc'
[1.986s] Level 1:colcon.colcon_core.environment:checking '/home/msd/MSD2/REV4/install/robot_bringup/lib/python3.10/site-packages'
[1.986s] Level 1:colcon.colcon_core.environment:checking '/home/msd/MSD2/REV4/install/robot_bringup/bin'
[1.986s] INFO:colcon.colcon_core.shell:Creating package script '/home/msd/MSD2/REV4/install/robot_bringup/share/robot_bringup/package.ps1'
[1.987s] INFO:colcon.colcon_core.shell:Creating package descriptor '/home/msd/MSD2/REV4/install/robot_bringup/share/robot_bringup/package.dsv'
[1.987s] INFO:colcon.colcon_core.shell:Creating package script '/home/msd/MSD2/REV4/install/robot_bringup/share/robot_bringup/package.sh'
[1.988s] INFO:colcon.colcon_core.shell:Creating package script '/home/msd/MSD2/REV4/install/robot_bringup/share/robot_bringup/package.bash'
[1.988s] INFO:colcon.colcon_core.shell:Creating package script '/home/msd/MSD2/REV4/install/robot_bringup/share/robot_bringup/package.zsh'
[1.988s] Level 1:colcon.colcon_core.environment:create_file_with_runtime_dependencies(/home/msd/MSD2/REV4/install/robot_bringup/share/colcon-core/packages/robot_bringup)
[1.989s] Level 1:colcon.colcon_core.environment:create_environment_scripts_only(robot_bringup)
[1.989s] Level 1:colcon.colcon_core.environment:checking '/home/msd/MSD2/REV4/install/robot_bringup' for CMake module files
[1.990s] Level 1:colcon.colcon_core.environment:checking '/home/msd/MSD2/REV4/install/robot_bringup' for CMake config files
[1.990s] Level 1:colcon.colcon_core.shell:create_environment_hook('robot_bringup', 'cmake_prefix_path')
[1.990s] INFO:colcon.colcon_core.shell:Creating environment hook '/home/msd/MSD2/REV4/install/robot_bringup/share/robot_bringup/hook/cmake_prefix_path.ps1'
[1.990s] INFO:colcon.colcon_core.shell:Creating environment descriptor '/home/msd/MSD2/REV4/install/robot_bringup/share/robot_bringup/hook/cmake_prefix_path.dsv'
[1.991s] INFO:colcon.colcon_core.shell:Creating environment hook '/home/msd/MSD2/REV4/install/robot_bringup/share/robot_bringup/hook/cmake_prefix_path.sh'
[1.991s] Level 1:colcon.colcon_core.environment:checking '/home/msd/MSD2/REV4/install/robot_bringup/bin'
[1.991s] Level 1:colcon.colcon_core.environment:checking '/home/msd/MSD2/REV4/install/robot_bringup/lib/pkgconfig/robot_bringup.pc'
[1.992s] Level 1:colcon.colcon_core.environment:checking '/home/msd/MSD2/REV4/install/robot_bringup/lib/python3.10/site-packages'
[1.992s] Level 1:colcon.colcon_core.environment:checking '/home/msd/MSD2/REV4/install/robot_bringup/bin'
[1.992s] INFO:colcon.colcon_core.shell:Creating package script '/home/msd/MSD2/REV4/install/robot_bringup/share/robot_bringup/package.ps1'
[1.993s] INFO:colcon.colcon_core.shell:Creating package descriptor '/home/msd/MSD2/REV4/install/robot_bringup/share/robot_bringup/package.dsv'
[1.993s] INFO:colcon.colcon_core.shell:Creating package script '/home/msd/MSD2/REV4/install/robot_bringup/share/robot_bringup/package.sh'
[1.994s] INFO:colcon.colcon_core.shell:Creating package script '/home/msd/MSD2/REV4/install/robot_bringup/share/robot_bringup/package.bash'
[1.994s] INFO:colcon.colcon_core.shell:Creating package script '/home/msd/MSD2/REV4/install/robot_bringup/share/robot_bringup/package.zsh'
[1.994s] Level 1:colcon.colcon_core.environment:create_file_with_runtime_dependencies(/home/msd/MSD2/REV4/install/robot_bringup/share/colcon-core/packages/robot_bringup)
[1.995s] DEBUG:colcon.colcon_parallel_executor.executor.parallel:closing loop
[1.995s] DEBUG:colcon.colcon_parallel_executor.executor.parallel:loop closed
[1.995s] DEBUG:colcon.colcon_parallel_executor.executor.parallel:run_until_complete finished with '0'
[1.995s] DEBUG:colcon.colcon_core.event_reactor:joining thread
[2.000s] INFO:colcon.colcon_core.plugin_system:Skipping extension 'colcon_notification.desktop_notification.terminal_notifier': Not used on non-Darwin systems
[2.000s] INFO:colcon.colcon_core.plugin_system:Skipping extension 'colcon_notification.desktop_notification.win32': Not used on non-Windows systems
[2.000s] INFO:colcon.colcon_notification.desktop_notification:Sending desktop notification using 'notify2'
[2.012s] DEBUG:colcon.colcon_core.event_reactor:joined thread
[2.012s] INFO:colcon.colcon_core.shell:Creating prefix script '/home/msd/MSD2/REV4/install/local_setup.ps1'
[2.013s] INFO:colcon.colcon_core.shell:Creating prefix util module '/home/msd/MSD2/REV4/install/_local_setup_util_ps1.py'
[2.014s] INFO:colcon.colcon_core.shell:Creating prefix chain script '/home/msd/MSD2/REV4/install/setup.ps1'
[2.016s] INFO:colcon.colcon_core.shell:Creating prefix script '/home/msd/MSD2/REV4/install/local_setup.sh'
[2.016s] INFO:colcon.colcon_core.shell:Creating prefix util module '/home/msd/MSD2/REV4/install/_local_setup_util_sh.py'
[2.017s] INFO:colcon.colcon_core.shell:Creating prefix chain script '/home/msd/MSD2/REV4/install/setup.sh'
[2.018s] INFO:colcon.colcon_core.shell:Creating prefix script '/home/msd/MSD2/REV4/install/local_setup.bash'
[2.018s] INFO:colcon.colcon_core.shell:Creating prefix chain script '/home/msd/MSD2/REV4/install/setup.bash'
[2.020s] INFO:colcon.colcon_core.shell:Creating prefix script '/home/msd/MSD2/REV4/install/local_setup.zsh'
[2.020s] INFO:colcon.colcon_core.shell:Creating prefix chain script '/home/msd/MSD2/REV4/install/setup.zsh'
