[0.000000] (-) TimerEvent: {}
[0.000434] (marge) JobQueued: {'identifier': 'marge', 'dependencies': OrderedDict()}
[0.000469] (my_robot) JobQueued: {'identifier': 'my_robot', 'dependencies': OrderedDict()}
[0.000496] (robot_commander) JobQueued: {'identifier': 'robot_commander', 'dependencies': OrderedDict()}
[0.000679] (robot_hardware) JobQueued: {'identifier': 'robot_hardware', 'dependencies': OrderedDict()}
[0.000699] (robot_servoing) JobQueued: {'identifier': 'robot_servoing', 'dependencies': OrderedDict()}
[0.000716] (robot_status_leds) JobQueued: {'identifier': 'robot_status_leds', 'dependencies': OrderedDict()}
[0.000733] (spotarm_assembly_description) JobQueued: {'identifier': 'spotarm_assembly_description', 'dependencies': OrderedDict()}
[0.000749] (stepper_test) JobQueued: {'identifier': 'stepper_test', 'dependencies': OrderedDict()}
[0.000765] (gear_manipulator_moveit_config) JobQueued: {'identifier': 'gear_manipulator_moveit_config', 'dependencies': OrderedDict([('my_robot', '/home/msd/MSD2/REV4/install/my_robot')])}
[0.000813] (robot_moveit_config) JobQueued: {'identifier': 'robot_moveit_config', 'dependencies': OrderedDict([('spotarm_assembly_description', '/home/msd/MSD2/REV4/install/spotarm_assembly_description')])}
[0.000831] (robot_bringup) JobQueued: {'identifier': 'robot_bringup', 'dependencies': OrderedDict([('spotarm_assembly_description', '/home/msd/MSD2/REV4/install/spotarm_assembly_description'), ('robot_moveit_config', '/home/msd/MSD2/REV4/install/robot_moveit_config')])}
[0.000851] (spotarm_assembly_description) JobStarted: {'identifier': 'spotarm_assembly_description'}
[0.007580] (my_robot) JobStarted: {'identifier': 'my_robot'}
[0.010424] (marge) JobStarted: {'identifier': 'marge'}
[0.013498] (robot_commander) JobStarted: {'identifier': 'robot_commander'}
[0.017770] (robot_hardware) JobStarted: {'identifier': 'robot_hardware'}
[0.020716] (robot_servoing) JobStarted: {'identifier': 'robot_servoing'}
[0.023301] (robot_status_leds) JobStarted: {'identifier': 'robot_status_leds'}
[0.027114] (stepper_test) JobStarted: {'identifier': 'stepper_test'}
[0.098773] (-) TimerEvent: {}
[0.199563] (-) TimerEvent: {}
[0.299635] (my_robot) JobProgress: {'identifier': 'my_robot', 'progress': 'cmake'}
[0.299800] (-) TimerEvent: {}
[0.300762] (my_robot) Command: {'cmd': ['/usr/bin/cmake', '/home/msd/MSD2/REV4/src/my_robot', '-DCMAKE_INSTALL_PREFIX=/home/msd/MSD2/REV4/install/my_robot'], 'cwd': '/home/msd/MSD2/REV4/build/my_robot', 'env': OrderedDict([('LESSOPEN', '| /usr/bin/lesspipe %s'), ('USER', 'msd'), ('XDG_SESSION_TYPE', 'wayland'), ('SHLVL', '1'), ('LD_LIBRARY_PATH', '/opt/ros/humble/opt/rviz_ogre_vendor/lib:/opt/ros/humble/lib/x86_64-linux-gnu:/opt/ros/humble/lib'), ('HOME', '/home/msd'), ('OLDPWD', '/home/msd'), ('DESKTOP_SESSION', 'ubuntu'), ('NVM_BIN', '/home/msd/.nvm/versions/node/v20.20.2/bin'), ('NVM_INC', '/home/msd/.nvm/versions/node/v20.20.2/include/node'), ('ROS_PYTHON_VERSION', '3'), ('GNOME_SHELL_SESSION_MODE', 'ubuntu'), ('GTK_MODULES', 'gail:atk-bridge'), ('SYSTEMD_EXEC_PID', '1614'), ('DBUS_SESSION_BUS_ADDRESS', 'unix:path=/run/user/1000/bus'), ('COLORTERM', 'truecolor'), ('NVM_DIR', '/home/msd/.nvm'), ('IM_CONFIG_PHASE', '1'), ('WAYLAND_DISPLAY', 'wayland-0'), ('ROS_DISTRO', 'humble'), ('LOGNAME', 'msd'), ('_', '/usr/bin/colcon'), ('ROS_VERSION', '2'), ('XDG_SESSION_CLASS', 'user'), ('USERNAME', 'msd'), ('TERM', 'xterm-256color'), ('GNOME_DESKTOP_SESSION_ID', 'this-is-deprecated'), ('ROS_LOCALHOST_ONLY', '0'), ('PATH', '/home/msd/.nvm/versions/node/v20.20.2/bin:/opt/ros/humble/bin:/usr/local/sbin:/usr/local/bin:/usr/sbin:/usr/bin:/sbin:/bin:/usr/games:/usr/local/games:/snap/bin:/snap/bin'), ('SESSION_MANAGER', 'local/msd-ThinkPad-E14:@/tmp/.ICE-unix/1576,unix/msd-ThinkPad-E14:/tmp/.ICE-unix/1576'), ('XDG_MENU_PREFIX', 'gnome-'), ('GNOME_TERMINAL_SCREEN', '/org/gnome/Terminal/screen/3d60da5e_eb95_4d77_aaed_fefa488ae096'), ('GNOME_SETUP_DISPLAY', ':1'), ('XDG_RUNTIME_DIR', '/run/user/1000'), ('DISPLAY', ':0'), ('LANG', 'en_US.UTF-8'), ('XDG_CURRENT_DESKTOP', 'ubuntu:GNOME'), ('XMODIFIERS', '@im=ibus'), ('XDG_SESSION_DESKTOP', 'ubuntu'), ('XAUTHORITY', '/run/user/1000/.mutter-Xwaylandauth.U47WV3'), ('LS_COLORS', 'rs=0:di=01;34:ln=01;36:mh=00:pi=40;33:so=01;35:do=01;35:bd=40;33;01:cd=40;33;01:or=40;31;01:mi=00:su=37;41:sg=30;43:ca=30;41:tw=30;42:ow=34;42:st=37;44:ex=01;32:*.tar=01;31:*.tgz=01;31:*.arc=01;31:*.arj=01;31:*.taz=01;31:*.lha=01;31:*.lz4=01;31:*.lzh=01;31:*.lzma=01;31:*.tlz=01;31:*.txz=01;31:*.tzo=01;31:*.t7z=01;31:*.zip=01;31:*.z=01;31:*.dz=01;31:*.gz=01;31:*.lrz=01;31:*.lz=01;31:*.lzo=01;31:*.xz=01;31:*.zst=01;31:*.tzst=01;31:*.bz2=01;31:*.bz=01;31:*.tbz=01;31:*.tbz2=01;31:*.tz=01;31:*.deb=01;31:*.rpm=01;31:*.jar=01;31:*.war=01;31:*.ear=01;31:*.sar=01;31:*.rar=01;31:*.alz=01;31:*.ace=01;31:*.zoo=01;31:*.cpio=01;31:*.7z=01;31:*.rz=01;31:*.cab=01;31:*.wim=01;31:*.swm=01;31:*.dwm=01;31:*.esd=01;31:*.jpg=01;35:*.jpeg=01;35:*.mjpg=01;35:*.mjpeg=01;35:*.gif=01;35:*.bmp=01;35:*.pbm=01;35:*.pgm=01;35:*.ppm=01;35:*.tga=01;35:*.xbm=01;35:*.xpm=01;35:*.tif=01;35:*.tiff=01;35:*.png=01;35:*.svg=01;35:*.svgz=01;35:*.mng=01;35:*.pcx=01;35:*.mov=01;35:*.mpg=01;35:*.mpeg=01;35:*.m2v=01;35:*.mkv=01;35:*.webm=01;35:*.webp=01;35:*.ogm=01;35:*.mp4=01;35:*.m4v=01;35:*.mp4v=01;35:*.vob=01;35:*.qt=01;35:*.nuv=01;35:*.wmv=01;35:*.asf=01;35:*.rm=01;35:*.rmvb=01;35:*.flc=01;35:*.avi=01;35:*.fli=01;35:*.flv=01;35:*.gl=01;35:*.dl=01;35:*.xcf=01;35:*.xwd=01;35:*.yuv=01;35:*.cgm=01;35:*.emf=01;35:*.ogv=01;35:*.ogx=01;35:*.aac=00;36:*.au=00;36:*.flac=00;36:*.m4a=00;36:*.mid=00;36:*.midi=00;36:*.mka=00;36:*.mp3=00;36:*.mpc=00;36:*.ogg=00;36:*.ra=00;36:*.wav=00;36:*.oga=00;36:*.opus=00;36:*.spx=00;36:*.xspf=00;36:'), ('GNOME_TERMINAL_SERVICE', ':1.462'), ('SSH_AGENT_LAUNCHER', 'gnome-keyring'), ('SSH_AUTH_SOCK', '/run/user/1000/keyring/ssh'), ('AMENT_PREFIX_PATH', '/opt/ros/humble'), ('SHELL', '/bin/bash'), ('QT_ACCESSIBILITY', '1'), ('GDMSESSION', 'ubuntu'), ('LESSCLOSE', '/usr/bin/lesspipe %s %s'), ('QT_IM_MODULE', 'ibus'), ('PWD', '/home/msd/MSD2/REV4/build/my_robot'), ('XDG_CONFIG_DIRS', '/etc/xdg/xdg-ubuntu:/etc/xdg'), ('NVM_CD_FLAGS', ''), ('XDG_DATA_DIRS', '/usr/share/ubuntu:/usr/local/share/:/usr/share/:/var/lib/snapd/desktop'), ('PYTHONPATH', '/opt/ros/humble/lib/python3.10/site-packages:/opt/ros/humble/local/lib/python3.10/dist-packages'), ('COLCON', '1'), ('VTE_VERSION', '6800'), ('CMAKE_PREFIX_PATH', '/opt/ros/humble')]), 'shell': False}
[0.303379] (marge) JobProgress: {'identifier': 'marge', 'progress': 'cmake'}
[0.303879] (marge) Command: {'cmd': ['/usr/bin/cmake', '/home/msd/MSD2/REV4/src/marge', '-DCMAKE_INSTALL_PREFIX=/home/msd/MSD2/REV4/install/marge'], 'cwd': '/home/msd/MSD2/REV4/build/marge', 'env': OrderedDict([('LESSOPEN', '| /usr/bin/lesspipe %s'), ('USER', 'msd'), ('XDG_SESSION_TYPE', 'wayland'), ('SHLVL', '1'), ('LD_LIBRARY_PATH', '/opt/ros/humble/opt/rviz_ogre_vendor/lib:/opt/ros/humble/lib/x86_64-linux-gnu:/opt/ros/humble/lib'), ('HOME', '/home/msd'), ('OLDPWD', '/home/msd'), ('DESKTOP_SESSION', 'ubuntu'), ('NVM_BIN', '/home/msd/.nvm/versions/node/v20.20.2/bin'), ('NVM_INC', '/home/msd/.nvm/versions/node/v20.20.2/include/node'), ('ROS_PYTHON_VERSION', '3'), ('GNOME_SHELL_SESSION_MODE', 'ubuntu'), ('GTK_MODULES', 'gail:atk-bridge'), ('SYSTEMD_EXEC_PID', '1614'), ('DBUS_SESSION_BUS_ADDRESS', 'unix:path=/run/user/1000/bus'), ('COLORTERM', 'truecolor'), ('NVM_DIR', '/home/msd/.nvm'), ('IM_CONFIG_PHASE', '1'), ('WAYLAND_DISPLAY', 'wayland-0'), ('ROS_DISTRO', 'humble'), ('LOGNAME', 'msd'), ('_', '/usr/bin/colcon'), ('ROS_VERSION', '2'), ('XDG_SESSION_CLASS', 'user'), ('USERNAME', 'msd'), ('TERM', 'xterm-256color'), ('GNOME_DESKTOP_SESSION_ID', 'this-is-deprecated'), ('ROS_LOCALHOST_ONLY', '0'), ('PATH', '/home/msd/.nvm/versions/node/v20.20.2/bin:/opt/ros/humble/bin:/usr/local/sbin:/usr/local/bin:/usr/sbin:/usr/bin:/sbin:/bin:/usr/games:/usr/local/games:/snap/bin:/snap/bin'), ('SESSION_MANAGER', 'local/msd-ThinkPad-E14:@/tmp/.ICE-unix/1576,unix/msd-ThinkPad-E14:/tmp/.ICE-unix/1576'), ('XDG_MENU_PREFIX', 'gnome-'), ('GNOME_TERMINAL_SCREEN', '/org/gnome/Terminal/screen/3d60da5e_eb95_4d77_aaed_fefa488ae096'), ('GNOME_SETUP_DISPLAY', ':1'), ('XDG_RUNTIME_DIR', '/run/user/1000'), ('DISPLAY', ':0'), ('LANG', 'en_US.UTF-8'), ('XDG_CURRENT_DESKTOP', 'ubuntu:GNOME'), ('XMODIFIERS', '@im=ibus'), ('XDG_SESSION_DESKTOP', 'ubuntu'), ('XAUTHORITY', '/run/user/1000/.mutter-Xwaylandauth.U47WV3'), ('LS_COLORS', 'rs=0:di=01;34:ln=01;36:mh=00:pi=40;33:so=01;35:do=01;35:bd=40;33;01:cd=40;33;01:or=40;31;01:mi=00:su=37;41:sg=30;43:ca=30;41:tw=30;42:ow=34;42:st=37;44:ex=01;32:*.tar=01;31:*.tgz=01;31:*.arc=01;31:*.arj=01;31:*.taz=01;31:*.lha=01;31:*.lz4=01;31:*.lzh=01;31:*.lzma=01;31:*.tlz=01;31:*.txz=01;31:*.tzo=01;31:*.t7z=01;31:*.zip=01;31:*.z=01;31:*.dz=01;31:*.gz=01;31:*.lrz=01;31:*.lz=01;31:*.lzo=01;31:*.xz=01;31:*.zst=01;31:*.tzst=01;31:*.bz2=01;31:*.bz=01;31:*.tbz=01;31:*.tbz2=01;31:*.tz=01;31:*.deb=01;31:*.rpm=01;31:*.jar=01;31:*.war=01;31:*.ear=01;31:*.sar=01;31:*.rar=01;31:*.alz=01;31:*.ace=01;31:*.zoo=01;31:*.cpio=01;31:*.7z=01;31:*.rz=01;31:*.cab=01;31:*.wim=01;31:*.swm=01;31:*.dwm=01;31:*.esd=01;31:*.jpg=01;35:*.jpeg=01;35:*.mjpg=01;35:*.mjpeg=01;35:*.gif=01;35:*.bmp=01;35:*.pbm=01;35:*.pgm=01;35:*.ppm=01;35:*.tga=01;35:*.xbm=01;35:*.xpm=01;35:*.tif=01;35:*.tiff=01;35:*.png=01;35:*.svg=01;35:*.svgz=01;35:*.mng=01;35:*.pcx=01;35:*.mov=01;35:*.mpg=01;35:*.mpeg=01;35:*.m2v=01;35:*.mkv=01;35:*.webm=01;35:*.webp=01;35:*.ogm=01;35:*.mp4=01;35:*.m4v=01;35:*.mp4v=01;35:*.vob=01;35:*.qt=01;35:*.nuv=01;35:*.wmv=01;35:*.asf=01;35:*.rm=01;35:*.rmvb=01;35:*.flc=01;35:*.avi=01;35:*.fli=01;35:*.flv=01;35:*.gl=01;35:*.dl=01;35:*.xcf=01;35:*.xwd=01;35:*.yuv=01;35:*.cgm=01;35:*.emf=01;35:*.ogv=01;35:*.ogx=01;35:*.aac=00;36:*.au=00;36:*.flac=00;36:*.m4a=00;36:*.mid=00;36:*.midi=00;36:*.mka=00;36:*.mp3=00;36:*.mpc=00;36:*.ogg=00;36:*.ra=00;36:*.wav=00;36:*.oga=00;36:*.opus=00;36:*.spx=00;36:*.xspf=00;36:'), ('GNOME_TERMINAL_SERVICE', ':1.462'), ('SSH_AGENT_LAUNCHER', 'gnome-keyring'), ('SSH_AUTH_SOCK', '/run/user/1000/keyring/ssh'), ('AMENT_PREFIX_PATH', '/opt/ros/humble'), ('SHELL', '/bin/bash'), ('QT_ACCESSIBILITY', '1'), ('GDMSESSION', 'ubuntu'), ('LESSCLOSE', '/usr/bin/lesspipe %s %s'), ('QT_IM_MODULE', 'ibus'), ('PWD', '/home/msd/MSD2/REV4/build/marge'), ('XDG_CONFIG_DIRS', '/etc/xdg/xdg-ubuntu:/etc/xdg'), ('NVM_CD_FLAGS', ''), ('XDG_DATA_DIRS', '/usr/share/ubuntu:/usr/local/share/:/usr/share/:/var/lib/snapd/desktop'), ('PYTHONPATH', '/opt/ros/humble/lib/python3.10/site-packages:/opt/ros/humble/local/lib/python3.10/dist-packages'), ('COLCON', '1'), ('VTE_VERSION', '6800'), ('CMAKE_PREFIX_PATH', '/opt/ros/humble')]), 'shell': False}
[0.305481] (robot_commander) JobProgress: {'identifier': 'robot_commander', 'progress': 'cmake'}
[0.305935] (robot_commander) Command: {'cmd': ['/usr/bin/cmake', '/home/msd/MSD2/REV4/src/robot_commander', '-DCMAKE_INSTALL_PREFIX=/home/msd/MSD2/REV4/install/robot_commander'], 'cwd': '/home/msd/MSD2/REV4/build/robot_commander', 'env': OrderedDict([('LESSOPEN', '| /usr/bin/lesspipe %s'), ('USER', 'msd'), ('XDG_SESSION_TYPE', 'wayland'), ('SHLVL', '1'), ('LD_LIBRARY_PATH', '/opt/ros/humble/opt/rviz_ogre_vendor/lib:/opt/ros/humble/lib/x86_64-linux-gnu:/opt/ros/humble/lib'), ('HOME', '/home/msd'), ('OLDPWD', '/home/msd'), ('DESKTOP_SESSION', 'ubuntu'), ('NVM_BIN', '/home/msd/.nvm/versions/node/v20.20.2/bin'), ('NVM_INC', '/home/msd/.nvm/versions/node/v20.20.2/include/node'), ('ROS_PYTHON_VERSION', '3'), ('GNOME_SHELL_SESSION_MODE', 'ubuntu'), ('GTK_MODULES', 'gail:atk-bridge'), ('SYSTEMD_EXEC_PID', '1614'), ('DBUS_SESSION_BUS_ADDRESS', 'unix:path=/run/user/1000/bus'), ('COLORTERM', 'truecolor'), ('NVM_DIR', '/home/msd/.nvm'), ('IM_CONFIG_PHASE', '1'), ('WAYLAND_DISPLAY', 'wayland-0'), ('ROS_DISTRO', 'humble'), ('LOGNAME', 'msd'), ('_', '/usr/bin/colcon'), ('ROS_VERSION', '2'), ('XDG_SESSION_CLASS', 'user'), ('USERNAME', 'msd'), ('TERM', 'xterm-256color'), ('GNOME_DESKTOP_SESSION_ID', 'this-is-deprecated'), ('ROS_LOCALHOST_ONLY', '0'), ('PATH', '/home/msd/.nvm/versions/node/v20.20.2/bin:/opt/ros/humble/bin:/usr/local/sbin:/usr/local/bin:/usr/sbin:/usr/bin:/sbin:/bin:/usr/games:/usr/local/games:/snap/bin:/snap/bin'), ('SESSION_MANAGER', 'local/msd-ThinkPad-E14:@/tmp/.ICE-unix/1576,unix/msd-ThinkPad-E14:/tmp/.ICE-unix/1576'), ('XDG_MENU_PREFIX', 'gnome-'), ('GNOME_TERMINAL_SCREEN', '/org/gnome/Terminal/screen/3d60da5e_eb95_4d77_aaed_fefa488ae096'), ('GNOME_SETUP_DISPLAY', ':1'), ('XDG_RUNTIME_DIR', '/run/user/1000'), ('DISPLAY', ':0'), ('LANG', 'en_US.UTF-8'), ('XDG_CURRENT_DESKTOP', 'ubuntu:GNOME'), ('XMODIFIERS', '@im=ibus'), ('XDG_SESSION_DESKTOP', 'ubuntu'), ('XAUTHORITY', '/run/user/1000/.mutter-Xwaylandauth.U47WV3'), ('LS_COLORS', 'rs=0:di=01;34:ln=01;36:mh=00:pi=40;33:so=01;35:do=01;35:bd=40;33;01:cd=40;33;01:or=40;31;01:mi=00:su=37;41:sg=30;43:ca=30;41:tw=30;42:ow=34;42:st=37;44:ex=01;32:*.tar=01;31:*.tgz=01;31:*.arc=01;31:*.arj=01;31:*.taz=01;31:*.lha=01;31:*.lz4=01;31:*.lzh=01;31:*.lzma=01;31:*.tlz=01;31:*.txz=01;31:*.tzo=01;31:*.t7z=01;31:*.zip=01;31:*.z=01;31:*.dz=01;31:*.gz=01;31:*.lrz=01;31:*.lz=01;31:*.lzo=01;31:*.xz=01;31:*.zst=01;31:*.tzst=01;31:*.bz2=01;31:*.bz=01;31:*.tbz=01;31:*.tbz2=01;31:*.tz=01;31:*.deb=01;31:*.rpm=01;31:*.jar=01;31:*.war=01;31:*.ear=01;31:*.sar=01;31:*.rar=01;31:*.alz=01;31:*.ace=01;31:*.zoo=01;31:*.cpio=01;31:*.7z=01;31:*.rz=01;31:*.cab=01;31:*.wim=01;31:*.swm=01;31:*.dwm=01;31:*.esd=01;31:*.jpg=01;35:*.jpeg=01;35:*.mjpg=01;35:*.mjpeg=01;35:*.gif=01;35:*.bmp=01;35:*.pbm=01;35:*.pgm=01;35:*.ppm=01;35:*.tga=01;35:*.xbm=01;35:*.xpm=01;35:*.tif=01;35:*.tiff=01;35:*.png=01;35:*.svg=01;35:*.svgz=01;35:*.mng=01;35:*.pcx=01;35:*.mov=01;35:*.mpg=01;35:*.mpeg=01;35:*.m2v=01;35:*.mkv=01;35:*.webm=01;35:*.webp=01;35:*.ogm=01;35:*.mp4=01;35:*.m4v=01;35:*.mp4v=01;35:*.vob=01;35:*.qt=01;35:*.nuv=01;35:*.wmv=01;35:*.asf=01;35:*.rm=01;35:*.rmvb=01;35:*.flc=01;35:*.avi=01;35:*.fli=01;35:*.flv=01;35:*.gl=01;35:*.dl=01;35:*.xcf=01;35:*.xwd=01;35:*.yuv=01;35:*.cgm=01;35:*.emf=01;35:*.ogv=01;35:*.ogx=01;35:*.aac=00;36:*.au=00;36:*.flac=00;36:*.m4a=00;36:*.mid=00;36:*.midi=00;36:*.mka=00;36:*.mp3=00;36:*.mpc=00;36:*.ogg=00;36:*.ra=00;36:*.wav=00;36:*.oga=00;36:*.opus=00;36:*.spx=00;36:*.xspf=00;36:'), ('GNOME_TERMINAL_SERVICE', ':1.462'), ('SSH_AGENT_LAUNCHER', 'gnome-keyring'), ('SSH_AUTH_SOCK', '/run/user/1000/keyring/ssh'), ('AMENT_PREFIX_PATH', '/opt/ros/humble'), ('SHELL', '/bin/bash'), ('QT_ACCESSIBILITY', '1'), ('GDMSESSION', 'ubuntu'), ('LESSCLOSE', '/usr/bin/lesspipe %s %s'), ('QT_IM_MODULE', 'ibus'), ('PWD', '/home/msd/MSD2/REV4/build/robot_commander'), ('XDG_CONFIG_DIRS', '/etc/xdg/xdg-ubuntu:/etc/xdg'), ('NVM_CD_FLAGS', ''), ('XDG_DATA_DIRS', '/usr/share/ubuntu:/usr/local/share/:/usr/share/:/var/lib/snapd/desktop'), ('PYTHONPATH', '/opt/ros/humble/lib/python3.10/site-packages:/opt/ros/humble/local/lib/python3.10/dist-packages'), ('COLCON', '1'), ('VTE_VERSION', '6800'), ('CMAKE_PREFIX_PATH', '/opt/ros/humble')]), 'shell': False}
[0.307689] (robot_hardware) JobProgress: {'identifier': 'robot_hardware', 'progress': 'cmake'}
[0.307964] (robot_hardware) Command: {'cmd': ['/usr/bin/cmake', '/home/msd/MSD2/REV4/src/robot_hardware', '-DCMAKE_INSTALL_PREFIX=/home/msd/MSD2/REV4/install/robot_hardware'], 'cwd': '/home/msd/MSD2/REV4/build/robot_hardware', 'env': OrderedDict([('LESSOPEN', '| /usr/bin/lesspipe %s'), ('USER', 'msd'), ('XDG_SESSION_TYPE', 'wayland'), ('SHLVL', '1'), ('LD_LIBRARY_PATH', '/opt/ros/humble/opt/rviz_ogre_vendor/lib:/opt/ros/humble/lib/x86_64-linux-gnu:/opt/ros/humble/lib'), ('HOME', '/home/msd'), ('OLDPWD', '/home/msd'), ('DESKTOP_SESSION', 'ubuntu'), ('NVM_BIN', '/home/msd/.nvm/versions/node/v20.20.2/bin'), ('NVM_INC', '/home/msd/.nvm/versions/node/v20.20.2/include/node'), ('ROS_PYTHON_VERSION', '3'), ('GNOME_SHELL_SESSION_MODE', 'ubuntu'), ('GTK_MODULES', 'gail:atk-bridge'), ('SYSTEMD_EXEC_PID', '1614'), ('DBUS_SESSION_BUS_ADDRESS', 'unix:path=/run/user/1000/bus'), ('COLORTERM', 'truecolor'), ('NVM_DIR', '/home/msd/.nvm'), ('IM_CONFIG_PHASE', '1'), ('WAYLAND_DISPLAY', 'wayland-0'), ('ROS_DISTRO', 'humble'), ('LOGNAME', 'msd'), ('_', '/usr/bin/colcon'), ('ROS_VERSION', '2'), ('XDG_SESSION_CLASS', 'user'), ('USERNAME', 'msd'), ('TERM', 'xterm-256color'), ('GNOME_DESKTOP_SESSION_ID', 'this-is-deprecated'), ('ROS_LOCALHOST_ONLY', '0'), ('PATH', '/home/msd/.nvm/versions/node/v20.20.2/bin:/opt/ros/humble/bin:/usr/local/sbin:/usr/local/bin:/usr/sbin:/usr/bin:/sbin:/bin:/usr/games:/usr/local/games:/snap/bin:/snap/bin'), ('SESSION_MANAGER', 'local/msd-ThinkPad-E14:@/tmp/.ICE-unix/1576,unix/msd-ThinkPad-E14:/tmp/.ICE-unix/1576'), ('XDG_MENU_PREFIX', 'gnome-'), ('GNOME_TERMINAL_SCREEN', '/org/gnome/Terminal/screen/3d60da5e_eb95_4d77_aaed_fefa488ae096'), ('GNOME_SETUP_DISPLAY', ':1'), ('XDG_RUNTIME_DIR', '/run/user/1000'), ('DISPLAY', ':0'), ('LANG', 'en_US.UTF-8'), ('XDG_CURRENT_DESKTOP', 'ubuntu:GNOME'), ('XMODIFIERS', '@im=ibus'), ('XDG_SESSION_DESKTOP', 'ubuntu'), ('XAUTHORITY', '/run/user/1000/.mutter-Xwaylandauth.U47WV3'), ('LS_COLORS', 'rs=0:di=01;34:ln=01;36:mh=00:pi=40;33:so=01;35:do=01;35:bd=40;33;01:cd=40;33;01:or=40;31;01:mi=00:su=37;41:sg=30;43:ca=30;41:tw=30;42:ow=34;42:st=37;44:ex=01;32:*.tar=01;31:*.tgz=01;31:*.arc=01;31:*.arj=01;31:*.taz=01;31:*.lha=01;31:*.lz4=01;31:*.lzh=01;31:*.lzma=01;31:*.tlz=01;31:*.txz=01;31:*.tzo=01;31:*.t7z=01;31:*.zip=01;31:*.z=01;31:*.dz=01;31:*.gz=01;31:*.lrz=01;31:*.lz=01;31:*.lzo=01;31:*.xz=01;31:*.zst=01;31:*.tzst=01;31:*.bz2=01;31:*.bz=01;31:*.tbz=01;31:*.tbz2=01;31:*.tz=01;31:*.deb=01;31:*.rpm=01;31:*.jar=01;31:*.war=01;31:*.ear=01;31:*.sar=01;31:*.rar=01;31:*.alz=01;31:*.ace=01;31:*.zoo=01;31:*.cpio=01;31:*.7z=01;31:*.rz=01;31:*.cab=01;31:*.wim=01;31:*.swm=01;31:*.dwm=01;31:*.esd=01;31:*.jpg=01;35:*.jpeg=01;35:*.mjpg=01;35:*.mjpeg=01;35:*.gif=01;35:*.bmp=01;35:*.pbm=01;35:*.pgm=01;35:*.ppm=01;35:*.tga=01;35:*.xbm=01;35:*.xpm=01;35:*.tif=01;35:*.tiff=01;35:*.png=01;35:*.svg=01;35:*.svgz=01;35:*.mng=01;35:*.pcx=01;35:*.mov=01;35:*.mpg=01;35:*.mpeg=01;35:*.m2v=01;35:*.mkv=01;35:*.webm=01;35:*.webp=01;35:*.ogm=01;35:*.mp4=01;35:*.m4v=01;35:*.mp4v=01;35:*.vob=01;35:*.qt=01;35:*.nuv=01;35:*.wmv=01;35:*.asf=01;35:*.rm=01;35:*.rmvb=01;35:*.flc=01;35:*.avi=01;35:*.fli=01;35:*.flv=01;35:*.gl=01;35:*.dl=01;35:*.xcf=01;35:*.xwd=01;35:*.yuv=01;35:*.cgm=01;35:*.emf=01;35:*.ogv=01;35:*.ogx=01;35:*.aac=00;36:*.au=00;36:*.flac=00;36:*.m4a=00;36:*.mid=00;36:*.midi=00;36:*.mka=00;36:*.mp3=00;36:*.mpc=00;36:*.ogg=00;36:*.ra=00;36:*.wav=00;36:*.oga=00;36:*.opus=00;36:*.spx=00;36:*.xspf=00;36:'), ('GNOME_TERMINAL_SERVICE', ':1.462'), ('SSH_AGENT_LAUNCHER', 'gnome-keyring'), ('SSH_AUTH_SOCK', '/run/user/1000/keyring/ssh'), ('AMENT_PREFIX_PATH', '/opt/ros/humble'), ('SHELL', '/bin/bash'), ('QT_ACCESSIBILITY', '1'), ('GDMSESSION', 'ubuntu'), ('LESSCLOSE', '/usr/bin/lesspipe %s %s'), ('QT_IM_MODULE', 'ibus'), ('PWD', '/home/msd/MSD2/REV4/build/robot_hardware'), ('XDG_CONFIG_DIRS', '/etc/xdg/xdg-ubuntu:/etc/xdg'), ('NVM_CD_FLAGS', ''), ('XDG_DATA_DIRS', '/usr/share/ubuntu:/usr/local/share/:/usr/share/:/var/lib/snapd/desktop'), ('PYTHONPATH', '/opt/ros/humble/lib/python3.10/site-packages:/opt/ros/humble/local/lib/python3.10/dist-packages'), ('COLCON', '1'), ('VTE_VERSION', '6800'), ('CMAKE_PREFIX_PATH', '/opt/ros/humble')]), 'shell': False}
[0.310031] (robot_servoing) JobProgress: {'identifier': 'robot_servoing', 'progress': 'cmake'}
[0.310530] (robot_servoing) Command: {'cmd': ['/usr/bin/cmake', '/home/msd/MSD2/REV4/src/robot_servoing', '-DCMAKE_INSTALL_PREFIX=/home/msd/MSD2/REV4/install/robot_servoing'], 'cwd': '/home/msd/MSD2/REV4/build/robot_servoing', 'env': OrderedDict([('LESSOPEN', '| /usr/bin/lesspipe %s'), ('USER', 'msd'), ('XDG_SESSION_TYPE', 'wayland'), ('SHLVL', '1'), ('LD_LIBRARY_PATH', '/opt/ros/humble/opt/rviz_ogre_vendor/lib:/opt/ros/humble/lib/x86_64-linux-gnu:/opt/ros/humble/lib'), ('HOME', '/home/msd'), ('OLDPWD', '/home/msd'), ('DESKTOP_SESSION', 'ubuntu'), ('NVM_BIN', '/home/msd/.nvm/versions/node/v20.20.2/bin'), ('NVM_INC', '/home/msd/.nvm/versions/node/v20.20.2/include/node'), ('ROS_PYTHON_VERSION', '3'), ('GNOME_SHELL_SESSION_MODE', 'ubuntu'), ('GTK_MODULES', 'gail:atk-bridge'), ('SYSTEMD_EXEC_PID', '1614'), ('DBUS_SESSION_BUS_ADDRESS', 'unix:path=/run/user/1000/bus'), ('COLORTERM', 'truecolor'), ('NVM_DIR', '/home/msd/.nvm'), ('IM_CONFIG_PHASE', '1'), ('WAYLAND_DISPLAY', 'wayland-0'), ('ROS_DISTRO', 'humble'), ('LOGNAME', 'msd'), ('_', '/usr/bin/colcon'), ('ROS_VERSION', '2'), ('XDG_SESSION_CLASS', 'user'), ('USERNAME', 'msd'), ('TERM', 'xterm-256color'), ('GNOME_DESKTOP_SESSION_ID', 'this-is-deprecated'), ('ROS_LOCALHOST_ONLY', '0'), ('PATH', '/home/msd/.nvm/versions/node/v20.20.2/bin:/opt/ros/humble/bin:/usr/local/sbin:/usr/local/bin:/usr/sbin:/usr/bin:/sbin:/bin:/usr/games:/usr/local/games:/snap/bin:/snap/bin'), ('SESSION_MANAGER', 'local/msd-ThinkPad-E14:@/tmp/.ICE-unix/1576,unix/msd-ThinkPad-E14:/tmp/.ICE-unix/1576'), ('XDG_MENU_PREFIX', 'gnome-'), ('GNOME_TERMINAL_SCREEN', '/org/gnome/Terminal/screen/3d60da5e_eb95_4d77_aaed_fefa488ae096'), ('GNOME_SETUP_DISPLAY', ':1'), ('XDG_RUNTIME_DIR', '/run/user/1000'), ('DISPLAY', ':0'), ('LANG', 'en_US.UTF-8'), ('XDG_CURRENT_DESKTOP', 'ubuntu:GNOME'), ('XMODIFIERS', '@im=ibus'), ('XDG_SESSION_DESKTOP', 'ubuntu'), ('XAUTHORITY', '/run/user/1000/.mutter-Xwaylandauth.U47WV3'), ('LS_COLORS', 'rs=0:di=01;34:ln=01;36:mh=00:pi=40;33:so=01;35:do=01;35:bd=40;33;01:cd=40;33;01:or=40;31;01:mi=00:su=37;41:sg=30;43:ca=30;41:tw=30;42:ow=34;42:st=37;44:ex=01;32:*.tar=01;31:*.tgz=01;31:*.arc=01;31:*.arj=01;31:*.taz=01;31:*.lha=01;31:*.lz4=01;31:*.lzh=01;31:*.lzma=01;31:*.tlz=01;31:*.txz=01;31:*.tzo=01;31:*.t7z=01;31:*.zip=01;31:*.z=01;31:*.dz=01;31:*.gz=01;31:*.lrz=01;31:*.lz=01;31:*.lzo=01;31:*.xz=01;31:*.zst=01;31:*.tzst=01;31:*.bz2=01;31:*.bz=01;31:*.tbz=01;31:*.tbz2=01;31:*.tz=01;31:*.deb=01;31:*.rpm=01;31:*.jar=01;31:*.war=01;31:*.ear=01;31:*.sar=01;31:*.rar=01;31:*.alz=01;31:*.ace=01;31:*.zoo=01;31:*.cpio=01;31:*.7z=01;31:*.rz=01;31:*.cab=01;31:*.wim=01;31:*.swm=01;31:*.dwm=01;31:*.esd=01;31:*.jpg=01;35:*.jpeg=01;35:*.mjpg=01;35:*.mjpeg=01;35:*.gif=01;35:*.bmp=01;35:*.pbm=01;35:*.pgm=01;35:*.ppm=01;35:*.tga=01;35:*.xbm=01;35:*.xpm=01;35:*.tif=01;35:*.tiff=01;35:*.png=01;35:*.svg=01;35:*.svgz=01;35:*.mng=01;35:*.pcx=01;35:*.mov=01;35:*.mpg=01;35:*.mpeg=01;35:*.m2v=01;35:*.mkv=01;35:*.webm=01;35:*.webp=01;35:*.ogm=01;35:*.mp4=01;35:*.m4v=01;35:*.mp4v=01;35:*.vob=01;35:*.qt=01;35:*.nuv=01;35:*.wmv=01;35:*.asf=01;35:*.rm=01;35:*.rmvb=01;35:*.flc=01;35:*.avi=01;35:*.fli=01;35:*.flv=01;35:*.gl=01;35:*.dl=01;35:*.xcf=01;35:*.xwd=01;35:*.yuv=01;35:*.cgm=01;35:*.emf=01;35:*.ogv=01;35:*.ogx=01;35:*.aac=00;36:*.au=00;36:*.flac=00;36:*.m4a=00;36:*.mid=00;36:*.midi=00;36:*.mka=00;36:*.mp3=00;36:*.mpc=00;36:*.ogg=00;36:*.ra=00;36:*.wav=00;36:*.oga=00;36:*.opus=00;36:*.spx=00;36:*.xspf=00;36:'), ('GNOME_TERMINAL_SERVICE', ':1.462'), ('SSH_AGENT_LAUNCHER', 'gnome-keyring'), ('SSH_AUTH_SOCK', '/run/user/1000/keyring/ssh'), ('AMENT_PREFIX_PATH', '/opt/ros/humble'), ('SHELL', '/bin/bash'), ('QT_ACCESSIBILITY', '1'), ('GDMSESSION', 'ubuntu'), ('LESSCLOSE', '/usr/bin/lesspipe %s %s'), ('QT_IM_MODULE', 'ibus'), ('PWD', '/home/msd/MSD2/REV4/build/robot_servoing'), ('XDG_CONFIG_DIRS', '/etc/xdg/xdg-ubuntu:/etc/xdg'), ('NVM_CD_FLAGS', ''), ('XDG_DATA_DIRS', '/usr/share/ubuntu:/usr/local/share/:/usr/share/:/var/lib/snapd/desktop'), ('PYTHONPATH', '/opt/ros/humble/lib/python3.10/site-packages:/opt/ros/humble/local/lib/python3.10/dist-packages'), ('COLCON', '1'), ('VTE_VERSION', '6800'), ('CMAKE_PREFIX_PATH', '/opt/ros/humble')]), 'shell': False}
[0.399910] (-) TimerEvent: {}
[0.500274] (-) TimerEvent: {}
[0.600700] (-) TimerEvent: {}
[0.701075] (-) TimerEvent: {}
[0.772159] (stepper_test) JobProgress: {'identifier': 'stepper_test', 'progress': 'cmake'}
[0.772281] (stepper_test) Command: {'cmd': ['/usr/bin/cmake', '/home/msd/MSD2/REV4/src/stepper_test', '-DCMAKE_INSTALL_PREFIX=/home/msd/MSD2/REV4/install/stepper_test'], 'cwd': '/home/msd/MSD2/REV4/build/stepper_test', 'env': OrderedDict([('LESSOPEN', '| /usr/bin/lesspipe %s'), ('USER', 'msd'), ('XDG_SESSION_TYPE', 'wayland'), ('SHLVL', '1'), ('LD_LIBRARY_PATH', '/opt/ros/humble/opt/rviz_ogre_vendor/lib:/opt/ros/humble/lib/x86_64-linux-gnu:/opt/ros/humble/lib'), ('HOME', '/home/msd'), ('OLDPWD', '/home/msd'), ('DESKTOP_SESSION', 'ubuntu'), ('NVM_BIN', '/home/msd/.nvm/versions/node/v20.20.2/bin'), ('NVM_INC', '/home/msd/.nvm/versions/node/v20.20.2/include/node'), ('ROS_PYTHON_VERSION', '3'), ('GNOME_SHELL_SESSION_MODE', 'ubuntu'), ('GTK_MODULES', 'gail:atk-bridge'), ('SYSTEMD_EXEC_PID', '1614'), ('DBUS_SESSION_BUS_ADDRESS', 'unix:path=/run/user/1000/bus'), ('COLORTERM', 'truecolor'), ('NVM_DIR', '/home/msd/.nvm'), ('IM_CONFIG_PHASE', '1'), ('WAYLAND_DISPLAY', 'wayland-0'), ('ROS_DISTRO', 'humble'), ('LOGNAME', 'msd'), ('_', '/usr/bin/colcon'), ('ROS_VERSION', '2'), ('XDG_SESSION_CLASS', 'user'), ('USERNAME', 'msd'), ('TERM', 'xterm-256color'), ('GNOME_DESKTOP_SESSION_ID', 'this-is-deprecated'), ('ROS_LOCALHOST_ONLY', '0'), ('PATH', '/home/msd/.nvm/versions/node/v20.20.2/bin:/opt/ros/humble/bin:/usr/local/sbin:/usr/local/bin:/usr/sbin:/usr/bin:/sbin:/bin:/usr/games:/usr/local/games:/snap/bin:/snap/bin'), ('SESSION_MANAGER', 'local/msd-ThinkPad-E14:@/tmp/.ICE-unix/1576,unix/msd-ThinkPad-E14:/tmp/.ICE-unix/1576'), ('XDG_MENU_PREFIX', 'gnome-'), ('GNOME_TERMINAL_SCREEN', '/org/gnome/Terminal/screen/3d60da5e_eb95_4d77_aaed_fefa488ae096'), ('GNOME_SETUP_DISPLAY', ':1'), ('XDG_RUNTIME_DIR', '/run/user/1000'), ('DISPLAY', ':0'), ('LANG', 'en_US.UTF-8'), ('XDG_CURRENT_DESKTOP', 'ubuntu:GNOME'), ('XMODIFIERS', '@im=ibus'), ('XDG_SESSION_DESKTOP', 'ubuntu'), ('XAUTHORITY', '/run/user/1000/.mutter-Xwaylandauth.U47WV3'), ('LS_COLORS', 'rs=0:di=01;34:ln=01;36:mh=00:pi=40;33:so=01;35:do=01;35:bd=40;33;01:cd=40;33;01:or=40;31;01:mi=00:su=37;41:sg=30;43:ca=30;41:tw=30;42:ow=34;42:st=37;44:ex=01;32:*.tar=01;31:*.tgz=01;31:*.arc=01;31:*.arj=01;31:*.taz=01;31:*.lha=01;31:*.lz4=01;31:*.lzh=01;31:*.lzma=01;31:*.tlz=01;31:*.txz=01;31:*.tzo=01;31:*.t7z=01;31:*.zip=01;31:*.z=01;31:*.dz=01;31:*.gz=01;31:*.lrz=01;31:*.lz=01;31:*.lzo=01;31:*.xz=01;31:*.zst=01;31:*.tzst=01;31:*.bz2=01;31:*.bz=01;31:*.tbz=01;31:*.tbz2=01;31:*.tz=01;31:*.deb=01;31:*.rpm=01;31:*.jar=01;31:*.war=01;31:*.ear=01;31:*.sar=01;31:*.rar=01;31:*.alz=01;31:*.ace=01;31:*.zoo=01;31:*.cpio=01;31:*.7z=01;31:*.rz=01;31:*.cab=01;31:*.wim=01;31:*.swm=01;31:*.dwm=01;31:*.esd=01;31:*.jpg=01;35:*.jpeg=01;35:*.mjpg=01;35:*.mjpeg=01;35:*.gif=01;35:*.bmp=01;35:*.pbm=01;35:*.pgm=01;35:*.ppm=01;35:*.tga=01;35:*.xbm=01;35:*.xpm=01;35:*.tif=01;35:*.tiff=01;35:*.png=01;35:*.svg=01;35:*.svgz=01;35:*.mng=01;35:*.pcx=01;35:*.mov=01;35:*.mpg=01;35:*.mpeg=01;35:*.m2v=01;35:*.mkv=01;35:*.webm=01;35:*.webp=01;35:*.ogm=01;35:*.mp4=01;35:*.m4v=01;35:*.mp4v=01;35:*.vob=01;35:*.qt=01;35:*.nuv=01;35:*.wmv=01;35:*.asf=01;35:*.rm=01;35:*.rmvb=01;35:*.flc=01;35:*.avi=01;35:*.fli=01;35:*.flv=01;35:*.gl=01;35:*.dl=01;35:*.xcf=01;35:*.xwd=01;35:*.yuv=01;35:*.cgm=01;35:*.emf=01;35:*.ogv=01;35:*.ogx=01;35:*.aac=00;36:*.au=00;36:*.flac=00;36:*.m4a=00;36:*.mid=00;36:*.midi=00;36:*.mka=00;36:*.mp3=00;36:*.mpc=00;36:*.ogg=00;36:*.ra=00;36:*.wav=00;36:*.oga=00;36:*.opus=00;36:*.spx=00;36:*.xspf=00;36:'), ('GNOME_TERMINAL_SERVICE', ':1.462'), ('SSH_AGENT_LAUNCHER', 'gnome-keyring'), ('SSH_AUTH_SOCK', '/run/user/1000/keyring/ssh'), ('AMENT_PREFIX_PATH', '/opt/ros/humble'), ('SHELL', '/bin/bash'), ('QT_ACCESSIBILITY', '1'), ('GDMSESSION', 'ubuntu'), ('LESSCLOSE', '/usr/bin/lesspipe %s %s'), ('QT_IM_MODULE', 'ibus'), ('PWD', '/home/msd/MSD2/REV4/build/stepper_test'), ('XDG_CONFIG_DIRS', '/etc/xdg/xdg-ubuntu:/etc/xdg'), ('NVM_CD_FLAGS', ''), ('XDG_DATA_DIRS', '/usr/share/ubuntu:/usr/local/share/:/usr/share/:/var/lib/snapd/desktop'), ('PYTHONPATH', '/opt/ros/humble/lib/python3.10/site-packages:/opt/ros/humble/local/lib/python3.10/dist-packages'), ('COLCON', '1'), ('VTE_VERSION', '6800'), ('CMAKE_PREFIX_PATH', '/opt/ros/humble')]), 'shell': False}
[0.775651] (my_robot) StdoutLine: {'line': b'-- The C compiler identification is GNU 11.4.0\n'}
[0.776698] (my_robot) StdoutLine: {'line': b'-- The CXX compiler identification is GNU 11.4.0\n'}
[0.778505] (my_robot) StdoutLine: {'line': b'-- Detecting C compiler ABI info\n'}
[0.779845] (my_robot) StdoutLine: {'line': b'-- Detecting C compiler ABI info - done\n'}
[0.780713] (my_robot) StdoutLine: {'line': b'-- Check for working C compiler: /usr/bin/cc - skipped\n'}
[0.781240] (my_robot) StdoutLine: {'line': b'-- Detecting C compile features\n'}
[0.781442] (my_robot) StdoutLine: {'line': b'-- Detecting C compile features - done\n'}
[0.782134] (my_robot) StdoutLine: {'line': b'-- Detecting CXX compiler ABI info\n'}
[0.782305] (my_robot) StdoutLine: {'line': b'-- Detecting CXX compiler ABI info - done\n'}
[0.782434] (my_robot) StdoutLine: {'line': b'-- Check for working CXX compiler: /usr/bin/c++ - skipped\n'}
[0.782712] (my_robot) StdoutLine: {'line': b'-- Detecting CXX compile features\n'}
[0.783153] (my_robot) StdoutLine: {'line': b'-- Detecting CXX compile features - done\n'}
[0.783302] (my_robot) StdoutLine: {'line': b'-- Found ament_cmake: 1.3.14 (/opt/ros/humble/share/ament_cmake/cmake)\n'}
[0.783427] (marge) StdoutLine: {'line': b'-- The C compiler identification is GNU 11.4.0\n'}
[0.786171] (marge) StdoutLine: {'line': b'-- The CXX compiler identification is GNU 11.4.0\n'}
[0.786390] (marge) StdoutLine: {'line': b'-- Detecting C compiler ABI info\n'}
[0.786512] (marge) StdoutLine: {'line': b'-- Detecting C compiler ABI info - done\n'}
[0.786617] (marge) StdoutLine: {'line': b'-- Check for working C compiler: /usr/bin/cc - skipped\n'}
[0.786713] (marge) StdoutLine: {'line': b'-- Detecting C compile features\n'}
[0.786808] (marge) StdoutLine: {'line': b'-- Detecting C compile features - done\n'}
[0.786899] (marge) StdoutLine: {'line': b'-- Detecting CXX compiler ABI info\n'}
[0.786990] (marge) StdoutLine: {'line': b'-- Detecting CXX compiler ABI info - done\n'}
[0.787090] (marge) StdoutLine: {'line': b'-- Check for working CXX compiler: /usr/bin/c++ - skipped\n'}
[0.787190] (marge) StdoutLine: {'line': b'-- Detecting CXX compile features\n'}
[0.787289] (marge) StdoutLine: {'line': b'-- Detecting CXX compile features - done\n'}
[0.787382] (marge) StdoutLine: {'line': b'-- Found ament_cmake: 1.3.14 (/opt/ros/humble/share/ament_cmake/cmake)\n'}
[0.787478] (robot_hardware) StdoutLine: {'line': b'-- The C compiler identification is GNU 11.4.0\n'}
[0.787643] (robot_hardware) StdoutLine: {'line': b'-- The CXX compiler identification is GNU 11.4.0\n'}
[0.787747] (robot_hardware) StdoutLine: {'line': b'-- Detecting C compiler ABI info\n'}
[0.787847] (robot_hardware) StdoutLine: {'line': b'-- Detecting C compiler ABI info - done\n'}
[0.787943] (robot_hardware) StdoutLine: {'line': b'-- Check for working C compiler: /usr/bin/cc - skipped\n'}
[0.788041] (robot_hardware) StdoutLine: {'line': b'-- Detecting C compile features\n'}
[0.788141] (robot_hardware) StdoutLine: {'line': b'-- Detecting C compile features - done\n'}
[0.788236] (robot_hardware) StdoutLine: {'line': b'-- Detecting CXX compiler ABI info\n'}
[0.788348] (robot_hardware) StdoutLine: {'line': b'-- Detecting CXX compiler ABI info - done\n'}
[0.788456] (robot_hardware) StdoutLine: {'line': b'-- Check for working CXX compiler: /usr/bin/c++ - skipped\n'}
[0.788647] (robot_hardware) StdoutLine: {'line': b'-- Detecting CXX compile features\n'}
[0.788764] (robot_hardware) StdoutLine: {'line': b'-- Detecting CXX compile features - done\n'}
[0.788863] (robot_hardware) StdoutLine: {'line': b'-- Found ament_cmake: 1.3.14 (/opt/ros/humble/share/ament_cmake/cmake)\n'}
[0.788957] (robot_commander) StdoutLine: {'line': b'-- The C compiler identification is GNU 11.4.0\n'}
[0.789083] (robot_commander) StdoutLine: {'line': b'-- The CXX compiler identification is GNU 11.4.0\n'}
[0.789171] (robot_commander) StdoutLine: {'line': b'-- Detecting C compiler ABI info\n'}
[0.789259] (robot_commander) StdoutLine: {'line': b'-- Detecting C compiler ABI info - done\n'}
[0.789344] (robot_commander) StdoutLine: {'line': b'-- Check for working C compiler: /usr/bin/cc - skipped\n'}
[0.789435] (robot_commander) StdoutLine: {'line': b'-- Detecting C compile features\n'}
[0.789565] (robot_commander) StdoutLine: {'line': b'-- Detecting C compile features - done\n'}
[0.789666] (robot_commander) StdoutLine: {'line': b'-- Detecting CXX compiler ABI info\n'}
[0.789757] (robot_commander) StdoutLine: {'line': b'-- Detecting CXX compiler ABI info - done\n'}
[0.789856] (robot_commander) StdoutLine: {'line': b'-- Check for working CXX compiler: /usr/bin/c++ - skipped\n'}
[0.789968] (robot_commander) StdoutLine: {'line': b'-- Detecting CXX compile features\n'}
[0.790075] (robot_commander) StdoutLine: {'line': b'-- Detecting CXX compile features - done\n'}
[0.790157] (robot_commander) StdoutLine: {'line': b'-- Found ament_cmake: 1.3.14 (/opt/ros/humble/share/ament_cmake/cmake)\n'}
[0.790258] (robot_servoing) StdoutLine: {'line': b'-- The C compiler identification is GNU 11.4.0\n'}
[0.790403] (robot_servoing) StdoutLine: {'line': b'-- The CXX compiler identification is GNU 11.4.0\n'}
[0.790522] (robot_servoing) StdoutLine: {'line': b'-- Detecting C compiler ABI info\n'}
[0.790642] (robot_servoing) StdoutLine: {'line': b'-- Detecting C compiler ABI info - done\n'}
[0.790746] (robot_servoing) StdoutLine: {'line': b'-- Check for working C compiler: /usr/bin/cc - skipped\n'}
[0.790851] (robot_servoing) StdoutLine: {'line': b'-- Detecting C compile features\n'}
[0.790953] (robot_servoing) StdoutLine: {'line': b'-- Detecting C compile features - done\n'}
[0.791059] (robot_servoing) StdoutLine: {'line': b'-- Detecting CXX compiler ABI info\n'}
[0.791142] (robot_servoing) StdoutLine: {'line': b'-- Detecting CXX compiler ABI info - done\n'}
[0.791244] (robot_servoing) StdoutLine: {'line': b'-- Check for working CXX compiler: /usr/bin/c++ - skipped\n'}
[0.791353] (robot_servoing) StdoutLine: {'line': b'-- Detecting CXX compile features\n'}
[0.791455] (robot_servoing) StdoutLine: {'line': b'-- Detecting CXX compile features - done\n'}
[0.795204] (robot_servoing) StdoutLine: {'line': b'-- Found ament_cmake: 1.3.14 (/opt/ros/humble/share/ament_cmake/cmake)\n'}
[0.801566] (-) TimerEvent: {}
[0.889621] (stepper_test) StdoutLine: {'line': b'-- The C compiler identification is GNU 11.4.0\n'}
[0.901669] (-) TimerEvent: {}
[0.995077] (stepper_test) StdoutLine: {'line': b'-- The CXX compiler identification is GNU 11.4.0\n'}
[1.001772] (-) TimerEvent: {}
[1.015509] (my_robot) StdoutLine: {'line': b'-- Found Python3: /usr/bin/python3 (found version "3.10.12") found components: Interpreter \n'}
[1.017103] (stepper_test) StdoutLine: {'line': b'-- Detecting C compiler ABI info\n'}
[1.027607] (robot_hardware) StdoutLine: {'line': b'-- Found Python3: /usr/bin/python3 (found version "3.10.12") found components: Interpreter \n'}
[1.047637] (marge) StdoutLine: {'line': b'-- Found Python3: /usr/bin/python3 (found version "3.10.12") found components: Interpreter \n'}
[1.047915] (robot_commander) StdoutLine: {'line': b'-- Found Python3: /usr/bin/python3 (found version "3.10.12") found components: Interpreter \n'}
[1.068612] (robot_servoing) StdoutLine: {'line': b'-- Found Python3: /usr/bin/python3 (found version "3.10.12") found components: Interpreter \n'}
[1.101881] (-) TimerEvent: {}
[1.144730] (stepper_test) StdoutLine: {'line': b'-- Detecting C compiler ABI info - done\n'}
[1.160202] (stepper_test) StdoutLine: {'line': b'-- Check for working C compiler: /usr/bin/cc - skipped\n'}
[1.161076] (stepper_test) StdoutLine: {'line': b'-- Detecting C compile features\n'}
[1.162148] (stepper_test) StdoutLine: {'line': b'-- Detecting C compile features - done\n'}
[1.167651] (stepper_test) StdoutLine: {'line': b'-- Detecting CXX compiler ABI info\n'}
[1.201983] (-) TimerEvent: {}
[1.205708] (robot_hardware) StdoutLine: {'line': b'-- Found rclcpp: 16.0.19 (/opt/ros/humble/share/rclcpp/cmake)\n'}
[1.233602] (robot_commander) StdoutLine: {'line': b'-- Found rclcpp: 16.0.19 (/opt/ros/humble/share/rclcpp/cmake)\n'}
[1.239081] (robot_servoing) StdoutLine: {'line': b'-- Found control_msgs: 4.8.0 (/opt/ros/humble/share/control_msgs/cmake)\n'}
[1.300550] (robot_hardware) StdoutLine: {'line': b'-- Found rosidl_generator_c: 3.1.8 (/opt/ros/humble/share/rosidl_generator_c/cmake)\n'}
[1.302087] (-) TimerEvent: {}
[1.309415] (robot_commander) StdoutLine: {'line': b'-- Found rosidl_generator_c: 3.1.8 (/opt/ros/humble/share/rosidl_generator_c/cmake)\n'}
[1.309684] (stepper_test) StdoutLine: {'line': b'-- Detecting CXX compiler ABI info - done\n'}
[1.309976] (robot_servoing) StdoutLine: {'line': b'-- Found rosidl_generator_c: 3.1.8 (/opt/ros/humble/share/rosidl_generator_c/cmake)\n'}
[1.310742] (robot_hardware) StdoutLine: {'line': b'-- Found rosidl_adapter: 3.1.8 (/opt/ros/humble/share/rosidl_adapter/cmake)\n'}
[1.319635] (robot_servoing) StdoutLine: {'line': b'-- Found rosidl_adapter: 3.1.8 (/opt/ros/humble/share/rosidl_adapter/cmake)\n'}
[1.321644] (robot_commander) StdoutLine: {'line': b'-- Found rosidl_adapter: 3.1.8 (/opt/ros/humble/share/rosidl_adapter/cmake)\n'}
[1.325933] (my_robot) StdoutLine: {'line': b'-- Configuring done\n'}
[1.327593] (stepper_test) StdoutLine: {'line': b'-- Check for working CXX compiler: /usr/bin/c++ - skipped\n'}
[1.328562] (stepper_test) StdoutLine: {'line': b'-- Detecting CXX compile features\n'}
[1.330092] (my_robot) StdoutLine: {'line': b'-- Generating done\n'}
[1.332093] (robot_hardware) StdoutLine: {'line': b'-- Found rosidl_generator_cpp: 3.1.8 (/opt/ros/humble/share/rosidl_generator_cpp/cmake)\n'}
[1.332579] (stepper_test) StdoutLine: {'line': b'-- Detecting CXX compile features - done\n'}
[1.333690] (stepper_test) StdoutLine: {'line': b'-- Found ament_cmake: 1.3.14 (/opt/ros/humble/share/ament_cmake/cmake)\n'}
[1.334989] (my_robot) StdoutLine: {'line': b'-- Build files have been written to: /home/msd/MSD2/REV4/build/my_robot\n'}
[1.335657] (robot_servoing) StdoutLine: {'line': b'-- Found rosidl_generator_cpp: 3.1.8 (/opt/ros/humble/share/rosidl_generator_cpp/cmake)\n'}
[1.336862] (robot_commander) StdoutLine: {'line': b'-- Found rosidl_generator_cpp: 3.1.8 (/opt/ros/humble/share/rosidl_generator_cpp/cmake)\n'}
[1.345991] (my_robot) CommandEnded: {'returncode': 0}
[1.351727] (my_robot) JobProgress: {'identifier': 'my_robot', 'progress': 'build'}
[1.351835] (my_robot) Command: {'cmd': ['/usr/bin/cmake', '--build', '/home/msd/MSD2/REV4/build/my_robot', '--', '-j8', '-l8'], 'cwd': '/home/msd/MSD2/REV4/build/my_robot', 'env': OrderedDict([('LESSOPEN', '| /usr/bin/lesspipe %s'), ('USER', 'msd'), ('XDG_SESSION_TYPE', 'wayland'), ('SHLVL', '1'), ('LD_LIBRARY_PATH', '/opt/ros/humble/opt/rviz_ogre_vendor/lib:/opt/ros/humble/lib/x86_64-linux-gnu:/opt/ros/humble/lib'), ('HOME', '/home/msd'), ('OLDPWD', '/home/msd'), ('DESKTOP_SESSION', 'ubuntu'), ('NVM_BIN', '/home/msd/.nvm/versions/node/v20.20.2/bin'), ('NVM_INC', '/home/msd/.nvm/versions/node/v20.20.2/include/node'), ('ROS_PYTHON_VERSION', '3'), ('GNOME_SHELL_SESSION_MODE', 'ubuntu'), ('GTK_MODULES', 'gail:atk-bridge'), ('SYSTEMD_EXEC_PID', '1614'), ('DBUS_SESSION_BUS_ADDRESS', 'unix:path=/run/user/1000/bus'), ('COLORTERM', 'truecolor'), ('NVM_DIR', '/home/msd/.nvm'), ('IM_CONFIG_PHASE', '1'), ('WAYLAND_DISPLAY', 'wayland-0'), ('ROS_DISTRO', 'humble'), ('LOGNAME', 'msd'), ('_', '/usr/bin/colcon'), ('ROS_VERSION', '2'), ('XDG_SESSION_CLASS', 'user'), ('USERNAME', 'msd'), ('TERM', 'xterm-256color'), ('GNOME_DESKTOP_SESSION_ID', 'this-is-deprecated'), ('ROS_LOCALHOST_ONLY', '0'), ('PATH', '/home/msd/.nvm/versions/node/v20.20.2/bin:/opt/ros/humble/bin:/usr/local/sbin:/usr/local/bin:/usr/sbin:/usr/bin:/sbin:/bin:/usr/games:/usr/local/games:/snap/bin:/snap/bin'), ('SESSION_MANAGER', 'local/msd-ThinkPad-E14:@/tmp/.ICE-unix/1576,unix/msd-ThinkPad-E14:/tmp/.ICE-unix/1576'), ('XDG_MENU_PREFIX', 'gnome-'), ('GNOME_TERMINAL_SCREEN', '/org/gnome/Terminal/screen/3d60da5e_eb95_4d77_aaed_fefa488ae096'), ('GNOME_SETUP_DISPLAY', ':1'), ('XDG_RUNTIME_DIR', '/run/user/1000'), ('DISPLAY', ':0'), ('LANG', 'en_US.UTF-8'), ('XDG_CURRENT_DESKTOP', 'ubuntu:GNOME'), ('XMODIFIERS', '@im=ibus'), ('XDG_SESSION_DESKTOP', 'ubuntu'), ('XAUTHORITY', '/run/user/1000/.mutter-Xwaylandauth.U47WV3'), ('LS_COLORS', 'rs=0:di=01;34:ln=01;36:mh=00:pi=40;33:so=01;35:do=01;35:bd=40;33;01:cd=40;33;01:or=40;31;01:mi=00:su=37;41:sg=30;43:ca=30;41:tw=30;42:ow=34;42:st=37;44:ex=01;32:*.tar=01;31:*.tgz=01;31:*.arc=01;31:*.arj=01;31:*.taz=01;31:*.lha=01;31:*.lz4=01;31:*.lzh=01;31:*.lzma=01;31:*.tlz=01;31:*.txz=01;31:*.tzo=01;31:*.t7z=01;31:*.zip=01;31:*.z=01;31:*.dz=01;31:*.gz=01;31:*.lrz=01;31:*.lz=01;31:*.lzo=01;31:*.xz=01;31:*.zst=01;31:*.tzst=01;31:*.bz2=01;31:*.bz=01;31:*.tbz=01;31:*.tbz2=01;31:*.tz=01;31:*.deb=01;31:*.rpm=01;31:*.jar=01;31:*.war=01;31:*.ear=01;31:*.sar=01;31:*.rar=01;31:*.alz=01;31:*.ace=01;31:*.zoo=01;31:*.cpio=01;31:*.7z=01;31:*.rz=01;31:*.cab=01;31:*.wim=01;31:*.swm=01;31:*.dwm=01;31:*.esd=01;31:*.jpg=01;35:*.jpeg=01;35:*.mjpg=01;35:*.mjpeg=01;35:*.gif=01;35:*.bmp=01;35:*.pbm=01;35:*.pgm=01;35:*.ppm=01;35:*.tga=01;35:*.xbm=01;35:*.xpm=01;35:*.tif=01;35:*.tiff=01;35:*.png=01;35:*.svg=01;35:*.svgz=01;35:*.mng=01;35:*.pcx=01;35:*.mov=01;35:*.mpg=01;35:*.mpeg=01;35:*.m2v=01;35:*.mkv=01;35:*.webm=01;35:*.webp=01;35:*.ogm=01;35:*.mp4=01;35:*.m4v=01;35:*.mp4v=01;35:*.vob=01;35:*.qt=01;35:*.nuv=01;35:*.wmv=01;35:*.asf=01;35:*.rm=01;35:*.rmvb=01;35:*.flc=01;35:*.avi=01;35:*.fli=01;35:*.flv=01;35:*.gl=01;35:*.dl=01;35:*.xcf=01;35:*.xwd=01;35:*.yuv=01;35:*.cgm=01;35:*.emf=01;35:*.ogv=01;35:*.ogx=01;35:*.aac=00;36:*.au=00;36:*.flac=00;36:*.m4a=00;36:*.mid=00;36:*.midi=00;36:*.mka=00;36:*.mp3=00;36:*.mpc=00;36:*.ogg=00;36:*.ra=00;36:*.wav=00;36:*.oga=00;36:*.opus=00;36:*.spx=00;36:*.xspf=00;36:'), ('GNOME_TERMINAL_SERVICE', ':1.462'), ('SSH_AGENT_LAUNCHER', 'gnome-keyring'), ('SSH_AUTH_SOCK', '/run/user/1000/keyring/ssh'), ('AMENT_PREFIX_PATH', '/opt/ros/humble'), ('SHELL', '/bin/bash'), ('QT_ACCESSIBILITY', '1'), ('GDMSESSION', 'ubuntu'), ('LESSCLOSE', '/usr/bin/lesspipe %s %s'), ('QT_IM_MODULE', 'ibus'), ('PWD', '/home/msd/MSD2/REV4/build/my_robot'), ('XDG_CONFIG_DIRS', '/etc/xdg/xdg-ubuntu:/etc/xdg'), ('NVM_CD_FLAGS', ''), ('XDG_DATA_DIRS', '/usr/share/ubuntu:/usr/local/share/:/usr/share/:/var/lib/snapd/desktop'), ('PYTHONPATH', '/opt/ros/humble/lib/python3.10/site-packages:/opt/ros/humble/local/lib/python3.10/dist-packages'), ('COLCON', '1'), ('VTE_VERSION', '6800'), ('CMAKE_PREFIX_PATH', '/opt/ros/humble')]), 'shell': False}
[1.355185] (marge) StdoutLine: {'line': b'-- Configuring done\n'}
[1.359733] (robot_servoing) StdoutLine: {'line': b'-- Using all available rosidl_typesupport_c: rosidl_typesupport_fastrtps_c;rosidl_typesupport_introspection_c\n'}
[1.359950] (robot_commander) StdoutLine: {'line': b'-- Using all available rosidl_typesupport_c: rosidl_typesupport_fastrtps_c;rosidl_typesupport_introspection_c\n'}
[1.360516] (robot_hardware) StdoutLine: {'line': b'-- Using all available rosidl_typesupport_c: rosidl_typesupport_fastrtps_c;rosidl_typesupport_introspection_c\n'}
[1.363669] (marge) StdoutLine: {'line': b'-- Generating done\n'}
[1.368743] (marge) StdoutLine: {'line': b'-- Build files have been written to: /home/msd/MSD2/REV4/build/marge\n'}
[1.376454] (marge) CommandEnded: {'returncode': 0}
[1.377173] (marge) JobProgress: {'identifier': 'marge', 'progress': 'build'}
[1.377727] (marge) Command: {'cmd': ['/usr/bin/cmake', '--build', '/home/msd/MSD2/REV4/build/marge', '--', '-j8', '-l8'], 'cwd': '/home/msd/MSD2/REV4/build/marge', 'env': OrderedDict([('LESSOPEN', '| /usr/bin/lesspipe %s'), ('USER', 'msd'), ('XDG_SESSION_TYPE', 'wayland'), ('SHLVL', '1'), ('LD_LIBRARY_PATH', '/opt/ros/humble/opt/rviz_ogre_vendor/lib:/opt/ros/humble/lib/x86_64-linux-gnu:/opt/ros/humble/lib'), ('HOME', '/home/msd'), ('OLDPWD', '/home/msd'), ('DESKTOP_SESSION', 'ubuntu'), ('NVM_BIN', '/home/msd/.nvm/versions/node/v20.20.2/bin'), ('NVM_INC', '/home/msd/.nvm/versions/node/v20.20.2/include/node'), ('ROS_PYTHON_VERSION', '3'), ('GNOME_SHELL_SESSION_MODE', 'ubuntu'), ('GTK_MODULES', 'gail:atk-bridge'), ('SYSTEMD_EXEC_PID', '1614'), ('DBUS_SESSION_BUS_ADDRESS', 'unix:path=/run/user/1000/bus'), ('COLORTERM', 'truecolor'), ('NVM_DIR', '/home/msd/.nvm'), ('IM_CONFIG_PHASE', '1'), ('WAYLAND_DISPLAY', 'wayland-0'), ('ROS_DISTRO', 'humble'), ('LOGNAME', 'msd'), ('_', '/usr/bin/colcon'), ('ROS_VERSION', '2'), ('XDG_SESSION_CLASS', 'user'), ('USERNAME', 'msd'), ('TERM', 'xterm-256color'), ('GNOME_DESKTOP_SESSION_ID', 'this-is-deprecated'), ('ROS_LOCALHOST_ONLY', '0'), ('PATH', '/home/msd/.nvm/versions/node/v20.20.2/bin:/opt/ros/humble/bin:/usr/local/sbin:/usr/local/bin:/usr/sbin:/usr/bin:/sbin:/bin:/usr/games:/usr/local/games:/snap/bin:/snap/bin'), ('SESSION_MANAGER', 'local/msd-ThinkPad-E14:@/tmp/.ICE-unix/1576,unix/msd-ThinkPad-E14:/tmp/.ICE-unix/1576'), ('XDG_MENU_PREFIX', 'gnome-'), ('GNOME_TERMINAL_SCREEN', '/org/gnome/Terminal/screen/3d60da5e_eb95_4d77_aaed_fefa488ae096'), ('GNOME_SETUP_DISPLAY', ':1'), ('XDG_RUNTIME_DIR', '/run/user/1000'), ('DISPLAY', ':0'), ('LANG', 'en_US.UTF-8'), ('XDG_CURRENT_DESKTOP', 'ubuntu:GNOME'), ('XMODIFIERS', '@im=ibus'), ('XDG_SESSION_DESKTOP', 'ubuntu'), ('XAUTHORITY', '/run/user/1000/.mutter-Xwaylandauth.U47WV3'), ('LS_COLORS', 'rs=0:di=01;34:ln=01;36:mh=00:pi=40;33:so=01;35:do=01;35:bd=40;33;01:cd=40;33;01:or=40;31;01:mi=00:su=37;41:sg=30;43:ca=30;41:tw=30;42:ow=34;42:st=37;44:ex=01;32:*.tar=01;31:*.tgz=01;31:*.arc=01;31:*.arj=01;31:*.taz=01;31:*.lha=01;31:*.lz4=01;31:*.lzh=01;31:*.lzma=01;31:*.tlz=01;31:*.txz=01;31:*.tzo=01;31:*.t7z=01;31:*.zip=01;31:*.z=01;31:*.dz=01;31:*.gz=01;31:*.lrz=01;31:*.lz=01;31:*.lzo=01;31:*.xz=01;31:*.zst=01;31:*.tzst=01;31:*.bz2=01;31:*.bz=01;31:*.tbz=01;31:*.tbz2=01;31:*.tz=01;31:*.deb=01;31:*.rpm=01;31:*.jar=01;31:*.war=01;31:*.ear=01;31:*.sar=01;31:*.rar=01;31:*.alz=01;31:*.ace=01;31:*.zoo=01;31:*.cpio=01;31:*.7z=01;31:*.rz=01;31:*.cab=01;31:*.wim=01;31:*.swm=01;31:*.dwm=01;31:*.esd=01;31:*.jpg=01;35:*.jpeg=01;35:*.mjpg=01;35:*.mjpeg=01;35:*.gif=01;35:*.bmp=01;35:*.pbm=01;35:*.pgm=01;35:*.ppm=01;35:*.tga=01;35:*.xbm=01;35:*.xpm=01;35:*.tif=01;35:*.tiff=01;35:*.png=01;35:*.svg=01;35:*.svgz=01;35:*.mng=01;35:*.pcx=01;35:*.mov=01;35:*.mpg=01;35:*.mpeg=01;35:*.m2v=01;35:*.mkv=01;35:*.webm=01;35:*.webp=01;35:*.ogm=01;35:*.mp4=01;35:*.m4v=01;35:*.mp4v=01;35:*.vob=01;35:*.qt=01;35:*.nuv=01;35:*.wmv=01;35:*.asf=01;35:*.rm=01;35:*.rmvb=01;35:*.flc=01;35:*.avi=01;35:*.fli=01;35:*.flv=01;35:*.gl=01;35:*.dl=01;35:*.xcf=01;35:*.xwd=01;35:*.yuv=01;35:*.cgm=01;35:*.emf=01;35:*.ogv=01;35:*.ogx=01;35:*.aac=00;36:*.au=00;36:*.flac=00;36:*.m4a=00;36:*.mid=00;36:*.midi=00;36:*.mka=00;36:*.mp3=00;36:*.mpc=00;36:*.ogg=00;36:*.ra=00;36:*.wav=00;36:*.oga=00;36:*.opus=00;36:*.spx=00;36:*.xspf=00;36:'), ('GNOME_TERMINAL_SERVICE', ':1.462'), ('SSH_AGENT_LAUNCHER', 'gnome-keyring'), ('SSH_AUTH_SOCK', '/run/user/1000/keyring/ssh'), ('AMENT_PREFIX_PATH', '/opt/ros/humble'), ('SHELL', '/bin/bash'), ('QT_ACCESSIBILITY', '1'), ('GDMSESSION', 'ubuntu'), ('LESSCLOSE', '/usr/bin/lesspipe %s %s'), ('QT_IM_MODULE', 'ibus'), ('PWD', '/home/msd/MSD2/REV4/build/marge'), ('XDG_CONFIG_DIRS', '/etc/xdg/xdg-ubuntu:/etc/xdg'), ('NVM_CD_FLAGS', ''), ('XDG_DATA_DIRS', '/usr/share/ubuntu:/usr/local/share/:/usr/share/:/var/lib/snapd/desktop'), ('PYTHONPATH', '/opt/ros/humble/lib/python3.10/site-packages:/opt/ros/humble/local/lib/python3.10/dist-packages'), ('COLCON', '1'), ('VTE_VERSION', '6800'), ('CMAKE_PREFIX_PATH', '/opt/ros/humble')]), 'shell': False}
[1.389331] (robot_commander) StdoutLine: {'line': b'-- Using all available rosidl_typesupport_cpp: rosidl_typesupport_fastrtps_cpp;rosidl_typesupport_introspection_cpp\n'}
[1.391553] (robot_servoing) StdoutLine: {'line': b'-- Using all available rosidl_typesupport_cpp: rosidl_typesupport_fastrtps_cpp;rosidl_typesupport_introspection_cpp\n'}
[1.391788] (robot_hardware) StdoutLine: {'line': b'-- Using all available rosidl_typesupport_cpp: rosidl_typesupport_fastrtps_cpp;rosidl_typesupport_introspection_cpp\n'}
[1.403330] (-) TimerEvent: {}
[1.407329] (my_robot) CommandEnded: {'returncode': 0}
[1.408591] (my_robot) JobProgress: {'identifier': 'my_robot', 'progress': 'install'}
[1.425780] (my_robot) Command: {'cmd': ['/usr/bin/cmake', '--install', '/home/msd/MSD2/REV4/build/my_robot'], 'cwd': '/home/msd/MSD2/REV4/build/my_robot', 'env': OrderedDict([('LESSOPEN', '| /usr/bin/lesspipe %s'), ('USER', 'msd'), ('XDG_SESSION_TYPE', 'wayland'), ('SHLVL', '1'), ('LD_LIBRARY_PATH', '/opt/ros/humble/opt/rviz_ogre_vendor/lib:/opt/ros/humble/lib/x86_64-linux-gnu:/opt/ros/humble/lib'), ('HOME', '/home/msd'), ('OLDPWD', '/home/msd'), ('DESKTOP_SESSION', 'ubuntu'), ('NVM_BIN', '/home/msd/.nvm/versions/node/v20.20.2/bin'), ('NVM_INC', '/home/msd/.nvm/versions/node/v20.20.2/include/node'), ('ROS_PYTHON_VERSION', '3'), ('GNOME_SHELL_SESSION_MODE', 'ubuntu'), ('GTK_MODULES', 'gail:atk-bridge'), ('SYSTEMD_EXEC_PID', '1614'), ('DBUS_SESSION_BUS_ADDRESS', 'unix:path=/run/user/1000/bus'), ('COLORTERM', 'truecolor'), ('NVM_DIR', '/home/msd/.nvm'), ('IM_CONFIG_PHASE', '1'), ('WAYLAND_DISPLAY', 'wayland-0'), ('ROS_DISTRO', 'humble'), ('LOGNAME', 'msd'), ('_', '/usr/bin/colcon'), ('ROS_VERSION', '2'), ('XDG_SESSION_CLASS', 'user'), ('USERNAME', 'msd'), ('TERM', 'xterm-256color'), ('GNOME_DESKTOP_SESSION_ID', 'this-is-deprecated'), ('ROS_LOCALHOST_ONLY', '0'), ('PATH', '/home/msd/.nvm/versions/node/v20.20.2/bin:/opt/ros/humble/bin:/usr/local/sbin:/usr/local/bin:/usr/sbin:/usr/bin:/sbin:/bin:/usr/games:/usr/local/games:/snap/bin:/snap/bin'), ('SESSION_MANAGER', 'local/msd-ThinkPad-E14:@/tmp/.ICE-unix/1576,unix/msd-ThinkPad-E14:/tmp/.ICE-unix/1576'), ('XDG_MENU_PREFIX', 'gnome-'), ('GNOME_TERMINAL_SCREEN', '/org/gnome/Terminal/screen/3d60da5e_eb95_4d77_aaed_fefa488ae096'), ('GNOME_SETUP_DISPLAY', ':1'), ('XDG_RUNTIME_DIR', '/run/user/1000'), ('DISPLAY', ':0'), ('LANG', 'en_US.UTF-8'), ('XDG_CURRENT_DESKTOP', 'ubuntu:GNOME'), ('XMODIFIERS', '@im=ibus'), ('XDG_SESSION_DESKTOP', 'ubuntu'), ('XAUTHORITY', '/run/user/1000/.mutter-Xwaylandauth.U47WV3'), ('LS_COLORS', 'rs=0:di=01;34:ln=01;36:mh=00:pi=40;33:so=01;35:do=01;35:bd=40;33;01:cd=40;33;01:or=40;31;01:mi=00:su=37;41:sg=30;43:ca=30;41:tw=30;42:ow=34;42:st=37;44:ex=01;32:*.tar=01;31:*.tgz=01;31:*.arc=01;31:*.arj=01;31:*.taz=01;31:*.lha=01;31:*.lz4=01;31:*.lzh=01;31:*.lzma=01;31:*.tlz=01;31:*.txz=01;31:*.tzo=01;31:*.t7z=01;31:*.zip=01;31:*.z=01;31:*.dz=01;31:*.gz=01;31:*.lrz=01;31:*.lz=01;31:*.lzo=01;31:*.xz=01;31:*.zst=01;31:*.tzst=01;31:*.bz2=01;31:*.bz=01;31:*.tbz=01;31:*.tbz2=01;31:*.tz=01;31:*.deb=01;31:*.rpm=01;31:*.jar=01;31:*.war=01;31:*.ear=01;31:*.sar=01;31:*.rar=01;31:*.alz=01;31:*.ace=01;31:*.zoo=01;31:*.cpio=01;31:*.7z=01;31:*.rz=01;31:*.cab=01;31:*.wim=01;31:*.swm=01;31:*.dwm=01;31:*.esd=01;31:*.jpg=01;35:*.jpeg=01;35:*.mjpg=01;35:*.mjpeg=01;35:*.gif=01;35:*.bmp=01;35:*.pbm=01;35:*.pgm=01;35:*.ppm=01;35:*.tga=01;35:*.xbm=01;35:*.xpm=01;35:*.tif=01;35:*.tiff=01;35:*.png=01;35:*.svg=01;35:*.svgz=01;35:*.mng=01;35:*.pcx=01;35:*.mov=01;35:*.mpg=01;35:*.mpeg=01;35:*.m2v=01;35:*.mkv=01;35:*.webm=01;35:*.webp=01;35:*.ogm=01;35:*.mp4=01;35:*.m4v=01;35:*.mp4v=01;35:*.vob=01;35:*.qt=01;35:*.nuv=01;35:*.wmv=01;35:*.asf=01;35:*.rm=01;35:*.rmvb=01;35:*.flc=01;35:*.avi=01;35:*.fli=01;35:*.flv=01;35:*.gl=01;35:*.dl=01;35:*.xcf=01;35:*.xwd=01;35:*.yuv=01;35:*.cgm=01;35:*.emf=01;35:*.ogv=01;35:*.ogx=01;35:*.aac=00;36:*.au=00;36:*.flac=00;36:*.m4a=00;36:*.mid=00;36:*.midi=00;36:*.mka=00;36:*.mp3=00;36:*.mpc=00;36:*.ogg=00;36:*.ra=00;36:*.wav=00;36:*.oga=00;36:*.opus=00;36:*.spx=00;36:*.xspf=00;36:'), ('GNOME_TERMINAL_SERVICE', ':1.462'), ('SSH_AGENT_LAUNCHER', 'gnome-keyring'), ('SSH_AUTH_SOCK', '/run/user/1000/keyring/ssh'), ('AMENT_PREFIX_PATH', '/opt/ros/humble'), ('SHELL', '/bin/bash'), ('QT_ACCESSIBILITY', '1'), ('GDMSESSION', 'ubuntu'), ('LESSCLOSE', '/usr/bin/lesspipe %s %s'), ('QT_IM_MODULE', 'ibus'), ('PWD', '/home/msd/MSD2/REV4/build/my_robot'), ('XDG_CONFIG_DIRS', '/etc/xdg/xdg-ubuntu:/etc/xdg'), ('NVM_CD_FLAGS', ''), ('XDG_DATA_DIRS', '/usr/share/ubuntu:/usr/local/share/:/usr/share/:/var/lib/snapd/desktop'), ('PYTHONPATH', '/opt/ros/humble/lib/python3.10/site-packages:/opt/ros/humble/local/lib/python3.10/dist-packages'), ('COLCON', '1'), ('VTE_VERSION', '6800'), ('CMAKE_PREFIX_PATH', '/opt/ros/humble')]), 'shell': False}
[1.436163] (my_robot) StdoutLine: {'line': b'-- Install configuration: ""\n'}
[1.436468] (my_robot) StdoutLine: {'line': b'-- Installing: /home/msd/MSD2/REV4/install/my_robot/share/my_robot/urdf\n'}
[1.436700] (my_robot) StdoutLine: {'line': b'-- Installing: /home/msd/MSD2/REV4/install/my_robot/share/my_robot/urdf/gear_manipulator.urdf\n'}
[1.436828] (my_robot) StdoutLine: {'line': b'-- Installing: /home/msd/MSD2/REV4/install/my_robot/share/my_robot/launch\n'}
[1.436934] (my_robot) StdoutLine: {'line': b'-- Installing: /home/msd/MSD2/REV4/install/my_robot/share/my_robot/launch/display.launch.py\n'}
[1.437543] (my_robot) StdoutLine: {'line': b'-- Installing: /home/msd/MSD2/REV4/install/my_robot/share/ament_index/resource_index/package_run_dependencies/my_robot\n'}
[1.437847] (my_robot) StdoutLine: {'line': b'-- Installing: /home/msd/MSD2/REV4/install/my_robot/share/ament_index/resource_index/parent_prefix_path/my_robot\n'}
[1.438001] (my_robot) StdoutLine: {'line': b'-- Installing: /home/msd/MSD2/REV4/install/my_robot/share/my_robot/environment/ament_prefix_path.sh\n'}
[1.440860] (my_robot) StdoutLine: {'line': b'-- Installing: /home/msd/MSD2/REV4/install/my_robot/share/my_robot/environment/ament_prefix_path.dsv\n'}
[1.441135] (my_robot) StdoutLine: {'line': b'-- Installing: /home/msd/MSD2/REV4/install/my_robot/share/my_robot/environment/path.sh\n'}
[1.441257] (my_robot) StdoutLine: {'line': b'-- Installing: /home/msd/MSD2/REV4/install/my_robot/share/my_robot/environment/path.dsv\n'}
[1.441362] (my_robot) StdoutLine: {'line': b'-- Installing: /home/msd/MSD2/REV4/install/my_robot/share/my_robot/local_setup.bash\n'}
[1.441469] (my_robot) StdoutLine: {'line': b'-- Installing: /home/msd/MSD2/REV4/install/my_robot/share/my_robot/local_setup.sh\n'}
[1.441599] (my_robot) StdoutLine: {'line': b'-- Installing: /home/msd/MSD2/REV4/install/my_robot/share/my_robot/local_setup.zsh\n'}
[1.441705] (my_robot) StdoutLine: {'line': b'-- Installing: /home/msd/MSD2/REV4/install/my_robot/share/my_robot/local_setup.dsv\n'}
[1.441817] (my_robot) StdoutLine: {'line': b'-- Installing: /home/msd/MSD2/REV4/install/my_robot/share/my_robot/package.dsv\n'}
[1.441920] (my_robot) StdoutLine: {'line': b'-- Installing: /home/msd/MSD2/REV4/install/my_robot/share/ament_index/resource_index/packages/my_robot\n'}
[1.442024] (my_robot) StdoutLine: {'line': b'-- Installing: /home/msd/MSD2/REV4/install/my_robot/share/my_robot/cmake/my_robotConfig.cmake\n'}
[1.442132] (my_robot) StdoutLine: {'line': b'-- Installing: /home/msd/MSD2/REV4/install/my_robot/share/my_robot/cmake/my_robotConfig-version.cmake\n'}
[1.442238] (my_robot) StdoutLine: {'line': b'-- Installing: /home/msd/MSD2/REV4/install/my_robot/share/my_robot/package.xml\n'}
[1.444994] (my_robot) CommandEnded: {'returncode': 0}
[1.448456] (marge) StdoutLine: {'line': b'[ 25%] \x1b[32mBuilding CXX object CMakeFiles/icl_stepper.dir/src/ICLStepper.cpp.o\x1b[0m\n'}
[1.484829] (my_robot) JobEnded: {'identifier': 'my_robot', 'rc': 0}
[1.485381] (gear_manipulator_moveit_config) JobStarted: {'identifier': 'gear_manipulator_moveit_config'}
[1.486959] (robot_commander) StdoutLine: {'line': b'-- Found rmw_implementation_cmake: 6.1.2 (/opt/ros/humble/share/rmw_implementation_cmake/cmake)\n'}
[1.487224] (robot_hardware) StdoutLine: {'line': b'-- Found rmw_implementation_cmake: 6.1.2 (/opt/ros/humble/share/rmw_implementation_cmake/cmake)\n'}
[1.493414] (robot_commander) StdoutLine: {'line': b'-- Found rmw_fastrtps_cpp: 6.2.10 (/opt/ros/humble/share/rmw_fastrtps_cpp/cmake)\n'}
[1.493713] (robot_hardware) StdoutLine: {'line': b'-- Found rmw_fastrtps_cpp: 6.2.10 (/opt/ros/humble/share/rmw_fastrtps_cpp/cmake)\n'}
[1.496279] (gear_manipulator_moveit_config) JobProgress: {'identifier': 'gear_manipulator_moveit_config', 'progress': 'cmake'}
[1.497095] (gear_manipulator_moveit_config) Command: {'cmd': ['/usr/bin/cmake', '/home/msd/MSD2/REV4/src/gear_manipulator_moveit_config', '-DCMAKE_INSTALL_PREFIX=/home/msd/MSD2/REV4/install/gear_manipulator_moveit_config'], 'cwd': '/home/msd/MSD2/REV4/build/gear_manipulator_moveit_config', 'env': OrderedDict([('LESSOPEN', '| /usr/bin/lesspipe %s'), ('USER', 'msd'), ('XDG_SESSION_TYPE', 'wayland'), ('SHLVL', '1'), ('LD_LIBRARY_PATH', '/opt/ros/humble/opt/rviz_ogre_vendor/lib:/opt/ros/humble/lib/x86_64-linux-gnu:/opt/ros/humble/lib'), ('HOME', '/home/msd'), ('OLDPWD', '/home/msd'), ('DESKTOP_SESSION', 'ubuntu'), ('NVM_BIN', '/home/msd/.nvm/versions/node/v20.20.2/bin'), ('NVM_INC', '/home/msd/.nvm/versions/node/v20.20.2/include/node'), ('ROS_PYTHON_VERSION', '3'), ('GNOME_SHELL_SESSION_MODE', 'ubuntu'), ('GTK_MODULES', 'gail:atk-bridge'), ('SYSTEMD_EXEC_PID', '1614'), ('DBUS_SESSION_BUS_ADDRESS', 'unix:path=/run/user/1000/bus'), ('COLORTERM', 'truecolor'), ('NVM_DIR', '/home/msd/.nvm'), ('IM_CONFIG_PHASE', '1'), ('WAYLAND_DISPLAY', 'wayland-0'), ('ROS_DISTRO', 'humble'), ('LOGNAME', 'msd'), ('_', '/usr/bin/colcon'), ('ROS_VERSION', '2'), ('XDG_SESSION_CLASS', 'user'), ('USERNAME', 'msd'), ('TERM', 'xterm-256color'), ('GNOME_DESKTOP_SESSION_ID', 'this-is-deprecated'), ('ROS_LOCALHOST_ONLY', '0'), ('PATH', '/home/msd/.nvm/versions/node/v20.20.2/bin:/opt/ros/humble/bin:/usr/local/sbin:/usr/local/bin:/usr/sbin:/usr/bin:/sbin:/bin:/usr/games:/usr/local/games:/snap/bin:/snap/bin'), ('SESSION_MANAGER', 'local/msd-ThinkPad-E14:@/tmp/.ICE-unix/1576,unix/msd-ThinkPad-E14:/tmp/.ICE-unix/1576'), ('XDG_MENU_PREFIX', 'gnome-'), ('GNOME_TERMINAL_SCREEN', '/org/gnome/Terminal/screen/3d60da5e_eb95_4d77_aaed_fefa488ae096'), ('GNOME_SETUP_DISPLAY', ':1'), ('XDG_RUNTIME_DIR', '/run/user/1000'), ('DISPLAY', ':0'), ('LANG', 'en_US.UTF-8'), ('XDG_CURRENT_DESKTOP', 'ubuntu:GNOME'), ('XMODIFIERS', '@im=ibus'), ('XDG_SESSION_DESKTOP', 'ubuntu'), ('XAUTHORITY', '/run/user/1000/.mutter-Xwaylandauth.U47WV3'), ('LS_COLORS', 'rs=0:di=01;34:ln=01;36:mh=00:pi=40;33:so=01;35:do=01;35:bd=40;33;01:cd=40;33;01:or=40;31;01:mi=00:su=37;41:sg=30;43:ca=30;41:tw=30;42:ow=34;42:st=37;44:ex=01;32:*.tar=01;31:*.tgz=01;31:*.arc=01;31:*.arj=01;31:*.taz=01;31:*.lha=01;31:*.lz4=01;31:*.lzh=01;31:*.lzma=01;31:*.tlz=01;31:*.txz=01;31:*.tzo=01;31:*.t7z=01;31:*.zip=01;31:*.z=01;31:*.dz=01;31:*.gz=01;31:*.lrz=01;31:*.lz=01;31:*.lzo=01;31:*.xz=01;31:*.zst=01;31:*.tzst=01;31:*.bz2=01;31:*.bz=01;31:*.tbz=01;31:*.tbz2=01;31:*.tz=01;31:*.deb=01;31:*.rpm=01;31:*.jar=01;31:*.war=01;31:*.ear=01;31:*.sar=01;31:*.rar=01;31:*.alz=01;31:*.ace=01;31:*.zoo=01;31:*.cpio=01;31:*.7z=01;31:*.rz=01;31:*.cab=01;31:*.wim=01;31:*.swm=01;31:*.dwm=01;31:*.esd=01;31:*.jpg=01;35:*.jpeg=01;35:*.mjpg=01;35:*.mjpeg=01;35:*.gif=01;35:*.bmp=01;35:*.pbm=01;35:*.pgm=01;35:*.ppm=01;35:*.tga=01;35:*.xbm=01;35:*.xpm=01;35:*.tif=01;35:*.tiff=01;35:*.png=01;35:*.svg=01;35:*.svgz=01;35:*.mng=01;35:*.pcx=01;35:*.mov=01;35:*.mpg=01;35:*.mpeg=01;35:*.m2v=01;35:*.mkv=01;35:*.webm=01;35:*.webp=01;35:*.ogm=01;35:*.mp4=01;35:*.m4v=01;35:*.mp4v=01;35:*.vob=01;35:*.qt=01;35:*.nuv=01;35:*.wmv=01;35:*.asf=01;35:*.rm=01;35:*.rmvb=01;35:*.flc=01;35:*.avi=01;35:*.fli=01;35:*.flv=01;35:*.gl=01;35:*.dl=01;35:*.xcf=01;35:*.xwd=01;35:*.yuv=01;35:*.cgm=01;35:*.emf=01;35:*.ogv=01;35:*.ogx=01;35:*.aac=00;36:*.au=00;36:*.flac=00;36:*.m4a=00;36:*.mid=00;36:*.midi=00;36:*.mka=00;36:*.mp3=00;36:*.mpc=00;36:*.ogg=00;36:*.ra=00;36:*.wav=00;36:*.oga=00;36:*.opus=00;36:*.spx=00;36:*.xspf=00;36:'), ('GNOME_TERMINAL_SERVICE', ':1.462'), ('SSH_AGENT_LAUNCHER', 'gnome-keyring'), ('SSH_AUTH_SOCK', '/run/user/1000/keyring/ssh'), ('AMENT_PREFIX_PATH', '/home/msd/MSD2/REV4/install/my_robot:/opt/ros/humble'), ('SHELL', '/bin/bash'), ('QT_ACCESSIBILITY', '1'), ('GDMSESSION', 'ubuntu'), ('LESSCLOSE', '/usr/bin/lesspipe %s %s'), ('QT_IM_MODULE', 'ibus'), ('PWD', '/home/msd/MSD2/REV4/build/gear_manipulator_moveit_config'), ('XDG_CONFIG_DIRS', '/etc/xdg/xdg-ubuntu:/etc/xdg'), ('NVM_CD_FLAGS', ''), ('XDG_DATA_DIRS', '/usr/share/ubuntu:/usr/local/share/:/usr/share/:/var/lib/snapd/desktop'), ('PYTHONPATH', '/opt/ros/humble/lib/python3.10/site-packages:/opt/ros/humble/local/lib/python3.10/dist-packages'), ('COLCON', '1'), ('VTE_VERSION', '6800'), ('CMAKE_PREFIX_PATH', '/home/msd/MSD2/REV4/install/my_robot:/opt/ros/humble')]), 'shell': False}
[1.505041] (-) TimerEvent: {}
[1.558074] (robot_status_leds) Command: {'cmd': ['/usr/bin/python3', '-W', 'ignore:setup.py install is deprecated', '-W', 'ignore:easy_install command is deprecated', 'setup.py', 'egg_info', '--egg-base', '../../build/robot_status_leds', 'build', '--build-base', '/home/msd/MSD2/REV4/build/robot_status_leds/build', 'install', '--record', '/home/msd/MSD2/REV4/build/robot_status_leds/install.log', '--single-version-externally-managed', 'install_data'], 'cwd': '/home/msd/MSD2/REV4/src/robot_status_leds', 'env': {'LESSOPEN': '| /usr/bin/lesspipe %s', 'USER': 'msd', 'XDG_SESSION_TYPE': 'wayland', 'SHLVL': '1', 'LD_LIBRARY_PATH': '/opt/ros/humble/opt/rviz_ogre_vendor/lib:/opt/ros/humble/lib/x86_64-linux-gnu:/opt/ros/humble/lib', 'HOME': '/home/msd', 'OLDPWD': '/home/msd', 'DESKTOP_SESSION': 'ubuntu', 'NVM_BIN': '/home/msd/.nvm/versions/node/v20.20.2/bin', 'NVM_INC': '/home/msd/.nvm/versions/node/v20.20.2/include/node', 'ROS_PYTHON_VERSION': '3', 'GNOME_SHELL_SESSION_MODE': 'ubuntu', 'GTK_MODULES': 'gail:atk-bridge', 'SYSTEMD_EXEC_PID': '1614', 'DBUS_SESSION_BUS_ADDRESS': 'unix:path=/run/user/1000/bus', 'COLORTERM': 'truecolor', 'NVM_DIR': '/home/msd/.nvm', 'IM_CONFIG_PHASE': '1', 'WAYLAND_DISPLAY': 'wayland-0', 'ROS_DISTRO': 'humble', 'LOGNAME': 'msd', '_': '/usr/bin/colcon', 'ROS_VERSION': '2', 'XDG_SESSION_CLASS': 'user', 'USERNAME': 'msd', 'TERM': 'xterm-256color', 'GNOME_DESKTOP_SESSION_ID': 'this-is-deprecated', 'ROS_LOCALHOST_ONLY': '0', 'PATH': '/home/msd/.nvm/versions/node/v20.20.2/bin:/opt/ros/humble/bin:/usr/local/sbin:/usr/local/bin:/usr/sbin:/usr/bin:/sbin:/bin:/usr/games:/usr/local/games:/snap/bin:/snap/bin', 'SESSION_MANAGER': 'local/msd-ThinkPad-E14:@/tmp/.ICE-unix/1576,unix/msd-ThinkPad-E14:/tmp/.ICE-unix/1576', 'XDG_MENU_PREFIX': 'gnome-', 'GNOME_TERMINAL_SCREEN': '/org/gnome/Terminal/screen/3d60da5e_eb95_4d77_aaed_fefa488ae096', 'GNOME_SETUP_DISPLAY': ':1', 'XDG_RUNTIME_DIR': '/run/user/1000', 'DISPLAY': ':0', 'LANG': 'en_US.UTF-8', 'XDG_CURRENT_DESKTOP': 'ubuntu:GNOME', 'XMODIFIERS': '@im=ibus', 'XDG_SESSION_DESKTOP': 'ubuntu', 'XAUTHORITY': '/run/user/1000/.mutter-Xwaylandauth.U47WV3', 'LS_COLORS': 'rs=0:di=01;34:ln=01;36:mh=00:pi=40;33:so=01;35:do=01;35:bd=40;33;01:cd=40;33;01:or=40;31;01:mi=00:su=37;41:sg=30;43:ca=30;41:tw=30;42:ow=34;42:st=37;44:ex=01;32:*.tar=01;31:*.tgz=01;31:*.arc=01;31:*.arj=01;31:*.taz=01;31:*.lha=01;31:*.lz4=01;31:*.lzh=01;31:*.lzma=01;31:*.tlz=01;31:*.txz=01;31:*.tzo=01;31:*.t7z=01;31:*.zip=01;31:*.z=01;31:*.dz=01;31:*.gz=01;31:*.lrz=01;31:*.lz=01;31:*.lzo=01;31:*.xz=01;31:*.zst=01;31:*.tzst=01;31:*.bz2=01;31:*.bz=01;31:*.tbz=01;31:*.tbz2=01;31:*.tz=01;31:*.deb=01;31:*.rpm=01;31:*.jar=01;31:*.war=01;31:*.ear=01;31:*.sar=01;31:*.rar=01;31:*.alz=01;31:*.ace=01;31:*.zoo=01;31:*.cpio=01;31:*.7z=01;31:*.rz=01;31:*.cab=01;31:*.wim=01;31:*.swm=01;31:*.dwm=01;31:*.esd=01;31:*.jpg=01;35:*.jpeg=01;35:*.mjpg=01;35:*.mjpeg=01;35:*.gif=01;35:*.bmp=01;35:*.pbm=01;35:*.pgm=01;35:*.ppm=01;35:*.tga=01;35:*.xbm=01;35:*.xpm=01;35:*.tif=01;35:*.tiff=01;35:*.png=01;35:*.svg=01;35:*.svgz=01;35:*.mng=01;35:*.pcx=01;35:*.mov=01;35:*.mpg=01;35:*.mpeg=01;35:*.m2v=01;35:*.mkv=01;35:*.webm=01;35:*.webp=01;35:*.ogm=01;35:*.mp4=01;35:*.m4v=01;35:*.mp4v=01;35:*.vob=01;35:*.qt=01;35:*.nuv=01;35:*.wmv=01;35:*.asf=01;35:*.rm=01;35:*.rmvb=01;35:*.flc=01;35:*.avi=01;35:*.fli=01;35:*.flv=01;35:*.gl=01;35:*.dl=01;35:*.xcf=01;35:*.xwd=01;35:*.yuv=01;35:*.cgm=01;35:*.emf=01;35:*.ogv=01;35:*.ogx=01;35:*.aac=00;36:*.au=00;36:*.flac=00;36:*.m4a=00;36:*.mid=00;36:*.midi=00;36:*.mka=00;36:*.mp3=00;36:*.mpc=00;36:*.ogg=00;36:*.ra=00;36:*.wav=00;36:*.oga=00;36:*.opus=00;36:*.spx=00;36:*.xspf=00;36:', 'GNOME_TERMINAL_SERVICE': ':1.462', 'SSH_AGENT_LAUNCHER': 'gnome-keyring', 'SSH_AUTH_SOCK': '/run/user/1000/keyring/ssh', 'AMENT_PREFIX_PATH': '/opt/ros/humble', 'SHELL': '/bin/bash', 'QT_ACCESSIBILITY': '1', 'GDMSESSION': 'ubuntu', 'LESSCLOSE': '/usr/bin/lesspipe %s %s', 'QT_IM_MODULE': 'ibus', 'PWD': '/home/msd/MSD2/REV4/build/robot_status_leds', 'XDG_CONFIG_DIRS': '/etc/xdg/xdg-ubuntu:/etc/xdg', 'NVM_CD_FLAGS': '', 'XDG_DATA_DIRS': '/usr/share/ubuntu:/usr/local/share/:/usr/share/:/var/lib/snapd/desktop', 'PYTHONPATH': '/home/msd/MSD2/REV4/build/robot_status_leds/prefix_override:/usr/lib/python3/dist-packages/colcon_core/task/python/colcon_distutils_commands:/home/msd/MSD2/REV4/install/robot_status_leds/lib/python3.10/site-packages:/opt/ros/humble/lib/python3.10/site-packages:/opt/ros/humble/local/lib/python3.10/dist-packages', 'COLCON': '1', 'VTE_VERSION': '6800'}, 'shell': False}
[1.563177] (spotarm_assembly_description) Command: {'cmd': ['/usr/bin/python3', '-W', 'ignore:setup.py install is deprecated', '-W', 'ignore:easy_install command is deprecated', 'setup.py', 'develop', '--uninstall', '--editable', '--build-directory', '/home/msd/MSD2/REV4/build/spotarm_assembly_description/build'], 'cwd': '/home/msd/MSD2/REV4/build/spotarm_assembly_description', 'env': {'LESSOPEN': '| /usr/bin/lesspipe %s', 'USER': 'msd', 'XDG_SESSION_TYPE': 'wayland', 'SHLVL': '1', 'LD_LIBRARY_PATH': '/opt/ros/humble/opt/rviz_ogre_vendor/lib:/opt/ros/humble/lib/x86_64-linux-gnu:/opt/ros/humble/lib', 'HOME': '/home/msd', 'OLDPWD': '/home/msd', 'DESKTOP_SESSION': 'ubuntu', 'NVM_BIN': '/home/msd/.nvm/versions/node/v20.20.2/bin', 'NVM_INC': '/home/msd/.nvm/versions/node/v20.20.2/include/node', 'ROS_PYTHON_VERSION': '3', 'GNOME_SHELL_SESSION_MODE': 'ubuntu', 'GTK_MODULES': 'gail:atk-bridge', 'SYSTEMD_EXEC_PID': '1614', 'DBUS_SESSION_BUS_ADDRESS': 'unix:path=/run/user/1000/bus', 'COLORTERM': 'truecolor', 'NVM_DIR': '/home/msd/.nvm', 'IM_CONFIG_PHASE': '1', 'WAYLAND_DISPLAY': 'wayland-0', 'ROS_DISTRO': 'humble', 'LOGNAME': 'msd', '_': '/usr/bin/colcon', 'ROS_VERSION': '2', 'XDG_SESSION_CLASS': 'user', 'USERNAME': 'msd', 'TERM': 'xterm-256color', 'GNOME_DESKTOP_SESSION_ID': 'this-is-deprecated', 'ROS_LOCALHOST_ONLY': '0', 'PATH': '/home/msd/.nvm/versions/node/v20.20.2/bin:/opt/ros/humble/bin:/usr/local/sbin:/usr/local/bin:/usr/sbin:/usr/bin:/sbin:/bin:/usr/games:/usr/local/games:/snap/bin:/snap/bin', 'SESSION_MANAGER': 'local/msd-ThinkPad-E14:@/tmp/.ICE-unix/1576,unix/msd-ThinkPad-E14:/tmp/.ICE-unix/1576', 'XDG_MENU_PREFIX': 'gnome-', 'GNOME_TERMINAL_SCREEN': '/org/gnome/Terminal/screen/3d60da5e_eb95_4d77_aaed_fefa488ae096', 'GNOME_SETUP_DISPLAY': ':1', 'XDG_RUNTIME_DIR': '/run/user/1000', 'DISPLAY': ':0', 'LANG': 'en_US.UTF-8', 'XDG_CURRENT_DESKTOP': 'ubuntu:GNOME', 'XMODIFIERS': '@im=ibus', 'XDG_SESSION_DESKTOP': 'ubuntu', 'XAUTHORITY': '/run/user/1000/.mutter-Xwaylandauth.U47WV3', 'LS_COLORS': 'rs=0:di=01;34:ln=01;36:mh=00:pi=40;33:so=01;35:do=01;35:bd=40;33;01:cd=40;33;01:or=40;31;01:mi=00:su=37;41:sg=30;43:ca=30;41:tw=30;42:ow=34;42:st=37;44:ex=01;32:*.tar=01;31:*.tgz=01;31:*.arc=01;31:*.arj=01;31:*.taz=01;31:*.lha=01;31:*.lz4=01;31:*.lzh=01;31:*.lzma=01;31:*.tlz=01;31:*.txz=01;31:*.tzo=01;31:*.t7z=01;31:*.zip=01;31:*.z=01;31:*.dz=01;31:*.gz=01;31:*.lrz=01;31:*.lz=01;31:*.lzo=01;31:*.xz=01;31:*.zst=01;31:*.tzst=01;31:*.bz2=01;31:*.bz=01;31:*.tbz=01;31:*.tbz2=01;31:*.tz=01;31:*.deb=01;31:*.rpm=01;31:*.jar=01;31:*.war=01;31:*.ear=01;31:*.sar=01;31:*.rar=01;31:*.alz=01;31:*.ace=01;31:*.zoo=01;31:*.cpio=01;31:*.7z=01;31:*.rz=01;31:*.cab=01;31:*.wim=01;31:*.swm=01;31:*.dwm=01;31:*.esd=01;31:*.jpg=01;35:*.jpeg=01;35:*.mjpg=01;35:*.mjpeg=01;35:*.gif=01;35:*.bmp=01;35:*.pbm=01;35:*.pgm=01;35:*.ppm=01;35:*.tga=01;35:*.xbm=01;35:*.xpm=01;35:*.tif=01;35:*.tiff=01;35:*.png=01;35:*.svg=01;35:*.svgz=01;35:*.mng=01;35:*.pcx=01;35:*.mov=01;35:*.mpg=01;35:*.mpeg=01;35:*.m2v=01;35:*.mkv=01;35:*.webm=01;35:*.webp=01;35:*.ogm=01;35:*.mp4=01;35:*.m4v=01;35:*.mp4v=01;35:*.vob=01;35:*.qt=01;35:*.nuv=01;35:*.wmv=01;35:*.asf=01;35:*.rm=01;35:*.rmvb=01;35:*.flc=01;35:*.avi=01;35:*.fli=01;35:*.flv=01;35:*.gl=01;35:*.dl=01;35:*.xcf=01;35:*.xwd=01;35:*.yuv=01;35:*.cgm=01;35:*.emf=01;35:*.ogv=01;35:*.ogx=01;35:*.aac=00;36:*.au=00;36:*.flac=00;36:*.m4a=00;36:*.mid=00;36:*.midi=00;36:*.mka=00;36:*.mp3=00;36:*.mpc=00;36:*.ogg=00;36:*.ra=00;36:*.wav=00;36:*.oga=00;36:*.opus=00;36:*.spx=00;36:*.xspf=00;36:', 'GNOME_TERMINAL_SERVICE': ':1.462', 'SSH_AGENT_LAUNCHER': 'gnome-keyring', 'SSH_AUTH_SOCK': '/run/user/1000/keyring/ssh', 'AMENT_PREFIX_PATH': '/opt/ros/humble', 'SHELL': '/bin/bash', 'QT_ACCESSIBILITY': '1', 'GDMSESSION': 'ubuntu', 'LESSCLOSE': '/usr/bin/lesspipe %s %s', 'QT_IM_MODULE': 'ibus', 'PWD': '/home/msd/MSD2/REV4/build/spotarm_assembly_description', 'XDG_CONFIG_DIRS': '/etc/xdg/xdg-ubuntu:/etc/xdg', 'NVM_CD_FLAGS': '', 'XDG_DATA_DIRS': '/usr/share/ubuntu:/usr/local/share/:/usr/share/:/var/lib/snapd/desktop', 'PYTHONPATH': '/home/msd/MSD2/REV4/build/spotarm_assembly_description/prefix_override:/usr/lib/python3/dist-packages/colcon_core/task/python/colcon_distutils_commands:/home/msd/MSD2/REV4/install/spotarm_assembly_description/lib/python3.10/site-packages:/opt/ros/humble/lib/python3.10/site-packages:/opt/ros/humble/local/lib/python3.10/dist-packages', 'COLCON': '1', 'VTE_VERSION': '6800'}, 'shell': False}
[1.605208] (-) TimerEvent: {}
[1.607896] (gear_manipulator_moveit_config) StdoutLine: {'line': b'-- The C compiler identification is GNU 11.4.0\n'}
[1.613213] (stepper_test) StdoutLine: {'line': b'-- Found Python3: /usr/bin/python3 (found version "3.10.12") found components: Interpreter \n'}
[1.673447] (robot_commander) StdoutLine: {'line': b'-- Found OpenSSL: /usr/lib/x86_64-linux-gnu/libcrypto.so (found version "3.0.2")  \n'}
[1.674598] (robot_hardware) StdoutLine: {'line': b'-- Found OpenSSL: /usr/lib/x86_64-linux-gnu/libcrypto.so (found version "3.0.2")  \n'}
[1.691626] (robot_servoing) StdoutLine: {'line': b'-- Found control_toolbox: 3.6.3 (/opt/ros/humble/share/control_toolbox/cmake)\n'}
[1.705321] (-) TimerEvent: {}
[1.709923] (gear_manipulator_moveit_config) StdoutLine: {'line': b'-- The CXX compiler identification is GNU 11.4.0\n'}
[1.721653] (gear_manipulator_moveit_config) StdoutLine: {'line': b'-- Detecting C compiler ABI info\n'}
[1.724507] (robot_hardware) StdoutLine: {'line': b'-- Found FastRTPS: /opt/ros/humble/include  \n'}
[1.724817] (robot_commander) StdoutLine: {'line': b'-- Found FastRTPS: /opt/ros/humble/include  \n'}
[1.776627] (robot_servoing) StdoutLine: {'line': b'-- Found rmw_implementation_cmake: 6.1.2 (/opt/ros/humble/share/rmw_implementation_cmake/cmake)\n'}
[1.780281] (robot_servoing) StdoutLine: {'line': b'-- Found rmw_fastrtps_cpp: 6.2.10 (/opt/ros/humble/share/rmw_fastrtps_cpp/cmake)\n'}
[1.782947] (robot_commander) StdoutLine: {'line': b"-- Using RMW implementation 'rmw_fastrtps_cpp' as default\n"}
[1.790519] (stepper_test) StdoutLine: {'line': b'-- Found rclcpp: 16.0.19 (/opt/ros/humble/share/rclcpp/cmake)\n'}
[1.796568] (robot_hardware) StdoutLine: {'line': b"-- Using RMW implementation 'rmw_fastrtps_cpp' as default\n"}
[1.799104] (robot_commander) StdoutLine: {'line': b'-- Looking for pthread.h\n'}
[1.806566] (-) TimerEvent: {}
[1.811508] (robot_hardware) StdoutLine: {'line': b'-- Looking for pthread.h\n'}
[1.864071] (gear_manipulator_moveit_config) StdoutLine: {'line': b'-- Detecting C compiler ABI info - done\n'}
[1.864387] (stepper_test) StdoutLine: {'line': b'-- Found rosidl_generator_c: 3.1.8 (/opt/ros/humble/share/rosidl_generator_c/cmake)\n'}
[1.874048] (stepper_test) StdoutLine: {'line': b'-- Found rosidl_adapter: 3.1.8 (/opt/ros/humble/share/rosidl_adapter/cmake)\n'}
[1.885150] (gear_manipulator_moveit_config) StdoutLine: {'line': b'-- Check for working C compiler: /usr/bin/cc - skipped\n'}
[1.885841] (gear_manipulator_moveit_config) StdoutLine: {'line': b'-- Detecting C compile features\n'}
[1.887615] (gear_manipulator_moveit_config) StdoutLine: {'line': b'-- Detecting C compile features - done\n'}
[1.891898] (gear_manipulator_moveit_config) StdoutLine: {'line': b'-- Detecting CXX compiler ABI info\n'}
[1.892690] (stepper_test) StdoutLine: {'line': b'-- Found rosidl_generator_cpp: 3.1.8 (/opt/ros/humble/share/rosidl_generator_cpp/cmake)\n'}
[1.906709] (-) TimerEvent: {}
[1.917224] (stepper_test) StdoutLine: {'line': b'-- Using all available rosidl_typesupport_c: rosidl_typesupport_fastrtps_c;rosidl_typesupport_introspection_c\n'}
[1.936018] (robot_commander) StdoutLine: {'line': b'-- Looking for pthread.h - found\n'}
[1.940732] (robot_servoing) StdoutLine: {'line': b'-- Found OpenSSL: /usr/lib/x86_64-linux-gnu/libcrypto.so (found version "3.0.2")  \n'}
[1.943612] (robot_commander) StdoutLine: {'line': b'-- Performing Test CMAKE_HAVE_LIBC_PTHREAD\n'}
[1.948246] (robot_hardware) StdoutLine: {'line': b'-- Looking for pthread.h - found\n'}
[1.948854] (robot_hardware) StdoutLine: {'line': b'-- Performing Test CMAKE_HAVE_LIBC_PTHREAD\n'}
[1.955887] (stepper_test) StdoutLine: {'line': b'-- Using all available rosidl_typesupport_cpp: rosidl_typesupport_fastrtps_cpp;rosidl_typesupport_introspection_cpp\n'}
[1.984778] (robot_servoing) StdoutLine: {'line': b'-- Found FastRTPS: /opt/ros/humble/include  \n'}
[2.005712] (marge) StderrLine: {'line': b'In file included from \x1b[01m\x1b[K/home/msd/MSD2/REV4/src/marge/src/ICLStepper.cpp:1\x1b[m\x1b[K:\n'}
[2.005998] (marge) StderrLine: {'line': b'\x1b[01m\x1b[K/home/msd/MSD2/REV4/src/marge/include/marge/ICLStepper.h:\x1b[m\x1b[K In constructor \xe2\x80\x98\x1b[01m\x1b[KICLStepper::ICLStepper(int, modbus_t*, int, int)\x1b[m\x1b[K\xe2\x80\x99:\n'}
[2.006126] (marge) StderrLine: {'line': b'\x1b[01m\x1b[K/home/msd/MSD2/REV4/src/marge/include/marge/ICLStepper.h:30:9:\x1b[m\x1b[K \x1b[01;35m\x1b[Kwarning: \x1b[m\x1b[K\xe2\x80\x98\x1b[01m\x1b[KICLStepper::gear_ratio_\x1b[m\x1b[K\xe2\x80\x99 will be initialized after [\x1b[01;35m\x1b[K\x1b]8;;https://gcc.gnu.org/onlinedocs/gcc/Warning-Options.html#index-Wreorder\x07-Wreorder\x1b]8;;\x07\x1b[m\x1b[K]\n'}
[2.006234] (marge) StderrLine: {'line': b'   30 |     int \x1b[01;35m\x1b[Kgear_ratio_\x1b[m\x1b[K;\n'}
[2.006325] (marge) StderrLine: {'line': b'      |         \x1b[01;35m\x1b[K^~~~~~~~~~~\x1b[m\x1b[K\n'}
[2.006412] (marge) StderrLine: {'line': b'\x1b[01m\x1b[K/home/msd/MSD2/REV4/src/marge/include/marge/ICLStepper.h:28:9:\x1b[m\x1b[K \x1b[01;35m\x1b[Kwarning: \x1b[m\x1b[K  \xe2\x80\x98\x1b[01m\x1b[Kint ICLStepper::delay_us_\x1b[m\x1b[K\xe2\x80\x99 [\x1b[01;35m\x1b[K\x1b]8;;https://gcc.gnu.org/onlinedocs/gcc/Warning-Options.html#index-Wreorder\x07-Wreorder\x1b]8;;\x07\x1b[m\x1b[K]\n'}
[2.006514] (marge) StderrLine: {'line': b'   28 |     int \x1b[01;35m\x1b[Kdelay_us_\x1b[m\x1b[K;\n'}
[2.006609] (marge) StderrLine: {'line': b'      |         \x1b[01;35m\x1b[K^~~~~~~~~\x1b[m\x1b[K\n'}
[2.006687] (-) TimerEvent: {}
[2.010199] (marge) StderrLine: {'line': b'\x1b[01m\x1b[K/home/msd/MSD2/REV4/src/marge/src/ICLStepper.cpp:9:1:\x1b[m\x1b[K \x1b[01;35m\x1b[Kwarning: \x1b[m\x1b[K  when initialized here [\x1b[01;35m\x1b[K\x1b]8;;https://gcc.gnu.org/onlinedocs/gcc/Warning-Options.html#index-Wreorder\x07-Wreorder\x1b]8;;\x07\x1b[m\x1b[K]\n'}
[2.010442] (marge) StderrLine: {'line': b'    9 | \x1b[01;35m\x1b[KICLStepper\x1b[m\x1b[K::ICLStepper(int slave_id, modbus_t* ctx, int pulses_per_revolution, int gear_ratio)\n'}
[2.010588] (marge) StderrLine: {'line': b'      | \x1b[01;35m\x1b[K^~~~~~~~~~\x1b[m\x1b[K\n'}
[2.017682] (marge) StderrLine: {'line': b'\x1b[01m\x1b[K/home/msd/MSD2/REV4/src/marge/src/ICLStepper.cpp:\x1b[m\x1b[K In member function \xe2\x80\x98\x1b[01m\x1b[Kint ICLStepper::home(double, double, bool, double)\x1b[m\x1b[K\xe2\x80\x99:\n'}
[2.017988] (marge) StderrLine: {'line': b'\x1b[01m\x1b[K/home/msd/MSD2/REV4/src/marge/src/ICLStepper.cpp:229:20:\x1b[m\x1b[K \x1b[01;35m\x1b[Kwarning: \x1b[m\x1b[Knarrowing conversion of \xe2\x80\x98\x1b[01m\x1b[K(clockwise ? 7 : 6)\x1b[m\x1b[K\xe2\x80\x99 from \xe2\x80\x98\x1b[01m\x1b[Kint\x1b[m\x1b[K\xe2\x80\x99 to \xe2\x80\x98\x1b[01m\x1b[Kuint16_t\x1b[m\x1b[K\xe2\x80\x99 {aka \xe2\x80\x98\x1b[01m\x1b[Kshort unsigned int\x1b[m\x1b[K\xe2\x80\x99} [\x1b[01;35m\x1b[K\x1b]8;;https://gcc.gnu.org/onlinedocs/gcc/Warning-Options.html#index-Wnarrowing\x07-Wnarrowing\x1b]8;;\x07\x1b[m\x1b[K]\n'}
[2.018139] (marge) StderrLine: {'line': b'  229 |         \x1b[01;35m\x1b[K(clockwise ? 0b111 : 0b110)\x1b[m\x1b[K, // Homing mode\n'}
[2.018247] (marge) StderrLine: {'line': b'      |         \x1b[01;35m\x1b[K~~~~~~~~~~~^~~~~~~~~~~~~~~~\x1b[m\x1b[K\n'}
[2.018348] (marge) StderrLine: {'line': b'\x1b[01m\x1b[K/home/msd/MSD2/REV4/src/marge/src/ICLStepper.cpp:234:9:\x1b[m\x1b[K \x1b[01;35m\x1b[Kwarning: \x1b[m\x1b[Knarrowing conversion of \xe2\x80\x98\x1b[01m\x1b[Khigh_velocity_rpm\x1b[m\x1b[K\xe2\x80\x99 from \xe2\x80\x98\x1b[01m\x1b[Kuint\x1b[m\x1b[K\xe2\x80\x99 {aka \xe2\x80\x98\x1b[01m\x1b[Kunsigned int\x1b[m\x1b[K\xe2\x80\x99} to \xe2\x80\x98\x1b[01m\x1b[Kuint16_t\x1b[m\x1b[K\xe2\x80\x99 {aka \xe2\x80\x98\x1b[01m\x1b[Kshort unsigned int\x1b[m\x1b[K\xe2\x80\x99} [\x1b[01;35m\x1b[K\x1b]8;;https://gcc.gnu.org/onlinedocs/gcc/Warning-Options.html#index-Wnarrowing\x07-Wnarrowing\x1b]8;;\x07\x1b[m\x1b[K]\n'}
[2.018469] (marge) StderrLine: {'line': b'  234 |         \x1b[01;35m\x1b[Khigh_velocity_rpm\x1b[m\x1b[K,    // Homing high velocity\n'}
[2.018599] (marge) StderrLine: {'line': b'      |         \x1b[01;35m\x1b[K^~~~~~~~~~~~~~~~~\x1b[m\x1b[K\n'}
[2.018698] (marge) StderrLine: {'line': b'\x1b[01m\x1b[K/home/msd/MSD2/REV4/src/marge/src/ICLStepper.cpp:235:9:\x1b[m\x1b[K \x1b[01;35m\x1b[Kwarning: \x1b[m\x1b[Knarrowing conversion of \xe2\x80\x98\x1b[01m\x1b[Klow_velocity_rpm\x1b[m\x1b[K\xe2\x80\x99 from \xe2\x80\x98\x1b[01m\x1b[Kuint\x1b[m\x1b[K\xe2\x80\x99 {aka \xe2\x80\x98\x1b[01m\x1b[Kunsigned int\x1b[m\x1b[K\xe2\x80\x99} to \xe2\x80\x98\x1b[01m\x1b[Kuint16_t\x1b[m\x1b[K\xe2\x80\x99 {aka \xe2\x80\x98\x1b[01m\x1b[Kshort unsigned int\x1b[m\x1b[K\xe2\x80\x99} [\x1b[01;35m\x1b[K\x1b]8;;https://gcc.gnu.org/onlinedocs/gcc/Warning-Options.html#index-Wnarrowing\x07-Wnarrowing\x1b]8;;\x07\x1b[m\x1b[K]\n'}
[2.018802] (marge) StderrLine: {'line': b'  235 |         \x1b[01;35m\x1b[Klow_velocity_rpm\x1b[m\x1b[K,      // Homing low velocity\n'}
[2.018899] (marge) StderrLine: {'line': b'      |         \x1b[01;35m\x1b[K^~~~~~~~~~~~~~~~\x1b[m\x1b[K\n'}
[2.043749] (stepper_test) StdoutLine: {'line': b'-- Found rmw_implementation_cmake: 6.1.2 (/opt/ros/humble/share/rmw_implementation_cmake/cmake)\n'}
[2.049557] (gear_manipulator_moveit_config) StdoutLine: {'line': b'-- Detecting CXX compiler ABI info - done\n'}
[2.049824] (stepper_test) StdoutLine: {'line': b'-- Found rmw_fastrtps_cpp: 6.2.10 (/opt/ros/humble/share/rmw_fastrtps_cpp/cmake)\n'}
[2.063797] (gear_manipulator_moveit_config) StdoutLine: {'line': b'-- Check for working CXX compiler: /usr/bin/c++ - skipped\n'}
[2.064176] (gear_manipulator_moveit_config) StdoutLine: {'line': b'-- Detecting CXX compile features\n'}
[2.065244] (gear_manipulator_moveit_config) StdoutLine: {'line': b'-- Detecting CXX compile features - done\n'}
[2.069401] (gear_manipulator_moveit_config) StdoutLine: {'line': b'-- Found ament_cmake: 1.3.14 (/opt/ros/humble/share/ament_cmake/cmake)\n'}
[2.071308] (robot_servoing) StdoutLine: {'line': b"-- Using RMW implementation 'rmw_fastrtps_cpp' as default\n"}
[2.080930] (robot_commander) StdoutLine: {'line': b'-- Performing Test CMAKE_HAVE_LIBC_PTHREAD - Success\n'}
[2.082356] (robot_servoing) StdoutLine: {'line': b'-- Looking for pthread.h\n'}
[2.082653] (robot_hardware) StdoutLine: {'line': b'-- Performing Test CMAKE_HAVE_LIBC_PTHREAD - Success\n'}
[2.084135] (robot_hardware) StdoutLine: {'line': b'-- Found Threads: TRUE  \n'}
[2.088626] (robot_commander) StdoutLine: {'line': b'-- Found Threads: TRUE  \n'}
[2.106802] (-) TimerEvent: {}
[2.136326] (marge) StderrLine: {'line': b'\x1b[01m\x1b[K/home/msd/MSD2/REV4/src/marge/src/ICLStepper.cpp:\x1b[m\x1b[K In member function \xe2\x80\x98\x1b[01m\x1b[Kint ICLStepper::set_as_home()\x1b[m\x1b[K\xe2\x80\x99:\n'}
[2.136788] (marge) StderrLine: {'line': b'\x1b[01m\x1b[K/home/msd/MSD2/REV4/src/marge/src/ICLStepper.cpp:290:1:\x1b[m\x1b[K \x1b[01;35m\x1b[Kwarning: \x1b[m\x1b[Kcontrol reaches end of non-void function [\x1b[01;35m\x1b[K\x1b]8;;https://gcc.gnu.org/onlinedocs/gcc/Warning-Options.html#index-Wreturn-type\x07-Wreturn-type\x1b]8;;\x07\x1b[m\x1b[K]\n'}
[2.136981] (marge) StderrLine: {'line': b'  290 | \x1b[01;35m\x1b[K}\x1b[m\x1b[K\n'}
[2.137076] (marge) StderrLine: {'line': b'      | \x1b[01;35m\x1b[K^\x1b[m\x1b[K\n'}
[2.199647] (marge) StdoutLine: {'line': b'[ 50%] \x1b[32m\x1b[1mLinking CXX shared library libicl_stepper.so\x1b[0m\n'}
[2.199928] (stepper_test) StdoutLine: {'line': b'-- Found OpenSSL: /usr/lib/x86_64-linux-gnu/libcrypto.so (found version "3.0.2")  \n'}
[2.203677] (robot_commander) StdoutLine: {'line': b'-- Found moveit_ros_planning_interface: 2.5.9 (/opt/ros/humble/share/moveit_ros_planning_interface/cmake)\n'}
[2.204631] (robot_hardware) StdoutLine: {'line': b'-- Found rclcpp_lifecycle: 16.0.19 (/opt/ros/humble/share/rclcpp_lifecycle/cmake)\n'}
[2.206924] (-) TimerEvent: {}
[2.214915] (robot_servoing) StdoutLine: {'line': b'-- Looking for pthread.h - found\n'}
[2.215249] (robot_servoing) StdoutLine: {'line': b'-- Performing Test CMAKE_HAVE_LIBC_PTHREAD\n'}
[2.241445] (stepper_test) StdoutLine: {'line': b'-- Found FastRTPS: /opt/ros/humble/include  \n'}
[2.250143] (robot_commander) StdoutLine: {'line': b'-- Found Boost: /usr/lib/x86_64-linux-gnu/cmake/Boost-1.74.0/BoostConfig.cmake (found version "1.74.0") found components: date_time filesystem program_options system thread \n'}
[2.252034] (robot_hardware) StdoutLine: {'line': b'-- Found hardware_interface: 2.53.1 (/opt/ros/humble/share/hardware_interface/cmake)\n'}
[2.301530] (stepper_test) StdoutLine: {'line': b"-- Using RMW implementation 'rmw_fastrtps_cpp' as default\n"}
[2.307048] (-) TimerEvent: {}
[2.313314] (stepper_test) StdoutLine: {'line': b'-- Looking for pthread.h\n'}
[2.345706] (marge) StdoutLine: {'line': b'[ 50%] Built target icl_stepper\n'}
[2.349976] (robot_servoing) StdoutLine: {'line': b'-- Performing Test CMAKE_HAVE_LIBC_PTHREAD - Success\n'}
[2.353647] (robot_servoing) StdoutLine: {'line': b'-- Found Threads: TRUE  \n'}
[2.355444] (gear_manipulator_moveit_config) StdoutLine: {'line': b'-- Found Python3: /usr/bin/python3 (found version "3.10.12") found components: Interpreter \n'}
[2.379191] (marge) StdoutLine: {'line': b'[ 75%] \x1b[32mBuilding CXX object CMakeFiles/homer.dir/src/homer.cpp.o\x1b[0m\n'}
[2.407163] (-) TimerEvent: {}
[2.422930] (stepper_test) StdoutLine: {'line': b'-- Looking for pthread.h - found\n'}
[2.425552] (stepper_test) StdoutLine: {'line': b'-- Performing Test CMAKE_HAVE_LIBC_PTHREAD\n'}
[2.499521] (robot_hardware) StdoutLine: {'line': b'-- Found PkgConfig: /usr/bin/pkg-config (found version "0.29.2") \n'}
[2.500605] (robot_hardware) StdoutLine: {'line': b"-- Checking for module 'libmodbus'\n"}
[2.507323] (-) TimerEvent: {}
[2.521697] (robot_hardware) StdoutLine: {'line': b'--   Found libmodbus, version 3.1.6\n'}
[2.530338] (stepper_test) StdoutLine: {'line': b'-- Performing Test CMAKE_HAVE_LIBC_PTHREAD - Success\n'}
[2.531986] (stepper_test) StdoutLine: {'line': b'-- Found Threads: TRUE  \n'}
[2.554017] (robot_servoing) StdoutLine: {'line': b'-- Found moveit_core: 2.5.9 (/opt/ros/humble/share/moveit_core/cmake)\n'}
[2.556851] (robot_commander) StdoutLine: {'line': b'-- Found Boost: /usr/lib/x86_64-linux-gnu/cmake/Boost-1.74.0/BoostConfig.cmake (found version "1.74.0") found components: chrono date_time filesystem iostreams program_options regex serialization system thread \n'}
[2.600363] (robot_servoing) StdoutLine: {'line': b'-- Found Boost: /usr/lib/x86_64-linux-gnu/cmake/Boost-1.74.0/BoostConfig.cmake (found version "1.74.0") found components: chrono date_time filesystem iostreams program_options regex serialization system thread \n'}
[2.607423] (-) TimerEvent: {}
[2.609069] (robot_commander) StdoutLine: {'line': b'-- Found parameter_traits: 0.7.1 (/opt/ros/humble/share/parameter_traits/cmake)\n'}
[2.623076] (gear_manipulator_moveit_config) StdoutLine: {'line': b'-- Configuring done\n'}
[2.627052] (gear_manipulator_moveit_config) StdoutLine: {'line': b'-- Generating done\n'}
[2.628243] (robot_commander) StdoutLine: {'line': b'-- Found rclcpp_lifecycle: 16.0.19 (/opt/ros/humble/share/rclcpp_lifecycle/cmake)\n'}
[2.630178] (gear_manipulator_moveit_config) StdoutLine: {'line': b'-- Build files have been written to: /home/msd/MSD2/REV4/build/gear_manipulator_moveit_config\n'}
[2.638754] (robot_status_leds) StdoutLine: {'line': b'running egg_info\n'}
[2.639193] (robot_status_leds) StdoutLine: {'line': b'creating ../../build/robot_status_leds/robot_status_leds.egg-info\n'}
[2.639315] (robot_status_leds) StdoutLine: {'line': b'writing ../../build/robot_status_leds/robot_status_leds.egg-info/PKG-INFO\n'}
[2.639404] (robot_status_leds) StdoutLine: {'line': b'writing dependency_links to ../../build/robot_status_leds/robot_status_leds.egg-info/dependency_links.txt\n'}
[2.639499] (robot_status_leds) StdoutLine: {'line': b'writing entry points to ../../build/robot_status_leds/robot_status_leds.egg-info/entry_points.txt\n'}
[2.639598] (robot_status_leds) StdoutLine: {'line': b'writing requirements to ../../build/robot_status_leds/robot_status_leds.egg-info/requires.txt\n'}
[2.639683] (robot_status_leds) StdoutLine: {'line': b'writing top-level names to ../../build/robot_status_leds/robot_status_leds.egg-info/top_level.txt\n'}
[2.639773] (robot_status_leds) StdoutLine: {'line': b"writing manifest file '../../build/robot_status_leds/robot_status_leds.egg-info/SOURCES.txt'\n"}
[2.639865] (robot_status_leds) StdoutLine: {'line': b"reading manifest file '../../build/robot_status_leds/robot_status_leds.egg-info/SOURCES.txt'\n"}
[2.639952] (robot_status_leds) StdoutLine: {'line': b"adding license file 'LICENSE'\n"}
[2.640036] (robot_status_leds) StdoutLine: {'line': b"writing manifest file '../../build/robot_status_leds/robot_status_leds.egg-info/SOURCES.txt'\n"}
[2.640165] (robot_status_leds) StdoutLine: {'line': b'running build\n'}
[2.640264] (robot_status_leds) StdoutLine: {'line': b'running build_py\n'}
[2.640356] (robot_status_leds) StdoutLine: {'line': b'creating /home/msd/MSD2/REV4/build/robot_status_leds/build\n'}
[2.640453] (robot_status_leds) StdoutLine: {'line': b'creating /home/msd/MSD2/REV4/build/robot_status_leds/build/lib\n'}
[2.640923] (robot_status_leds) StdoutLine: {'line': b'creating /home/msd/MSD2/REV4/build/robot_status_leds/build/lib/robot_status_leds\n'}
[2.641095] (robot_status_leds) StdoutLine: {'line': b'copying robot_status_leds/led_state_node.py -> /home/msd/MSD2/REV4/build/robot_status_leds/build/lib/robot_status_leds\n'}
[2.641223] (robot_status_leds) StdoutLine: {'line': b'copying robot_status_leds/__init__.py -> /home/msd/MSD2/REV4/build/robot_status_leds/build/lib/robot_status_leds\n'}
[2.641341] (robot_status_leds) StdoutLine: {'line': b'copying robot_status_leds/led_controller.py -> /home/msd/MSD2/REV4/build/robot_status_leds/build/lib/robot_status_leds\n'}
[2.641452] (robot_status_leds) StdoutLine: {'line': b'running install\n'}
[2.641576] (robot_status_leds) StdoutLine: {'line': b'running install_lib\n'}
[2.641686] (robot_status_leds) StdoutLine: {'line': b'creating /home/msd/MSD2/REV4/install/robot_status_leds/lib/python3.10/site-packages/robot_status_leds\n'}
[2.641794] (robot_status_leds) StdoutLine: {'line': b'copying /home/msd/MSD2/REV4/build/robot_status_leds/build/lib/robot_status_leds/led_state_node.py -> /home/msd/MSD2/REV4/install/robot_status_leds/lib/python3.10/site-packages/robot_status_leds\n'}
[2.641903] (robot_status_leds) StdoutLine: {'line': b'copying /home/msd/MSD2/REV4/build/robot_status_leds/build/lib/robot_status_leds/__init__.py -> /home/msd/MSD2/REV4/install/robot_status_leds/lib/python3.10/site-packages/robot_status_leds\n'}
[2.642011] (robot_status_leds) StdoutLine: {'line': b'copying /home/msd/MSD2/REV4/build/robot_status_leds/build/lib/robot_status_leds/led_controller.py -> /home/msd/MSD2/REV4/install/robot_status_leds/lib/python3.10/site-packages/robot_status_leds\n'}
[2.642120] (robot_status_leds) StdoutLine: {'line': b'byte-compiling /home/msd/MSD2/REV4/install/robot_status_leds/lib/python3.10/site-packages/robot_status_leds/led_state_node.py to led_state_node.cpython-310.pyc\n'}
[2.642231] (robot_status_leds) StdoutLine: {'line': b'byte-compiling /home/msd/MSD2/REV4/install/robot_status_leds/lib/python3.10/site-packages/robot_status_leds/__init__.py to __init__.cpython-310.pyc\n'}
[2.642340] (robot_status_leds) StdoutLine: {'line': b'byte-compiling /home/msd/MSD2/REV4/install/robot_status_leds/lib/python3.10/site-packages/robot_status_leds/led_controller.py to led_controller.cpython-310.pyc\n'}
[2.642451] (robot_status_leds) StdoutLine: {'line': b'running install_data\n'}
[2.642586] (robot_status_leds) StdoutLine: {'line': b'creating /home/msd/MSD2/REV4/install/robot_status_leds/share/ament_index\n'}
[2.642698] (robot_status_leds) StdoutLine: {'line': b'creating /home/msd/MSD2/REV4/install/robot_status_leds/share/ament_index/resource_index\n'}
[2.642807] (robot_status_leds) StdoutLine: {'line': b'creating /home/msd/MSD2/REV4/install/robot_status_leds/share/ament_index/resource_index/packages\n'}
[2.642916] (robot_status_leds) StdoutLine: {'line': b'copying resource/robot_status_leds -> /home/msd/MSD2/REV4/install/robot_status_leds/share/ament_index/resource_index/packages\n'}
[2.643035] (robot_status_leds) StdoutLine: {'line': b'copying package.xml -> /home/msd/MSD2/REV4/install/robot_status_leds/share/robot_status_leds\n'}
[2.643155] (robot_status_leds) StdoutLine: {'line': b'running install_egg_info\n'}
[2.643265] (robot_status_leds) StdoutLine: {'line': b'Copying ../../build/robot_status_leds/robot_status_leds.egg-info to /home/msd/MSD2/REV4/install/robot_status_leds/lib/python3.10/site-packages/robot_status_leds-0.0.0-py3.10.egg-info\n'}
[2.643378] (robot_status_leds) StdoutLine: {'line': b'running install_scripts\n'}
[2.643501] (robot_status_leds) StdoutLine: {'line': b'Installing led_state_node script to /home/msd/MSD2/REV4/install/robot_status_leds/lib/robot_status_leds\n'}
[2.643629] (robot_status_leds) StdoutLine: {'line': b"writing list of installed files to '/home/msd/MSD2/REV4/build/robot_status_leds/install.log'\n"}
[2.644146] (spotarm_assembly_description) StdoutLine: {'line': b'running develop\n'}
[2.648165] (spotarm_assembly_description) StdoutLine: {'line': b'Removing /home/msd/MSD2/REV4/install/spotarm_assembly_description/lib/python3.10/site-packages/spotarm-assembly-description.egg-link (link to .)\n'}
[2.648758] (gear_manipulator_moveit_config) CommandEnded: {'returncode': 0}
[2.649404] (gear_manipulator_moveit_config) JobProgress: {'identifier': 'gear_manipulator_moveit_config', 'progress': 'build'}
[2.649461] (gear_manipulator_moveit_config) Command: {'cmd': ['/usr/bin/cmake', '--build', '/home/msd/MSD2/REV4/build/gear_manipulator_moveit_config', '--', '-j8', '-l8'], 'cwd': '/home/msd/MSD2/REV4/build/gear_manipulator_moveit_config', 'env': OrderedDict([('LESSOPEN', '| /usr/bin/lesspipe %s'), ('USER', 'msd'), ('XDG_SESSION_TYPE', 'wayland'), ('SHLVL', '1'), ('LD_LIBRARY_PATH', '/opt/ros/humble/opt/rviz_ogre_vendor/lib:/opt/ros/humble/lib/x86_64-linux-gnu:/opt/ros/humble/lib'), ('HOME', '/home/msd'), ('OLDPWD', '/home/msd'), ('DESKTOP_SESSION', 'ubuntu'), ('NVM_BIN', '/home/msd/.nvm/versions/node/v20.20.2/bin'), ('NVM_INC', '/home/msd/.nvm/versions/node/v20.20.2/include/node'), ('ROS_PYTHON_VERSION', '3'), ('GNOME_SHELL_SESSION_MODE', 'ubuntu'), ('GTK_MODULES', 'gail:atk-bridge'), ('SYSTEMD_EXEC_PID', '1614'), ('DBUS_SESSION_BUS_ADDRESS', 'unix:path=/run/user/1000/bus'), ('COLORTERM', 'truecolor'), ('NVM_DIR', '/home/msd/.nvm'), ('IM_CONFIG_PHASE', '1'), ('WAYLAND_DISPLAY', 'wayland-0'), ('ROS_DISTRO', 'humble'), ('LOGNAME', 'msd'), ('_', '/usr/bin/colcon'), ('ROS_VERSION', '2'), ('XDG_SESSION_CLASS', 'user'), ('USERNAME', 'msd'), ('TERM', 'xterm-256color'), ('GNOME_DESKTOP_SESSION_ID', 'this-is-deprecated'), ('ROS_LOCALHOST_ONLY', '0'), ('PATH', '/home/msd/.nvm/versions/node/v20.20.2/bin:/opt/ros/humble/bin:/usr/local/sbin:/usr/local/bin:/usr/sbin:/usr/bin:/sbin:/bin:/usr/games:/usr/local/games:/snap/bin:/snap/bin'), ('SESSION_MANAGER', 'local/msd-ThinkPad-E14:@/tmp/.ICE-unix/1576,unix/msd-ThinkPad-E14:/tmp/.ICE-unix/1576'), ('XDG_MENU_PREFIX', 'gnome-'), ('GNOME_TERMINAL_SCREEN', '/org/gnome/Terminal/screen/3d60da5e_eb95_4d77_aaed_fefa488ae096'), ('GNOME_SETUP_DISPLAY', ':1'), ('XDG_RUNTIME_DIR', '/run/user/1000'), ('DISPLAY', ':0'), ('LANG', 'en_US.UTF-8'), ('XDG_CURRENT_DESKTOP', 'ubuntu:GNOME'), ('XMODIFIERS', '@im=ibus'), ('XDG_SESSION_DESKTOP', 'ubuntu'), ('XAUTHORITY', '/run/user/1000/.mutter-Xwaylandauth.U47WV3'), ('LS_COLORS', 'rs=0:di=01;34:ln=01;36:mh=00:pi=40;33:so=01;35:do=01;35:bd=40;33;01:cd=40;33;01:or=40;31;01:mi=00:su=37;41:sg=30;43:ca=30;41:tw=30;42:ow=34;42:st=37;44:ex=01;32:*.tar=01;31:*.tgz=01;31:*.arc=01;31:*.arj=01;31:*.taz=01;31:*.lha=01;31:*.lz4=01;31:*.lzh=01;31:*.lzma=01;31:*.tlz=01;31:*.txz=01;31:*.tzo=01;31:*.t7z=01;31:*.zip=01;31:*.z=01;31:*.dz=01;31:*.gz=01;31:*.lrz=01;31:*.lz=01;31:*.lzo=01;31:*.xz=01;31:*.zst=01;31:*.tzst=01;31:*.bz2=01;31:*.bz=01;31:*.tbz=01;31:*.tbz2=01;31:*.tz=01;31:*.deb=01;31:*.rpm=01;31:*.jar=01;31:*.war=01;31:*.ear=01;31:*.sar=01;31:*.rar=01;31:*.alz=01;31:*.ace=01;31:*.zoo=01;31:*.cpio=01;31:*.7z=01;31:*.rz=01;31:*.cab=01;31:*.wim=01;31:*.swm=01;31:*.dwm=01;31:*.esd=01;31:*.jpg=01;35:*.jpeg=01;35:*.mjpg=01;35:*.mjpeg=01;35:*.gif=01;35:*.bmp=01;35:*.pbm=01;35:*.pgm=01;35:*.ppm=01;35:*.tga=01;35:*.xbm=01;35:*.xpm=01;35:*.tif=01;35:*.tiff=01;35:*.png=01;35:*.svg=01;35:*.svgz=01;35:*.mng=01;35:*.pcx=01;35:*.mov=01;35:*.mpg=01;35:*.mpeg=01;35:*.m2v=01;35:*.mkv=01;35:*.webm=01;35:*.webp=01;35:*.ogm=01;35:*.mp4=01;35:*.m4v=01;35:*.mp4v=01;35:*.vob=01;35:*.qt=01;35:*.nuv=01;35:*.wmv=01;35:*.asf=01;35:*.rm=01;35:*.rmvb=01;35:*.flc=01;35:*.avi=01;35:*.fli=01;35:*.flv=01;35:*.gl=01;35:*.dl=01;35:*.xcf=01;35:*.xwd=01;35:*.yuv=01;35:*.cgm=01;35:*.emf=01;35:*.ogv=01;35:*.ogx=01;35:*.aac=00;36:*.au=00;36:*.flac=00;36:*.m4a=00;36:*.mid=00;36:*.midi=00;36:*.mka=00;36:*.mp3=00;36:*.mpc=00;36:*.ogg=00;36:*.ra=00;36:*.wav=00;36:*.oga=00;36:*.opus=00;36:*.spx=00;36:*.xspf=00;36:'), ('GNOME_TERMINAL_SERVICE', ':1.462'), ('SSH_AGENT_LAUNCHER', 'gnome-keyring'), ('SSH_AUTH_SOCK', '/run/user/1000/keyring/ssh'), ('AMENT_PREFIX_PATH', '/home/msd/MSD2/REV4/install/my_robot:/opt/ros/humble'), ('SHELL', '/bin/bash'), ('QT_ACCESSIBILITY', '1'), ('GDMSESSION', 'ubuntu'), ('LESSCLOSE', '/usr/bin/lesspipe %s %s'), ('QT_IM_MODULE', 'ibus'), ('PWD', '/home/msd/MSD2/REV4/build/gear_manipulator_moveit_config'), ('XDG_CONFIG_DIRS', '/etc/xdg/xdg-ubuntu:/etc/xdg'), ('NVM_CD_FLAGS', ''), ('XDG_DATA_DIRS', '/usr/share/ubuntu:/usr/local/share/:/usr/share/:/var/lib/snapd/desktop'), ('PYTHONPATH', '/opt/ros/humble/lib/python3.10/site-packages:/opt/ros/humble/local/lib/python3.10/dist-packages'), ('COLCON', '1'), ('VTE_VERSION', '6800'), ('CMAKE_PREFIX_PATH', '/home/msd/MSD2/REV4/install/my_robot:/opt/ros/humble')]), 'shell': False}
[2.650124] (robot_hardware) StdoutLine: {'line': b'-- Configuring done\n'}
[2.650377] (spotarm_assembly_description) StderrLine: {'line': b'/usr/lib/python3/dist-packages/setuptools/command/easy_install.py:355: UserWarning: Unbuilt egg for spotarm-assembly-description [unknown version] (/home/msd/MSD2/REV4/build/spotarm_assembly_description)\n'}
[2.650693] (spotarm_assembly_description) StderrLine: {'line': b'  self.local_index = Environment(self.shadow_path + sys.path)\n'}
[2.650884] (robot_status_leds) CommandEnded: {'returncode': 0}
[2.662352] (robot_status_leds) JobEnded: {'identifier': 'robot_status_leds', 'rc': 0}
[2.663121] (spotarm_assembly_description) CommandEnded: {'returncode': 0}
[2.667630] (spotarm_assembly_description) Command: {'cmd': ['/usr/bin/python3', '-W', 'ignore:setup.py install is deprecated', '-W', 'ignore:easy_install command is deprecated', 'setup.py', 'egg_info', '--egg-base', '../../build/spotarm_assembly_description', 'build', '--build-base', '/home/msd/MSD2/REV4/build/spotarm_assembly_description/build', 'install', '--record', '/home/msd/MSD2/REV4/build/spotarm_assembly_description/install.log', '--install-scripts', '$base/lib/spotarm_assembly_description', '--single-version-externally-managed', 'install_data', '--force'], 'cwd': '/home/msd/MSD2/REV4/src/spotarm_assembly_description', 'env': {'LESSOPEN': '| /usr/bin/lesspipe %s', 'USER': 'msd', 'XDG_SESSION_TYPE': 'wayland', 'SHLVL': '1', 'LD_LIBRARY_PATH': '/opt/ros/humble/opt/rviz_ogre_vendor/lib:/opt/ros/humble/lib/x86_64-linux-gnu:/opt/ros/humble/lib', 'HOME': '/home/msd', 'OLDPWD': '/home/msd', 'DESKTOP_SESSION': 'ubuntu', 'NVM_BIN': '/home/msd/.nvm/versions/node/v20.20.2/bin', 'NVM_INC': '/home/msd/.nvm/versions/node/v20.20.2/include/node', 'ROS_PYTHON_VERSION': '3', 'GNOME_SHELL_SESSION_MODE': 'ubuntu', 'GTK_MODULES': 'gail:atk-bridge', 'SYSTEMD_EXEC_PID': '1614', 'DBUS_SESSION_BUS_ADDRESS': 'unix:path=/run/user/1000/bus', 'COLORTERM': 'truecolor', 'NVM_DIR': '/home/msd/.nvm', 'IM_CONFIG_PHASE': '1', 'WAYLAND_DISPLAY': 'wayland-0', 'ROS_DISTRO': 'humble', 'LOGNAME': 'msd', '_': '/usr/bin/colcon', 'ROS_VERSION': '2', 'XDG_SESSION_CLASS': 'user', 'USERNAME': 'msd', 'TERM': 'xterm-256color', 'GNOME_DESKTOP_SESSION_ID': 'this-is-deprecated', 'ROS_LOCALHOST_ONLY': '0', 'PATH': '/home/msd/.nvm/versions/node/v20.20.2/bin:/opt/ros/humble/bin:/usr/local/sbin:/usr/local/bin:/usr/sbin:/usr/bin:/sbin:/bin:/usr/games:/usr/local/games:/snap/bin:/snap/bin', 'SESSION_MANAGER': 'local/msd-ThinkPad-E14:@/tmp/.ICE-unix/1576,unix/msd-ThinkPad-E14:/tmp/.ICE-unix/1576', 'XDG_MENU_PREFIX': 'gnome-', 'GNOME_TERMINAL_SCREEN': '/org/gnome/Terminal/screen/3d60da5e_eb95_4d77_aaed_fefa488ae096', 'GNOME_SETUP_DISPLAY': ':1', 'XDG_RUNTIME_DIR': '/run/user/1000', 'DISPLAY': ':0', 'LANG': 'en_US.UTF-8', 'XDG_CURRENT_DESKTOP': 'ubuntu:GNOME', 'XMODIFIERS': '@im=ibus', 'XDG_SESSION_DESKTOP': 'ubuntu', 'XAUTHORITY': '/run/user/1000/.mutter-Xwaylandauth.U47WV3', 'LS_COLORS': 'rs=0:di=01;34:ln=01;36:mh=00:pi=40;33:so=01;35:do=01;35:bd=40;33;01:cd=40;33;01:or=40;31;01:mi=00:su=37;41:sg=30;43:ca=30;41:tw=30;42:ow=34;42:st=37;44:ex=01;32:*.tar=01;31:*.tgz=01;31:*.arc=01;31:*.arj=01;31:*.taz=01;31:*.lha=01;31:*.lz4=01;31:*.lzh=01;31:*.lzma=01;31:*.tlz=01;31:*.txz=01;31:*.tzo=01;31:*.t7z=01;31:*.zip=01;31:*.z=01;31:*.dz=01;31:*.gz=01;31:*.lrz=01;31:*.lz=01;31:*.lzo=01;31:*.xz=01;31:*.zst=01;31:*.tzst=01;31:*.bz2=01;31:*.bz=01;31:*.tbz=01;31:*.tbz2=01;31:*.tz=01;31:*.deb=01;31:*.rpm=01;31:*.jar=01;31:*.war=01;31:*.ear=01;31:*.sar=01;31:*.rar=01;31:*.alz=01;31:*.ace=01;31:*.zoo=01;31:*.cpio=01;31:*.7z=01;31:*.rz=01;31:*.cab=01;31:*.wim=01;31:*.swm=01;31:*.dwm=01;31:*.esd=01;31:*.jpg=01;35:*.jpeg=01;35:*.mjpg=01;35:*.mjpeg=01;35:*.gif=01;35:*.bmp=01;35:*.pbm=01;35:*.pgm=01;35:*.ppm=01;35:*.tga=01;35:*.xbm=01;35:*.xpm=01;35:*.tif=01;35:*.tiff=01;35:*.png=01;35:*.svg=01;35:*.svgz=01;35:*.mng=01;35:*.pcx=01;35:*.mov=01;35:*.mpg=01;35:*.mpeg=01;35:*.m2v=01;35:*.mkv=01;35:*.webm=01;35:*.webp=01;35:*.ogm=01;35:*.mp4=01;35:*.m4v=01;35:*.mp4v=01;35:*.vob=01;35:*.qt=01;35:*.nuv=01;35:*.wmv=01;35:*.asf=01;35:*.rm=01;35:*.rmvb=01;35:*.flc=01;35:*.avi=01;35:*.fli=01;35:*.flv=01;35:*.gl=01;35:*.dl=01;35:*.xcf=01;35:*.xwd=01;35:*.yuv=01;35:*.cgm=01;35:*.emf=01;35:*.ogv=01;35:*.ogx=01;35:*.aac=00;36:*.au=00;36:*.flac=00;36:*.m4a=00;36:*.mid=00;36:*.midi=00;36:*.mka=00;36:*.mp3=00;36:*.mpc=00;36:*.ogg=00;36:*.ra=00;36:*.wav=00;36:*.oga=00;36:*.opus=00;36:*.spx=00;36:*.xspf=00;36:', 'GNOME_TERMINAL_SERVICE': ':1.462', 'SSH_AGENT_LAUNCHER': 'gnome-keyring', 'SSH_AUTH_SOCK': '/run/user/1000/keyring/ssh', 'AMENT_PREFIX_PATH': '/opt/ros/humble', 'SHELL': '/bin/bash', 'QT_ACCESSIBILITY': '1', 'GDMSESSION': 'ubuntu', 'LESSCLOSE': '/usr/bin/lesspipe %s %s', 'QT_IM_MODULE': 'ibus', 'PWD': '/home/msd/MSD2/REV4/build/spotarm_assembly_description', 'XDG_CONFIG_DIRS': '/etc/xdg/xdg-ubuntu:/etc/xdg', 'NVM_CD_FLAGS': '', 'XDG_DATA_DIRS': '/usr/share/ubuntu:/usr/local/share/:/usr/share/:/var/lib/snapd/desktop', 'PYTHONPATH': '/home/msd/MSD2/REV4/build/spotarm_assembly_description/prefix_override:/usr/lib/python3/dist-packages/colcon_core/task/python/colcon_distutils_commands:/home/msd/MSD2/REV4/install/spotarm_assembly_description/lib/python3.10/site-packages:/opt/ros/humble/lib/python3.10/site-packages:/opt/ros/humble/local/lib/python3.10/dist-packages', 'COLCON': '1', 'VTE_VERSION': '6800'}, 'shell': False}
[2.669911] (robot_hardware) StdoutLine: {'line': b'-- Generating done\n'}
[2.670812] (robot_servoing) StdoutLine: {'line': b'-- Found Boost: /usr/lib/x86_64-linux-gnu/cmake/Boost-1.74.0/BoostConfig.cmake (found version "1.74.0") found components: filesystem \n'}
[2.679609] (robot_hardware) StdoutLine: {'line': b'-- Build files have been written to: /home/msd/MSD2/REV4/build/robot_hardware\n'}
[2.683097] (robot_commander) StdoutLine: {'line': b'-- Found Boost: /usr/lib/x86_64-linux-gnu/cmake/Boost-1.74.0/BoostConfig.cmake (found version "1.74.0") found components: filesystem \n'}
[2.703530] (robot_hardware) CommandEnded: {'returncode': 0}
[2.704148] (robot_hardware) JobProgress: {'identifier': 'robot_hardware', 'progress': 'build'}
[2.704205] (robot_hardware) Command: {'cmd': ['/usr/bin/cmake', '--build', '/home/msd/MSD2/REV4/build/robot_hardware', '--', '-j8', '-l8'], 'cwd': '/home/msd/MSD2/REV4/build/robot_hardware', 'env': OrderedDict([('LESSOPEN', '| /usr/bin/lesspipe %s'), ('USER', 'msd'), ('XDG_SESSION_TYPE', 'wayland'), ('SHLVL', '1'), ('LD_LIBRARY_PATH', '/opt/ros/humble/opt/rviz_ogre_vendor/lib:/opt/ros/humble/lib/x86_64-linux-gnu:/opt/ros/humble/lib'), ('HOME', '/home/msd'), ('OLDPWD', '/home/msd'), ('DESKTOP_SESSION', 'ubuntu'), ('NVM_BIN', '/home/msd/.nvm/versions/node/v20.20.2/bin'), ('NVM_INC', '/home/msd/.nvm/versions/node/v20.20.2/include/node'), ('ROS_PYTHON_VERSION', '3'), ('GNOME_SHELL_SESSION_MODE', 'ubuntu'), ('GTK_MODULES', 'gail:atk-bridge'), ('SYSTEMD_EXEC_PID', '1614'), ('DBUS_SESSION_BUS_ADDRESS', 'unix:path=/run/user/1000/bus'), ('COLORTERM', 'truecolor'), ('NVM_DIR', '/home/msd/.nvm'), ('IM_CONFIG_PHASE', '1'), ('WAYLAND_DISPLAY', 'wayland-0'), ('ROS_DISTRO', 'humble'), ('LOGNAME', 'msd'), ('_', '/usr/bin/colcon'), ('ROS_VERSION', '2'), ('XDG_SESSION_CLASS', 'user'), ('USERNAME', 'msd'), ('TERM', 'xterm-256color'), ('GNOME_DESKTOP_SESSION_ID', 'this-is-deprecated'), ('ROS_LOCALHOST_ONLY', '0'), ('PATH', '/home/msd/.nvm/versions/node/v20.20.2/bin:/opt/ros/humble/bin:/usr/local/sbin:/usr/local/bin:/usr/sbin:/usr/bin:/sbin:/bin:/usr/games:/usr/local/games:/snap/bin:/snap/bin'), ('SESSION_MANAGER', 'local/msd-ThinkPad-E14:@/tmp/.ICE-unix/1576,unix/msd-ThinkPad-E14:/tmp/.ICE-unix/1576'), ('XDG_MENU_PREFIX', 'gnome-'), ('GNOME_TERMINAL_SCREEN', '/org/gnome/Terminal/screen/3d60da5e_eb95_4d77_aaed_fefa488ae096'), ('GNOME_SETUP_DISPLAY', ':1'), ('XDG_RUNTIME_DIR', '/run/user/1000'), ('DISPLAY', ':0'), ('LANG', 'en_US.UTF-8'), ('XDG_CURRENT_DESKTOP', 'ubuntu:GNOME'), ('XMODIFIERS', '@im=ibus'), ('XDG_SESSION_DESKTOP', 'ubuntu'), ('XAUTHORITY', '/run/user/1000/.mutter-Xwaylandauth.U47WV3'), ('LS_COLORS', 'rs=0:di=01;34:ln=01;36:mh=00:pi=40;33:so=01;35:do=01;35:bd=40;33;01:cd=40;33;01:or=40;31;01:mi=00:su=37;41:sg=30;43:ca=30;41:tw=30;42:ow=34;42:st=37;44:ex=01;32:*.tar=01;31:*.tgz=01;31:*.arc=01;31:*.arj=01;31:*.taz=01;31:*.lha=01;31:*.lz4=01;31:*.lzh=01;31:*.lzma=01;31:*.tlz=01;31:*.txz=01;31:*.tzo=01;31:*.t7z=01;31:*.zip=01;31:*.z=01;31:*.dz=01;31:*.gz=01;31:*.lrz=01;31:*.lz=01;31:*.lzo=01;31:*.xz=01;31:*.zst=01;31:*.tzst=01;31:*.bz2=01;31:*.bz=01;31:*.tbz=01;31:*.tbz2=01;31:*.tz=01;31:*.deb=01;31:*.rpm=01;31:*.jar=01;31:*.war=01;31:*.ear=01;31:*.sar=01;31:*.rar=01;31:*.alz=01;31:*.ace=01;31:*.zoo=01;31:*.cpio=01;31:*.7z=01;31:*.rz=01;31:*.cab=01;31:*.wim=01;31:*.swm=01;31:*.dwm=01;31:*.esd=01;31:*.jpg=01;35:*.jpeg=01;35:*.mjpg=01;35:*.mjpeg=01;35:*.gif=01;35:*.bmp=01;35:*.pbm=01;35:*.pgm=01;35:*.ppm=01;35:*.tga=01;35:*.xbm=01;35:*.xpm=01;35:*.tif=01;35:*.tiff=01;35:*.png=01;35:*.svg=01;35:*.svgz=01;35:*.mng=01;35:*.pcx=01;35:*.mov=01;35:*.mpg=01;35:*.mpeg=01;35:*.m2v=01;35:*.mkv=01;35:*.webm=01;35:*.webp=01;35:*.ogm=01;35:*.mp4=01;35:*.m4v=01;35:*.mp4v=01;35:*.vob=01;35:*.qt=01;35:*.nuv=01;35:*.wmv=01;35:*.asf=01;35:*.rm=01;35:*.rmvb=01;35:*.flc=01;35:*.avi=01;35:*.fli=01;35:*.flv=01;35:*.gl=01;35:*.dl=01;35:*.xcf=01;35:*.xwd=01;35:*.yuv=01;35:*.cgm=01;35:*.emf=01;35:*.ogv=01;35:*.ogx=01;35:*.aac=00;36:*.au=00;36:*.flac=00;36:*.m4a=00;36:*.mid=00;36:*.midi=00;36:*.mka=00;36:*.mp3=00;36:*.mpc=00;36:*.ogg=00;36:*.ra=00;36:*.wav=00;36:*.oga=00;36:*.opus=00;36:*.spx=00;36:*.xspf=00;36:'), ('GNOME_TERMINAL_SERVICE', ':1.462'), ('SSH_AGENT_LAUNCHER', 'gnome-keyring'), ('SSH_AUTH_SOCK', '/run/user/1000/keyring/ssh'), ('AMENT_PREFIX_PATH', '/opt/ros/humble'), ('SHELL', '/bin/bash'), ('QT_ACCESSIBILITY', '1'), ('GDMSESSION', 'ubuntu'), ('LESSCLOSE', '/usr/bin/lesspipe %s %s'), ('QT_IM_MODULE', 'ibus'), ('PWD', '/home/msd/MSD2/REV4/build/robot_hardware'), ('XDG_CONFIG_DIRS', '/etc/xdg/xdg-ubuntu:/etc/xdg'), ('NVM_CD_FLAGS', ''), ('XDG_DATA_DIRS', '/usr/share/ubuntu:/usr/local/share/:/usr/share/:/var/lib/snapd/desktop'), ('PYTHONPATH', '/opt/ros/humble/lib/python3.10/site-packages:/opt/ros/humble/local/lib/python3.10/dist-packages'), ('COLCON', '1'), ('VTE_VERSION', '6800'), ('CMAKE_PREFIX_PATH', '/opt/ros/humble')]), 'shell': False}
[2.707911] (-) TimerEvent: {}
[2.708718] (gear_manipulator_moveit_config) CommandEnded: {'returncode': 0}
[2.710958] (gear_manipulator_moveit_config) JobProgress: {'identifier': 'gear_manipulator_moveit_config', 'progress': 'install'}
[2.711040] (gear_manipulator_moveit_config) Command: {'cmd': ['/usr/bin/cmake', '--install', '/home/msd/MSD2/REV4/build/gear_manipulator_moveit_config'], 'cwd': '/home/msd/MSD2/REV4/build/gear_manipulator_moveit_config', 'env': OrderedDict([('LESSOPEN', '| /usr/bin/lesspipe %s'), ('USER', 'msd'), ('XDG_SESSION_TYPE', 'wayland'), ('SHLVL', '1'), ('LD_LIBRARY_PATH', '/opt/ros/humble/opt/rviz_ogre_vendor/lib:/opt/ros/humble/lib/x86_64-linux-gnu:/opt/ros/humble/lib'), ('HOME', '/home/msd'), ('OLDPWD', '/home/msd'), ('DESKTOP_SESSION', 'ubuntu'), ('NVM_BIN', '/home/msd/.nvm/versions/node/v20.20.2/bin'), ('NVM_INC', '/home/msd/.nvm/versions/node/v20.20.2/include/node'), ('ROS_PYTHON_VERSION', '3'), ('GNOME_SHELL_SESSION_MODE', 'ubuntu'), ('GTK_MODULES', 'gail:atk-bridge'), ('SYSTEMD_EXEC_PID', '1614'), ('DBUS_SESSION_BUS_ADDRESS', 'unix:path=/run/user/1000/bus'), ('COLORTERM', 'truecolor'), ('NVM_DIR', '/home/msd/.nvm'), ('IM_CONFIG_PHASE', '1'), ('WAYLAND_DISPLAY', 'wayland-0'), ('ROS_DISTRO', 'humble'), ('LOGNAME', 'msd'), ('_', '/usr/bin/colcon'), ('ROS_VERSION', '2'), ('XDG_SESSION_CLASS', 'user'), ('USERNAME', 'msd'), ('TERM', 'xterm-256color'), ('GNOME_DESKTOP_SESSION_ID', 'this-is-deprecated'), ('ROS_LOCALHOST_ONLY', '0'), ('PATH', '/home/msd/.nvm/versions/node/v20.20.2/bin:/opt/ros/humble/bin:/usr/local/sbin:/usr/local/bin:/usr/sbin:/usr/bin:/sbin:/bin:/usr/games:/usr/local/games:/snap/bin:/snap/bin'), ('SESSION_MANAGER', 'local/msd-ThinkPad-E14:@/tmp/.ICE-unix/1576,unix/msd-ThinkPad-E14:/tmp/.ICE-unix/1576'), ('XDG_MENU_PREFIX', 'gnome-'), ('GNOME_TERMINAL_SCREEN', '/org/gnome/Terminal/screen/3d60da5e_eb95_4d77_aaed_fefa488ae096'), ('GNOME_SETUP_DISPLAY', ':1'), ('XDG_RUNTIME_DIR', '/run/user/1000'), ('DISPLAY', ':0'), ('LANG', 'en_US.UTF-8'), ('XDG_CURRENT_DESKTOP', 'ubuntu:GNOME'), ('XMODIFIERS', '@im=ibus'), ('XDG_SESSION_DESKTOP', 'ubuntu'), ('XAUTHORITY', '/run/user/1000/.mutter-Xwaylandauth.U47WV3'), ('LS_COLORS', 'rs=0:di=01;34:ln=01;36:mh=00:pi=40;33:so=01;35:do=01;35:bd=40;33;01:cd=40;33;01:or=40;31;01:mi=00:su=37;41:sg=30;43:ca=30;41:tw=30;42:ow=34;42:st=37;44:ex=01;32:*.tar=01;31:*.tgz=01;31:*.arc=01;31:*.arj=01;31:*.taz=01;31:*.lha=01;31:*.lz4=01;31:*.lzh=01;31:*.lzma=01;31:*.tlz=01;31:*.txz=01;31:*.tzo=01;31:*.t7z=01;31:*.zip=01;31:*.z=01;31:*.dz=01;31:*.gz=01;31:*.lrz=01;31:*.lz=01;31:*.lzo=01;31:*.xz=01;31:*.zst=01;31:*.tzst=01;31:*.bz2=01;31:*.bz=01;31:*.tbz=01;31:*.tbz2=01;31:*.tz=01;31:*.deb=01;31:*.rpm=01;31:*.jar=01;31:*.war=01;31:*.ear=01;31:*.sar=01;31:*.rar=01;31:*.alz=01;31:*.ace=01;31:*.zoo=01;31:*.cpio=01;31:*.7z=01;31:*.rz=01;31:*.cab=01;31:*.wim=01;31:*.swm=01;31:*.dwm=01;31:*.esd=01;31:*.jpg=01;35:*.jpeg=01;35:*.mjpg=01;35:*.mjpeg=01;35:*.gif=01;35:*.bmp=01;35:*.pbm=01;35:*.pgm=01;35:*.ppm=01;35:*.tga=01;35:*.xbm=01;35:*.xpm=01;35:*.tif=01;35:*.tiff=01;35:*.png=01;35:*.svg=01;35:*.svgz=01;35:*.mng=01;35:*.pcx=01;35:*.mov=01;35:*.mpg=01;35:*.mpeg=01;35:*.m2v=01;35:*.mkv=01;35:*.webm=01;35:*.webp=01;35:*.ogm=01;35:*.mp4=01;35:*.m4v=01;35:*.mp4v=01;35:*.vob=01;35:*.qt=01;35:*.nuv=01;35:*.wmv=01;35:*.asf=01;35:*.rm=01;35:*.rmvb=01;35:*.flc=01;35:*.avi=01;35:*.fli=01;35:*.flv=01;35:*.gl=01;35:*.dl=01;35:*.xcf=01;35:*.xwd=01;35:*.yuv=01;35:*.cgm=01;35:*.emf=01;35:*.ogv=01;35:*.ogx=01;35:*.aac=00;36:*.au=00;36:*.flac=00;36:*.m4a=00;36:*.mid=00;36:*.midi=00;36:*.mka=00;36:*.mp3=00;36:*.mpc=00;36:*.ogg=00;36:*.ra=00;36:*.wav=00;36:*.oga=00;36:*.opus=00;36:*.spx=00;36:*.xspf=00;36:'), ('GNOME_TERMINAL_SERVICE', ':1.462'), ('SSH_AGENT_LAUNCHER', 'gnome-keyring'), ('SSH_AUTH_SOCK', '/run/user/1000/keyring/ssh'), ('AMENT_PREFIX_PATH', '/home/msd/MSD2/REV4/install/my_robot:/opt/ros/humble'), ('SHELL', '/bin/bash'), ('QT_ACCESSIBILITY', '1'), ('GDMSESSION', 'ubuntu'), ('LESSCLOSE', '/usr/bin/lesspipe %s %s'), ('QT_IM_MODULE', 'ibus'), ('PWD', '/home/msd/MSD2/REV4/build/gear_manipulator_moveit_config'), ('XDG_CONFIG_DIRS', '/etc/xdg/xdg-ubuntu:/etc/xdg'), ('NVM_CD_FLAGS', ''), ('XDG_DATA_DIRS', '/usr/share/ubuntu:/usr/local/share/:/usr/share/:/var/lib/snapd/desktop'), ('PYTHONPATH', '/opt/ros/humble/lib/python3.10/site-packages:/opt/ros/humble/local/lib/python3.10/dist-packages'), ('COLCON', '1'), ('VTE_VERSION', '6800'), ('CMAKE_PREFIX_PATH', '/home/msd/MSD2/REV4/install/my_robot:/opt/ros/humble')]), 'shell': False}
[2.754202] (stepper_test) StdoutLine: {'line': b'-- Configuring done\n'}
[2.768715] (stepper_test) StdoutLine: {'line': b'-- Generating done\n'}
[2.774949] (stepper_test) StdoutLine: {'line': b'-- Build files have been written to: /home/msd/MSD2/REV4/build/stepper_test\n'}
[2.780921] (robot_hardware) StdoutLine: {'line': b'[ 66%] \x1b[32mBuilding CXX object CMakeFiles/robot_hardware_arm.dir/src/ICLStepper.cpp.o\x1b[0m\n'}
[2.781251] (robot_hardware) StdoutLine: {'line': b'[ 66%] \x1b[32mBuilding CXX object CMakeFiles/robot_hardware_arm.dir/src/arm_hardware_interface.cpp.o\x1b[0m\n'}
[2.793667] (gear_manipulator_moveit_config) StdoutLine: {'line': b'-- Install configuration: ""\n'}
[2.794109] (gear_manipulator_moveit_config) StdoutLine: {'line': b'-- Installing: /home/msd/MSD2/REV4/install/gear_manipulator_moveit_config/share/ament_index/resource_index/package_run_dependencies/gear_manipulator_moveit_config\n'}
[2.794195] (gear_manipulator_moveit_config) StdoutLine: {'line': b'-- Installing: /home/msd/MSD2/REV4/install/gear_manipulator_moveit_config/share/ament_index/resource_index/parent_prefix_path/gear_manipulator_moveit_config\n'}
[2.794270] (gear_manipulator_moveit_config) StdoutLine: {'line': b'-- Installing: /home/msd/MSD2/REV4/install/gear_manipulator_moveit_config/share/gear_manipulator_moveit_config/environment/ament_prefix_path.sh\n'}
[2.794333] (gear_manipulator_moveit_config) StdoutLine: {'line': b'-- Installing: /home/msd/MSD2/REV4/install/gear_manipulator_moveit_config/share/gear_manipulator_moveit_config/environment/ament_prefix_path.dsv\n'}
[2.794393] (gear_manipulator_moveit_config) StdoutLine: {'line': b'-- Installing: /home/msd/MSD2/REV4/install/gear_manipulator_moveit_config/share/gear_manipulator_moveit_config/environment/path.sh\n'}
[2.794452] (gear_manipulator_moveit_config) StdoutLine: {'line': b'-- Installing: /home/msd/MSD2/REV4/install/gear_manipulator_moveit_config/share/gear_manipulator_moveit_config/environment/path.dsv\n'}
[2.794539] (gear_manipulator_moveit_config) StdoutLine: {'line': b'-- Installing: /home/msd/MSD2/REV4/install/gear_manipulator_moveit_config/share/gear_manipulator_moveit_config/local_setup.bash\n'}
[2.794604] (gear_manipulator_moveit_config) StdoutLine: {'line': b'-- Installing: /home/msd/MSD2/REV4/install/gear_manipulator_moveit_config/share/gear_manipulator_moveit_config/local_setup.sh\n'}
[2.794662] (gear_manipulator_moveit_config) StdoutLine: {'line': b'-- Installing: /home/msd/MSD2/REV4/install/gear_manipulator_moveit_config/share/gear_manipulator_moveit_config/local_setup.zsh\n'}
[2.794731] (gear_manipulator_moveit_config) StdoutLine: {'line': b'-- Installing: /home/msd/MSD2/REV4/install/gear_manipulator_moveit_config/share/gear_manipulator_moveit_config/local_setup.dsv\n'}
[2.794790] (gear_manipulator_moveit_config) StdoutLine: {'line': b'-- Installing: /home/msd/MSD2/REV4/install/gear_manipulator_moveit_config/share/gear_manipulator_moveit_config/package.dsv\n'}
[2.794848] (gear_manipulator_moveit_config) StdoutLine: {'line': b'-- Installing: /home/msd/MSD2/REV4/install/gear_manipulator_moveit_config/share/ament_index/resource_index/packages/gear_manipulator_moveit_config\n'}
[2.794906] (gear_manipulator_moveit_config) StdoutLine: {'line': b'-- Installing: /home/msd/MSD2/REV4/install/gear_manipulator_moveit_config/share/gear_manipulator_moveit_config/cmake/gear_manipulator_moveit_configConfig.cmake\n'}
[2.794966] (gear_manipulator_moveit_config) StdoutLine: {'line': b'-- Installing: /home/msd/MSD2/REV4/install/gear_manipulator_moveit_config/share/gear_manipulator_moveit_config/cmake/gear_manipulator_moveit_configConfig-version.cmake\n'}
[2.795024] (gear_manipulator_moveit_config) StdoutLine: {'line': b'-- Installing: /home/msd/MSD2/REV4/install/gear_manipulator_moveit_config/share/gear_manipulator_moveit_config/package.xml\n'}
[2.795096] (gear_manipulator_moveit_config) StdoutLine: {'line': b'-- Installing: /home/msd/MSD2/REV4/install/gear_manipulator_moveit_config/share/gear_manipulator_moveit_config/launch\n'}
[2.795162] (gear_manipulator_moveit_config) StdoutLine: {'line': b'-- Installing: /home/msd/MSD2/REV4/install/gear_manipulator_moveit_config/share/gear_manipulator_moveit_config/launch/warehouse_db.launch.py\n'}
[2.795236] (gear_manipulator_moveit_config) StdoutLine: {'line': b'-- Installing: /home/msd/MSD2/REV4/install/gear_manipulator_moveit_config/share/gear_manipulator_moveit_config/launch/moveit_rviz.launch.py\n'}
[2.795330] (gear_manipulator_moveit_config) StdoutLine: {'line': b'-- Installing: /home/msd/MSD2/REV4/install/gear_manipulator_moveit_config/share/gear_manipulator_moveit_config/launch/rsp.launch.py\n'}
[2.795425] (gear_manipulator_moveit_config) StdoutLine: {'line': b'-- Installing: /home/msd/MSD2/REV4/install/gear_manipulator_moveit_config/share/gear_manipulator_moveit_config/launch/move_group.launch.py\n'}
[2.797198] (gear_manipulator_moveit_config) StdoutLine: {'line': b'-- Installing: /home/msd/MSD2/REV4/install/gear_manipulator_moveit_config/share/gear_manipulator_moveit_config/launch/spawn_controllers.launch.py\n'}
[2.797412] (gear_manipulator_moveit_config) StdoutLine: {'line': b'-- Installing: /home/msd/MSD2/REV4/install/gear_manipulator_moveit_config/share/gear_manipulator_moveit_config/launch/setup_assistant.launch.py\n'}
[2.797559] (gear_manipulator_moveit_config) StdoutLine: {'line': b'-- Installing: /home/msd/MSD2/REV4/install/gear_manipulator_moveit_config/share/gear_manipulator_moveit_config/launch/static_virtual_joint_tfs.launch.py\n'}
[2.797675] (gear_manipulator_moveit_config) StdoutLine: {'line': b'-- Installing: /home/msd/MSD2/REV4/install/gear_manipulator_moveit_config/share/gear_manipulator_moveit_config/launch/demo.launch.py\n'}
[2.797803] (gear_manipulator_moveit_config) StdoutLine: {'line': b'-- Installing: /home/msd/MSD2/REV4/install/gear_manipulator_moveit_config/share/gear_manipulator_moveit_config/config\n'}
[2.797911] (gear_manipulator_moveit_config) StdoutLine: {'line': b'-- Installing: /home/msd/MSD2/REV4/install/gear_manipulator_moveit_config/share/gear_manipulator_moveit_config/config/joint_limits.yaml\n'}
[2.798015] (gear_manipulator_moveit_config) StdoutLine: {'line': b'-- Installing: /home/msd/MSD2/REV4/install/gear_manipulator_moveit_config/share/gear_manipulator_moveit_config/config/pilz_cartesian_limits.yaml\n'}
[2.798119] (gear_manipulator_moveit_config) StdoutLine: {'line': b'-- Installing: /home/msd/MSD2/REV4/install/gear_manipulator_moveit_config/share/gear_manipulator_moveit_config/config/kinematics.yaml\n'}
[2.798224] (gear_manipulator_moveit_config) StdoutLine: {'line': b'-- Installing: /home/msd/MSD2/REV4/install/gear_manipulator_moveit_config/share/gear_manipulator_moveit_config/config/gear_manipulator.srdf\n'}
[2.798328] (gear_manipulator_moveit_config) StdoutLine: {'line': b'-- Installing: /home/msd/MSD2/REV4/install/gear_manipulator_moveit_config/share/gear_manipulator_moveit_config/config/ros2_controllers_hardware.yaml\n'}
[2.798432] (gear_manipulator_moveit_config) StdoutLine: {'line': b'-- Installing: /home/msd/MSD2/REV4/install/gear_manipulator_moveit_config/share/gear_manipulator_moveit_config/config/gear_manipulator.ros2_control.xacro\n'}
[2.798557] (gear_manipulator_moveit_config) StdoutLine: {'line': b'-- Installing: /home/msd/MSD2/REV4/install/gear_manipulator_moveit_config/share/gear_manipulator_moveit_config/config/gear_manipulator.urdf.xacro\n'}
[2.798667] (gear_manipulator_moveit_config) StdoutLine: {'line': b'-- Installing: /home/msd/MSD2/REV4/install/gear_manipulator_moveit_config/share/gear_manipulator_moveit_config/config/initial_positions.yaml\n'}
[2.798790] (gear_manipulator_moveit_config) StdoutLine: {'line': b'-- Installing: /home/msd/MSD2/REV4/install/gear_manipulator_moveit_config/share/gear_manipulator_moveit_config/config/moveit.rviz\n'}
[2.798901] (gear_manipulator_moveit_config) StdoutLine: {'line': b'-- Installing: /home/msd/MSD2/REV4/install/gear_manipulator_moveit_config/share/gear_manipulator_moveit_config/config/moveit_controllers.yaml\n'}
[2.799025] (gear_manipulator_moveit_config) StdoutLine: {'line': b'-- Installing: /home/msd/MSD2/REV4/install/gear_manipulator_moveit_config/share/gear_manipulator_moveit_config/.setup_assistant\n'}
[2.799135] (stepper_test) CommandEnded: {'returncode': 0}
[2.799616] (stepper_test) JobProgress: {'identifier': 'stepper_test', 'progress': 'build'}
[2.799660] (stepper_test) Command: {'cmd': ['/usr/bin/cmake', '--build', '/home/msd/MSD2/REV4/build/stepper_test', '--', '-j8', '-l8'], 'cwd': '/home/msd/MSD2/REV4/build/stepper_test', 'env': OrderedDict([('LESSOPEN', '| /usr/bin/lesspipe %s'), ('USER', 'msd'), ('XDG_SESSION_TYPE', 'wayland'), ('SHLVL', '1'), ('LD_LIBRARY_PATH', '/opt/ros/humble/opt/rviz_ogre_vendor/lib:/opt/ros/humble/lib/x86_64-linux-gnu:/opt/ros/humble/lib'), ('HOME', '/home/msd'), ('OLDPWD', '/home/msd'), ('DESKTOP_SESSION', 'ubuntu'), ('NVM_BIN', '/home/msd/.nvm/versions/node/v20.20.2/bin'), ('NVM_INC', '/home/msd/.nvm/versions/node/v20.20.2/include/node'), ('ROS_PYTHON_VERSION', '3'), ('GNOME_SHELL_SESSION_MODE', 'ubuntu'), ('GTK_MODULES', 'gail:atk-bridge'), ('SYSTEMD_EXEC_PID', '1614'), ('DBUS_SESSION_BUS_ADDRESS', 'unix:path=/run/user/1000/bus'), ('COLORTERM', 'truecolor'), ('NVM_DIR', '/home/msd/.nvm'), ('IM_CONFIG_PHASE', '1'), ('WAYLAND_DISPLAY', 'wayland-0'), ('ROS_DISTRO', 'humble'), ('LOGNAME', 'msd'), ('_', '/usr/bin/colcon'), ('ROS_VERSION', '2'), ('XDG_SESSION_CLASS', 'user'), ('USERNAME', 'msd'), ('TERM', 'xterm-256color'), ('GNOME_DESKTOP_SESSION_ID', 'this-is-deprecated'), ('ROS_LOCALHOST_ONLY', '0'), ('PATH', '/home/msd/.nvm/versions/node/v20.20.2/bin:/opt/ros/humble/bin:/usr/local/sbin:/usr/local/bin:/usr/sbin:/usr/bin:/sbin:/bin:/usr/games:/usr/local/games:/snap/bin:/snap/bin'), ('SESSION_MANAGER', 'local/msd-ThinkPad-E14:@/tmp/.ICE-unix/1576,unix/msd-ThinkPad-E14:/tmp/.ICE-unix/1576'), ('XDG_MENU_PREFIX', 'gnome-'), ('GNOME_TERMINAL_SCREEN', '/org/gnome/Terminal/screen/3d60da5e_eb95_4d77_aaed_fefa488ae096'), ('GNOME_SETUP_DISPLAY', ':1'), ('XDG_RUNTIME_DIR', '/run/user/1000'), ('DISPLAY', ':0'), ('LANG', 'en_US.UTF-8'), ('XDG_CURRENT_DESKTOP', 'ubuntu:GNOME'), ('XMODIFIERS', '@im=ibus'), ('XDG_SESSION_DESKTOP', 'ubuntu'), ('XAUTHORITY', '/run/user/1000/.mutter-Xwaylandauth.U47WV3'), ('LS_COLORS', 'rs=0:di=01;34:ln=01;36:mh=00:pi=40;33:so=01;35:do=01;35:bd=40;33;01:cd=40;33;01:or=40;31;01:mi=00:su=37;41:sg=30;43:ca=30;41:tw=30;42:ow=34;42:st=37;44:ex=01;32:*.tar=01;31:*.tgz=01;31:*.arc=01;31:*.arj=01;31:*.taz=01;31:*.lha=01;31:*.lz4=01;31:*.lzh=01;31:*.lzma=01;31:*.tlz=01;31:*.txz=01;31:*.tzo=01;31:*.t7z=01;31:*.zip=01;31:*.z=01;31:*.dz=01;31:*.gz=01;31:*.lrz=01;31:*.lz=01;31:*.lzo=01;31:*.xz=01;31:*.zst=01;31:*.tzst=01;31:*.bz2=01;31:*.bz=01;31:*.tbz=01;31:*.tbz2=01;31:*.tz=01;31:*.deb=01;31:*.rpm=01;31:*.jar=01;31:*.war=01;31:*.ear=01;31:*.sar=01;31:*.rar=01;31:*.alz=01;31:*.ace=01;31:*.zoo=01;31:*.cpio=01;31:*.7z=01;31:*.rz=01;31:*.cab=01;31:*.wim=01;31:*.swm=01;31:*.dwm=01;31:*.esd=01;31:*.jpg=01;35:*.jpeg=01;35:*.mjpg=01;35:*.mjpeg=01;35:*.gif=01;35:*.bmp=01;35:*.pbm=01;35:*.pgm=01;35:*.ppm=01;35:*.tga=01;35:*.xbm=01;35:*.xpm=01;35:*.tif=01;35:*.tiff=01;35:*.png=01;35:*.svg=01;35:*.svgz=01;35:*.mng=01;35:*.pcx=01;35:*.mov=01;35:*.mpg=01;35:*.mpeg=01;35:*.m2v=01;35:*.mkv=01;35:*.webm=01;35:*.webp=01;35:*.ogm=01;35:*.mp4=01;35:*.m4v=01;35:*.mp4v=01;35:*.vob=01;35:*.qt=01;35:*.nuv=01;35:*.wmv=01;35:*.asf=01;35:*.rm=01;35:*.rmvb=01;35:*.flc=01;35:*.avi=01;35:*.fli=01;35:*.flv=01;35:*.gl=01;35:*.dl=01;35:*.xcf=01;35:*.xwd=01;35:*.yuv=01;35:*.cgm=01;35:*.emf=01;35:*.ogv=01;35:*.ogx=01;35:*.aac=00;36:*.au=00;36:*.flac=00;36:*.m4a=00;36:*.mid=00;36:*.midi=00;36:*.mka=00;36:*.mp3=00;36:*.mpc=00;36:*.ogg=00;36:*.ra=00;36:*.wav=00;36:*.oga=00;36:*.opus=00;36:*.spx=00;36:*.xspf=00;36:'), ('GNOME_TERMINAL_SERVICE', ':1.462'), ('SSH_AGENT_LAUNCHER', 'gnome-keyring'), ('SSH_AUTH_SOCK', '/run/user/1000/keyring/ssh'), ('AMENT_PREFIX_PATH', '/opt/ros/humble'), ('SHELL', '/bin/bash'), ('QT_ACCESSIBILITY', '1'), ('GDMSESSION', 'ubuntu'), ('LESSCLOSE', '/usr/bin/lesspipe %s %s'), ('QT_IM_MODULE', 'ibus'), ('PWD', '/home/msd/MSD2/REV4/build/stepper_test'), ('XDG_CONFIG_DIRS', '/etc/xdg/xdg-ubuntu:/etc/xdg'), ('NVM_CD_FLAGS', ''), ('XDG_DATA_DIRS', '/usr/share/ubuntu:/usr/local/share/:/usr/share/:/var/lib/snapd/desktop'), ('PYTHONPATH', '/opt/ros/humble/lib/python3.10/site-packages:/opt/ros/humble/local/lib/python3.10/dist-packages'), ('COLCON', '1'), ('VTE_VERSION', '6800'), ('CMAKE_PREFIX_PATH', '/opt/ros/humble')]), 'shell': False}
[2.803740] (gear_manipulator_moveit_config) CommandEnded: {'returncode': 0}
[2.808260] (-) TimerEvent: {}
[2.819641] (robot_servoing) StdoutLine: {'line': b'-- library: /usr/lib/x86_64-linux-gnu/libcurl.so\n'}
[2.825903] (gear_manipulator_moveit_config) JobEnded: {'identifier': 'gear_manipulator_moveit_config', 'rc': 0}
[2.826625] (robot_commander) StdoutLine: {'line': b'-- library: /usr/lib/x86_64-linux-gnu/libcurl.so\n'}
[2.878502] (stepper_test) StdoutLine: {'line': b'[ 33%] \x1b[32mBuilding CXX object CMakeFiles/motor_key.dir/src/motor_key.cpp.o\x1b[0m\n'}
[2.878758] (stepper_test) StdoutLine: {'line': b'[ 66%] \x1b[32mBuilding CXX object CMakeFiles/motor_key.dir/src/ICLStepper.cpp.o\x1b[0m\n'}
[2.888545] (robot_commander) StdoutLine: {'line': b'-- Found Eigen3: TRUE (found version "3.4.0") \n'}
[2.888767] (robot_commander) StdoutLine: {'line': b'-- Ensuring Eigen3 include directory is part of orocos-kdl CMake target\n'}
[2.908368] (-) TimerEvent: {}
[2.918666] (robot_servoing) StdoutLine: {'line': b'-- Found Eigen3: TRUE (found version "3.4.0") \n'}
[2.921022] (robot_servoing) StdoutLine: {'line': b'-- Ensuring Eigen3 include directory is part of orocos-kdl CMake target\n'}
[2.991620] (marge) StdoutLine: {'line': b'[100%] \x1b[32m\x1b[1mLinking CXX executable homer\x1b[0m\n'}
[3.008463] (-) TimerEvent: {}
[3.108879] (-) TimerEvent: {}
[3.111598] (spotarm_assembly_description) StderrLine: {'line': b"/usr/lib/python3/dist-packages/setuptools/dist.py:723: UserWarning: Usage of dash-separated 'script-dir' will not be supported in future versions. Please use the underscore name 'script_dir' instead\n"}
[3.111902] (spotarm_assembly_description) StderrLine: {'line': b'  warnings.warn(\n'}
[3.127704] (spotarm_assembly_description) StdoutLine: {'line': b'running egg_info\n'}
[3.129013] (spotarm_assembly_description) StdoutLine: {'line': b'writing ../../build/spotarm_assembly_description/spotarm_assembly_description.egg-info/PKG-INFO\n'}
[3.129344] (spotarm_assembly_description) StdoutLine: {'line': b'writing dependency_links to ../../build/spotarm_assembly_description/spotarm_assembly_description.egg-info/dependency_links.txt\n'}
[3.129550] (spotarm_assembly_description) StdoutLine: {'line': b'writing entry points to ../../build/spotarm_assembly_description/spotarm_assembly_description.egg-info/entry_points.txt\n'}
[3.129726] (spotarm_assembly_description) StdoutLine: {'line': b'writing requirements to ../../build/spotarm_assembly_description/spotarm_assembly_description.egg-info/requires.txt\n'}
[3.129897] (spotarm_assembly_description) StdoutLine: {'line': b'writing top-level names to ../../build/spotarm_assembly_description/spotarm_assembly_description.egg-info/top_level.txt\n'}
[3.133215] (spotarm_assembly_description) StdoutLine: {'line': b"reading manifest file '../../build/spotarm_assembly_description/spotarm_assembly_description.egg-info/SOURCES.txt'\n"}
[3.136544] (spotarm_assembly_description) StdoutLine: {'line': b"writing manifest file '../../build/spotarm_assembly_description/spotarm_assembly_description.egg-info/SOURCES.txt'\n"}
[3.136933] (spotarm_assembly_description) StdoutLine: {'line': b'running build\n'}
[3.137086] (spotarm_assembly_description) StdoutLine: {'line': b'running build_py\n'}
[3.137200] (spotarm_assembly_description) StdoutLine: {'line': b'creating /home/msd/MSD2/REV4/build/spotarm_assembly_description/build\n'}
[3.137343] (spotarm_assembly_description) StdoutLine: {'line': b'creating /home/msd/MSD2/REV4/build/spotarm_assembly_description/build/lib\n'}
[3.137444] (spotarm_assembly_description) StdoutLine: {'line': b'creating /home/msd/MSD2/REV4/build/spotarm_assembly_description/build/lib/spotarm_assembly_description\n'}
[3.137577] (spotarm_assembly_description) StdoutLine: {'line': b'copying spotarm_assembly_description/__init__.py -> /home/msd/MSD2/REV4/build/spotarm_assembly_description/build/lib/spotarm_assembly_description\n'}
[3.137687] (spotarm_assembly_description) StdoutLine: {'line': b'running install\n'}
[3.137788] (spotarm_assembly_description) StdoutLine: {'line': b'running install_lib\n'}
[3.141600] (spotarm_assembly_description) StdoutLine: {'line': b'creating /home/msd/MSD2/REV4/install/spotarm_assembly_description/lib/python3.10/site-packages/spotarm_assembly_description\n'}
[3.141918] (spotarm_assembly_description) StdoutLine: {'line': b'copying /home/msd/MSD2/REV4/build/spotarm_assembly_description/build/lib/spotarm_assembly_description/__init__.py -> /home/msd/MSD2/REV4/install/spotarm_assembly_description/lib/python3.10/site-packages/spotarm_assembly_description\n'}
[3.142051] (spotarm_assembly_description) StdoutLine: {'line': b'byte-compiling /home/msd/MSD2/REV4/install/spotarm_assembly_description/lib/python3.10/site-packages/spotarm_assembly_description/__init__.py to __init__.cpython-310.pyc\n'}
[3.142166] (spotarm_assembly_description) StdoutLine: {'line': b'running install_data\n'}
[3.142271] (spotarm_assembly_description) StdoutLine: {'line': b'copying resource/spotarm_assembly_description -> /home/msd/MSD2/REV4/install/spotarm_assembly_description/share/ament_index/resource_index/packages\n'}
[3.142382] (spotarm_assembly_description) StderrLine: {'line': b"error: could not create '/home/msd/MSD2/REV4/install/spotarm_assembly_description/share/ament_index/resource_index/packages/spotarm_assembly_description': No such file or directory\n"}
[3.148641] (marge) StdoutLine: {'line': b'[100%] Built target homer\n'}
[3.167889] (marge) CommandEnded: {'returncode': 0}
[3.169065] (marge) JobProgress: {'identifier': 'marge', 'progress': 'install'}
[3.169454] (marge) Command: {'cmd': ['/usr/bin/cmake', '--install', '/home/msd/MSD2/REV4/build/marge'], 'cwd': '/home/msd/MSD2/REV4/build/marge', 'env': OrderedDict([('LESSOPEN', '| /usr/bin/lesspipe %s'), ('USER', 'msd'), ('XDG_SESSION_TYPE', 'wayland'), ('SHLVL', '1'), ('LD_LIBRARY_PATH', '/opt/ros/humble/opt/rviz_ogre_vendor/lib:/opt/ros/humble/lib/x86_64-linux-gnu:/opt/ros/humble/lib'), ('HOME', '/home/msd'), ('OLDPWD', '/home/msd'), ('DESKTOP_SESSION', 'ubuntu'), ('NVM_BIN', '/home/msd/.nvm/versions/node/v20.20.2/bin'), ('NVM_INC', '/home/msd/.nvm/versions/node/v20.20.2/include/node'), ('ROS_PYTHON_VERSION', '3'), ('GNOME_SHELL_SESSION_MODE', 'ubuntu'), ('GTK_MODULES', 'gail:atk-bridge'), ('SYSTEMD_EXEC_PID', '1614'), ('DBUS_SESSION_BUS_ADDRESS', 'unix:path=/run/user/1000/bus'), ('COLORTERM', 'truecolor'), ('NVM_DIR', '/home/msd/.nvm'), ('IM_CONFIG_PHASE', '1'), ('WAYLAND_DISPLAY', 'wayland-0'), ('ROS_DISTRO', 'humble'), ('LOGNAME', 'msd'), ('_', '/usr/bin/colcon'), ('ROS_VERSION', '2'), ('XDG_SESSION_CLASS', 'user'), ('USERNAME', 'msd'), ('TERM', 'xterm-256color'), ('GNOME_DESKTOP_SESSION_ID', 'this-is-deprecated'), ('ROS_LOCALHOST_ONLY', '0'), ('PATH', '/home/msd/.nvm/versions/node/v20.20.2/bin:/opt/ros/humble/bin:/usr/local/sbin:/usr/local/bin:/usr/sbin:/usr/bin:/sbin:/bin:/usr/games:/usr/local/games:/snap/bin:/snap/bin'), ('SESSION_MANAGER', 'local/msd-ThinkPad-E14:@/tmp/.ICE-unix/1576,unix/msd-ThinkPad-E14:/tmp/.ICE-unix/1576'), ('XDG_MENU_PREFIX', 'gnome-'), ('GNOME_TERMINAL_SCREEN', '/org/gnome/Terminal/screen/3d60da5e_eb95_4d77_aaed_fefa488ae096'), ('GNOME_SETUP_DISPLAY', ':1'), ('XDG_RUNTIME_DIR', '/run/user/1000'), ('DISPLAY', ':0'), ('LANG', 'en_US.UTF-8'), ('XDG_CURRENT_DESKTOP', 'ubuntu:GNOME'), ('XMODIFIERS', '@im=ibus'), ('XDG_SESSION_DESKTOP', 'ubuntu'), ('XAUTHORITY', '/run/user/1000/.mutter-Xwaylandauth.U47WV3'), ('LS_COLORS', 'rs=0:di=01;34:ln=01;36:mh=00:pi=40;33:so=01;35:do=01;35:bd=40;33;01:cd=40;33;01:or=40;31;01:mi=00:su=37;41:sg=30;43:ca=30;41:tw=30;42:ow=34;42:st=37;44:ex=01;32:*.tar=01;31:*.tgz=01;31:*.arc=01;31:*.arj=01;31:*.taz=01;31:*.lha=01;31:*.lz4=01;31:*.lzh=01;31:*.lzma=01;31:*.tlz=01;31:*.txz=01;31:*.tzo=01;31:*.t7z=01;31:*.zip=01;31:*.z=01;31:*.dz=01;31:*.gz=01;31:*.lrz=01;31:*.lz=01;31:*.lzo=01;31:*.xz=01;31:*.zst=01;31:*.tzst=01;31:*.bz2=01;31:*.bz=01;31:*.tbz=01;31:*.tbz2=01;31:*.tz=01;31:*.deb=01;31:*.rpm=01;31:*.jar=01;31:*.war=01;31:*.ear=01;31:*.sar=01;31:*.rar=01;31:*.alz=01;31:*.ace=01;31:*.zoo=01;31:*.cpio=01;31:*.7z=01;31:*.rz=01;31:*.cab=01;31:*.wim=01;31:*.swm=01;31:*.dwm=01;31:*.esd=01;31:*.jpg=01;35:*.jpeg=01;35:*.mjpg=01;35:*.mjpeg=01;35:*.gif=01;35:*.bmp=01;35:*.pbm=01;35:*.pgm=01;35:*.ppm=01;35:*.tga=01;35:*.xbm=01;35:*.xpm=01;35:*.tif=01;35:*.tiff=01;35:*.png=01;35:*.svg=01;35:*.svgz=01;35:*.mng=01;35:*.pcx=01;35:*.mov=01;35:*.mpg=01;35:*.mpeg=01;35:*.m2v=01;35:*.mkv=01;35:*.webm=01;35:*.webp=01;35:*.ogm=01;35:*.mp4=01;35:*.m4v=01;35:*.mp4v=01;35:*.vob=01;35:*.qt=01;35:*.nuv=01;35:*.wmv=01;35:*.asf=01;35:*.rm=01;35:*.rmvb=01;35:*.flc=01;35:*.avi=01;35:*.fli=01;35:*.flv=01;35:*.gl=01;35:*.dl=01;35:*.xcf=01;35:*.xwd=01;35:*.yuv=01;35:*.cgm=01;35:*.emf=01;35:*.ogv=01;35:*.ogx=01;35:*.aac=00;36:*.au=00;36:*.flac=00;36:*.m4a=00;36:*.mid=00;36:*.midi=00;36:*.mka=00;36:*.mp3=00;36:*.mpc=00;36:*.ogg=00;36:*.ra=00;36:*.wav=00;36:*.oga=00;36:*.opus=00;36:*.spx=00;36:*.xspf=00;36:'), ('GNOME_TERMINAL_SERVICE', ':1.462'), ('SSH_AGENT_LAUNCHER', 'gnome-keyring'), ('SSH_AUTH_SOCK', '/run/user/1000/keyring/ssh'), ('AMENT_PREFIX_PATH', '/opt/ros/humble'), ('SHELL', '/bin/bash'), ('QT_ACCESSIBILITY', '1'), ('GDMSESSION', 'ubuntu'), ('LESSCLOSE', '/usr/bin/lesspipe %s %s'), ('QT_IM_MODULE', 'ibus'), ('PWD', '/home/msd/MSD2/REV4/build/marge'), ('XDG_CONFIG_DIRS', '/etc/xdg/xdg-ubuntu:/etc/xdg'), ('NVM_CD_FLAGS', ''), ('XDG_DATA_DIRS', '/usr/share/ubuntu:/usr/local/share/:/usr/share/:/var/lib/snapd/desktop'), ('PYTHONPATH', '/opt/ros/humble/lib/python3.10/site-packages:/opt/ros/humble/local/lib/python3.10/dist-packages'), ('COLCON', '1'), ('VTE_VERSION', '6800'), ('CMAKE_PREFIX_PATH', '/opt/ros/humble')]), 'shell': False}
[3.183808] (marge) StdoutLine: {'line': b'-- Install configuration: ""\n'}
[3.184164] (marge) StdoutLine: {'line': b'-- Installing: /home/msd/MSD2/REV4/install/marge/lib/libicl_stepper.so\n'}
[3.184452] (marge) StdoutLine: {'line': b'-- Installing: /home/msd/MSD2/REV4/install/marge/lib/marge/homer\n'}
[3.185215] (marge) StdoutLine: {'line': b'-- Set runtime path of "/home/msd/MSD2/REV4/install/marge/lib/marge/homer" to ""\n'}
[3.185627] (marge) StdoutLine: {'line': b'-- Installing: /home/msd/MSD2/REV4/install/marge/include\n'}
[3.185802] (marge) StdoutLine: {'line': b'-- Installing: /home/msd/MSD2/REV4/install/marge/include/marge\n'}
[3.185923] (marge) StdoutLine: {'line': b'-- Installing: /home/msd/MSD2/REV4/install/marge/include/marge/ICLStepper.h\n'}
[3.186101] (marge) StdoutLine: {'line': b'-- Installing: /home/msd/MSD2/REV4/install/marge/share/marge/environment/library_path.sh\n'}
[3.186237] (marge) StdoutLine: {'line': b'-- Installing: /home/msd/MSD2/REV4/install/marge/share/marge/environment/library_path.dsv\n'}
[3.186396] (marge) StdoutLine: {'line': b'-- Installing: /home/msd/MSD2/REV4/install/marge/share/ament_index/resource_index/package_run_dependencies/marge\n'}
[3.186648] (marge) StdoutLine: {'line': b'-- Installing: /home/msd/MSD2/REV4/install/marge/share/ament_index/resource_index/parent_prefix_path/marge\n'}
[3.186869] (marge) StdoutLine: {'line': b'-- Installing: /home/msd/MSD2/REV4/install/marge/share/marge/environment/ament_prefix_path.sh\n'}
[3.187062] (marge) StdoutLine: {'line': b'-- Installing: /home/msd/MSD2/REV4/install/marge/share/marge/environment/ament_prefix_path.dsv\n'}
[3.187252] (marge) StdoutLine: {'line': b'-- Installing: /home/msd/MSD2/REV4/install/marge/share/marge/environment/path.sh\n'}
[3.187504] (marge) StdoutLine: {'line': b'-- Installing: /home/msd/MSD2/REV4/install/marge/share/marge/environment/path.dsv\n'}
[3.187703] (marge) StdoutLine: {'line': b'-- Installing: /home/msd/MSD2/REV4/install/marge/share/marge/local_setup.bash\n'}
[3.187940] (marge) StdoutLine: {'line': b'-- Installing: /home/msd/MSD2/REV4/install/marge/share/marge/local_setup.sh\n'}
[3.188128] (marge) StdoutLine: {'line': b'-- Installing: /home/msd/MSD2/REV4/install/marge/share/marge/local_setup.zsh\n'}
[3.188394] (marge) StdoutLine: {'line': b'-- Installing: /home/msd/MSD2/REV4/install/marge/share/marge/local_setup.dsv\n'}
[3.188619] (marge) StdoutLine: {'line': b'-- Installing: /home/msd/MSD2/REV4/install/marge/share/marge/package.dsv\n'}
[3.189045] (robot_commander) StdoutLine: {'line': b'-- Found Boost: /usr/lib/x86_64-linux-gnu/cmake/Boost-1.74.0/BoostConfig.cmake (found version "1.74.0") found components: system filesystem date_time program_options thread chrono \n'}
[3.189986] (spotarm_assembly_description) CommandEnded: {'returncode': 1}
[3.190593] (spotarm_assembly_description) JobEnded: {'identifier': 'spotarm_assembly_description', 'rc': 1}
[3.191245] (marge) StdoutLine: {'line': b'-- Installing: /home/msd/MSD2/REV4/install/marge/share/ament_index/resource_index/packages/marge\n'}
[3.191444] (marge) StdoutLine: {'line': b'-- Installing: /home/msd/MSD2/REV4/install/marge/share/marge/cmake/ament_cmake_export_include_directories-extras.cmake\n'}
[3.191602] (marge) StdoutLine: {'line': b'-- Installing: /home/msd/MSD2/REV4/install/marge/share/marge/cmake/ament_cmake_export_libraries-extras.cmake\n'}
[3.191743] (marge) StdoutLine: {'line': b'-- Installing: /home/msd/MSD2/REV4/install/marge/share/marge/cmake/margeConfig.cmake\n'}
[3.191868] (marge) StdoutLine: {'line': b'-- Installing: /home/msd/MSD2/REV4/install/marge/share/marge/cmake/margeConfig-version.cmake\n'}
[3.191992] (marge) StdoutLine: {'line': b'-- Installing: /home/msd/MSD2/REV4/install/marge/share/marge/package.xml\n'}
[3.192739] (marge) JobEnded: {'identifier': 'marge', 'rc': 'SIGINT'}
[3.208959] (-) TimerEvent: {}
[3.239574] (robot_commander) StdoutLine: {'line': b'-- Found Boost: /usr/lib/x86_64-linux-gnu/cmake/Boost-1.74.0/BoostConfig.cmake (found version "1.74.0") found components: thread system filesystem regex date_time program_options \n'}
[3.260446] (robot_servoing) StdoutLine: {'line': b'-- Found moveit_ros_planning: 2.5.9 (/opt/ros/humble/share/moveit_ros_planning/cmake)\n'}
[3.267752] (robot_servoing) StdoutLine: {'line': b'-- Found Boost: /usr/lib/x86_64-linux-gnu/cmake/Boost-1.74.0/BoostConfig.cmake (found version "1.74.0") found components: system filesystem date_time program_options thread chrono \n'}
[3.270977] (robot_commander) StdoutLine: {'line': b'-- Found Boost: /usr/lib/x86_64-linux-gnu/cmake/Boost-1.74.0/BoostConfig.cmake (found version "1.74.0") found components: system filesystem date_time program_options thread \n'}
[3.296577] (robot_servoing) StdoutLine: {'line': b'-- Found moveit_ros_planning_interface: 2.5.9 (/opt/ros/humble/share/moveit_ros_planning_interface/cmake)\n'}
[3.302663] (robot_servoing) StdoutLine: {'line': b'-- Found Boost: /usr/lib/x86_64-linux-gnu/cmake/Boost-1.74.0/BoostConfig.cmake (found version "1.74.0") found components: date_time filesystem program_options system thread \n'}
[3.309072] (-) TimerEvent: {}
[3.320272] (robot_servoing) StdoutLine: {'line': b'-- Found Boost: /usr/lib/x86_64-linux-gnu/cmake/Boost-1.74.0/BoostConfig.cmake (found version "1.74.0") found components: thread system filesystem regex date_time program_options \n'}
[3.348152] (robot_servoing) StdoutLine: {'line': b'-- Found Boost: /usr/lib/x86_64-linux-gnu/cmake/Boost-1.74.0/BoostConfig.cmake (found version "1.74.0") found components: system filesystem date_time program_options thread \n'}
[3.375677] (robot_hardware) StderrLine: {'line': b'In file included from \x1b[01m\x1b[K/home/msd/MSD2/REV4/src/robot_hardware/src/ICLStepper.cpp:1\x1b[m\x1b[K:\n'}
[3.375982] (robot_hardware) StderrLine: {'line': b'\x1b[01m\x1b[K/home/msd/MSD2/REV4/src/robot_hardware/include/robot_hardware/ICLStepper.h:\x1b[m\x1b[K In constructor \xe2\x80\x98\x1b[01m\x1b[KICLStepper::ICLStepper(int, modbus_t*, int, int)\x1b[m\x1b[K\xe2\x80\x99:\n'}
[3.376100] (robot_hardware) StderrLine: {'line': b'\x1b[01m\x1b[K/home/msd/MSD2/REV4/src/robot_hardware/include/robot_hardware/ICLStepper.h:30:9:\x1b[m\x1b[K \x1b[01;35m\x1b[Kwarning: \x1b[m\x1b[K\xe2\x80\x98\x1b[01m\x1b[KICLStepper::gear_ratio_\x1b[m\x1b[K\xe2\x80\x99 will be initialized after [\x1b[01;35m\x1b[K\x1b]8;;https://gcc.gnu.org/onlinedocs/gcc/Warning-Options.html#index-Wreorder\x07-Wreorder\x1b]8;;\x07\x1b[m\x1b[K]\n'}
[3.376224] (robot_hardware) StderrLine: {'line': b'   30 |     int \x1b[01;35m\x1b[Kgear_ratio_\x1b[m\x1b[K;\n'}
[3.376345] (robot_hardware) StderrLine: {'line': b'      |         \x1b[01;35m\x1b[K^~~~~~~~~~~\x1b[m\x1b[K\n'}
[3.376445] (robot_hardware) StderrLine: {'line': b'\x1b[01m\x1b[K/home/msd/MSD2/REV4/src/robot_hardware/include/robot_hardware/ICLStepper.h:28:9:\x1b[m\x1b[K \x1b[01;35m\x1b[Kwarning: \x1b[m\x1b[K  \xe2\x80\x98\x1b[01m\x1b[Kint ICLStepper::delay_us_\x1b[m\x1b[K\xe2\x80\x99 [\x1b[01;35m\x1b[K\x1b]8;;https://gcc.gnu.org/onlinedocs/gcc/Warning-Options.html#index-Wreorder\x07-Wreorder\x1b]8;;\x07\x1b[m\x1b[K]\n'}
[3.376604] (robot_hardware) StderrLine: {'line': b'   28 |     int \x1b[01;35m\x1b[Kdelay_us_\x1b[m\x1b[K;\n'}
[3.376703] (robot_hardware) StderrLine: {'line': b'      |         \x1b[01;35m\x1b[K^~~~~~~~~\x1b[m\x1b[K\n'}
[3.376793] (robot_hardware) StderrLine: {'line': b'\x1b[01m\x1b[K/home/msd/MSD2/REV4/src/robot_hardware/src/ICLStepper.cpp:9:1:\x1b[m\x1b[K \x1b[01;35m\x1b[Kwarning: \x1b[m\x1b[K  when initialized here [\x1b[01;35m\x1b[K\x1b]8;;https://gcc.gnu.org/onlinedocs/gcc/Warning-Options.html#index-Wreorder\x07-Wreorder\x1b]8;;\x07\x1b[m\x1b[K]\n'}
[3.376887] (robot_hardware) StderrLine: {'line': b'    9 | \x1b[01;35m\x1b[KICLStepper\x1b[m\x1b[K::ICLStepper(int slave_id, modbus_t* ctx, int pulses_per_revolution, int gear_ratio)\n'}
[3.376980] (robot_hardware) StderrLine: {'line': b'      | \x1b[01;35m\x1b[K^~~~~~~~~~\x1b[m\x1b[K\n'}
[3.384590] (robot_hardware) StderrLine: {'line': b'\x1b[01m\x1b[K/home/msd/MSD2/REV4/src/robot_hardware/src/ICLStepper.cpp:\x1b[m\x1b[K In member function \xe2\x80\x98\x1b[01m\x1b[Kint ICLStepper::home(double, double, bool, double)\x1b[m\x1b[K\xe2\x80\x99:\n'}
[3.384833] (robot_hardware) StderrLine: {'line': b'\x1b[01m\x1b[K/home/msd/MSD2/REV4/src/robot_hardware/src/ICLStepper.cpp:229:20:\x1b[m\x1b[K \x1b[01;35m\x1b[Kwarning: \x1b[m\x1b[Knarrowing conversion of \xe2\x80\x98\x1b[01m\x1b[K(clockwise ? 7 : 6)\x1b[m\x1b[K\xe2\x80\x99 from \xe2\x80\x98\x1b[01m\x1b[Kint\x1b[m\x1b[K\xe2\x80\x99 to \xe2\x80\x98\x1b[01m\x1b[Kuint16_t\x1b[m\x1b[K\xe2\x80\x99 {aka \xe2\x80\x98\x1b[01m\x1b[Kshort unsigned int\x1b[m\x1b[K\xe2\x80\x99} [\x1b[01;35m\x1b[K\x1b]8;;https://gcc.gnu.org/onlinedocs/gcc/Warning-Options.html#index-Wnarrowing\x07-Wnarrowing\x1b]8;;\x07\x1b[m\x1b[K]\n'}
[3.384977] (robot_hardware) StderrLine: {'line': b'  229 |         \x1b[01;35m\x1b[K(clockwise ? 0b111 : 0b110)\x1b[m\x1b[K, // Homing mode\n'}
[3.385086] (robot_hardware) StderrLine: {'line': b'      |         \x1b[01;35m\x1b[K~~~~~~~~~~~^~~~~~~~~~~~~~~~\x1b[m\x1b[K\n'}
[3.385416] (robot_hardware) StderrLine: {'line': b'\x1b[01m\x1b[K/home/msd/MSD2/REV4/src/robot_hardware/src/ICLStepper.cpp:234:9:\x1b[m\x1b[K \x1b[01;35m\x1b[Kwarning: \x1b[m\x1b[Knarrowing conversion of \xe2\x80\x98\x1b[01m\x1b[Khigh_velocity_rpm\x1b[m\x1b[K\xe2\x80\x99 from \xe2\x80\x98\x1b[01m\x1b[Kuint\x1b[m\x1b[K\xe2\x80\x99 {aka \xe2\x80\x98\x1b[01m\x1b[Kunsigned int\x1b[m\x1b[K\xe2\x80\x99} to \xe2\x80\x98\x1b[01m\x1b[Kuint16_t\x1b[m\x1b[K\xe2\x80\x99 {aka \xe2\x80\x98\x1b[01m\x1b[Kshort unsigned int\x1b[m\x1b[K\xe2\x80\x99} [\x1b[01;35m\x1b[K\x1b]8;;https://gcc.gnu.org/onlinedocs/gcc/Warning-Options.html#index-Wnarrowing\x07-Wnarrowing\x1b]8;;\x07\x1b[m\x1b[K]\n'}
[3.385604] (robot_hardware) StderrLine: {'line': b'  234 |         \x1b[01;35m\x1b[Khigh_velocity_rpm\x1b[m\x1b[K,    // Homing high velocity\n'}
[3.385711] (robot_hardware) StderrLine: {'line': b'      |         \x1b[01;35m\x1b[K^~~~~~~~~~~~~~~~~\x1b[m\x1b[K\n'}
[3.385805] (robot_hardware) StderrLine: {'line': b'\x1b[01m\x1b[K/home/msd/MSD2/REV4/src/robot_hardware/src/ICLStepper.cpp:235:9:\x1b[m\x1b[K \x1b[01;35m\x1b[Kwarning: \x1b[m\x1b[Knarrowing conversion of \xe2\x80\x98\x1b[01m\x1b[Klow_velocity_rpm\x1b[m\x1b[K\xe2\x80\x99 from \xe2\x80\x98\x1b[01m\x1b[Kuint\x1b[m\x1b[K\xe2\x80\x99 {aka \xe2\x80\x98\x1b[01m\x1b[Kunsigned int\x1b[m\x1b[K\xe2\x80\x99} to \xe2\x80\x98\x1b[01m\x1b[Kuint16_t\x1b[m\x1b[K\xe2\x80\x99 {aka \xe2\x80\x98\x1b[01m\x1b[Kshort unsigned int\x1b[m\x1b[K\xe2\x80\x99} [\x1b[01;35m\x1b[K\x1b]8;;https://gcc.gnu.org/onlinedocs/gcc/Warning-Options.html#index-Wnarrowing\x07-Wnarrowing\x1b]8;;\x07\x1b[m\x1b[K]\n'}
[3.385926] (robot_hardware) StderrLine: {'line': b'  235 |         \x1b[01;35m\x1b[Klow_velocity_rpm\x1b[m\x1b[K,      // Homing low velocity\n'}
[3.386029] (robot_hardware) StderrLine: {'line': b'      |         \x1b[01;35m\x1b[K^~~~~~~~~~~~~~~~\x1b[m\x1b[K\n'}
[3.390912] (robot_commander) StdoutLine: {'line': b'-- Configuring done\n'}
[3.391218] (robot_servoing) StdoutLine: {'line': b'-- Found ament_lint_auto: 0.12.15 (/opt/ros/humble/share/ament_lint_auto/cmake)\n'}
[3.409165] (-) TimerEvent: {}
[3.424764] (robot_commander) StdoutLine: {'line': b'-- Generating done\n'}
[3.434417] (robot_commander) StdoutLine: {'line': b'-- Build files have been written to: /home/msd/MSD2/REV4/build/robot_commander\n'}
[3.437353] (stepper_test) StderrLine: {'line': b'In file included from \x1b[01m\x1b[K/home/msd/MSD2/REV4/src/stepper_test/src/ICLStepper.cpp:1\x1b[m\x1b[K:\n'}
[3.437671] (stepper_test) StderrLine: {'line': b'\x1b[01m\x1b[K/home/msd/MSD2/REV4/src/stepper_test/include/stepper_test/ICLStepper.h:\x1b[m\x1b[K In constructor \xe2\x80\x98\x1b[01m\x1b[KICLStepper::ICLStepper(int, modbus_t*, int, int)\x1b[m\x1b[K\xe2\x80\x99:\n'}
[3.437809] (stepper_test) StderrLine: {'line': b'\x1b[01m\x1b[K/home/msd/MSD2/REV4/src/stepper_test/include/stepper_test/ICLStepper.h:30:9:\x1b[m\x1b[K \x1b[01;35m\x1b[Kwarning: \x1b[m\x1b[K\xe2\x80\x98\x1b[01m\x1b[KICLStepper::gear_ratio_\x1b[m\x1b[K\xe2\x80\x99 will be initialized after [\x1b[01;35m\x1b[K\x1b]8;;https://gcc.gnu.org/onlinedocs/gcc/Warning-Options.html#index-Wreorder\x07-Wreorder\x1b]8;;\x07\x1b[m\x1b[K]\n'}
[3.437912] (stepper_test) StderrLine: {'line': b'   30 |     int \x1b[01;35m\x1b[Kgear_ratio_\x1b[m\x1b[K;\n'}
[3.438000] (stepper_test) StderrLine: {'line': b'      |         \x1b[01;35m\x1b[K^~~~~~~~~~~\x1b[m\x1b[K\n'}
[3.438244] (stepper_test) StderrLine: {'line': b'\x1b[01m\x1b[K/home/msd/MSD2/REV4/src/stepper_test/include/stepper_test/ICLStepper.h:28:9:\x1b[m\x1b[K \x1b[01;35m\x1b[Kwarning: \x1b[m\x1b[K  \xe2\x80\x98\x1b[01m\x1b[Kint ICLStepper::delay_us_\x1b[m\x1b[K\xe2\x80\x99 [\x1b[01;35m\x1b[K\x1b]8;;https://gcc.gnu.org/onlinedocs/gcc/Warning-Options.html#index-Wreorder\x07-Wreorder\x1b]8;;\x07\x1b[m\x1b[K]\n'}
[3.438358] (stepper_test) StderrLine: {'line': b'   28 |     int \x1b[01;35m\x1b[Kdelay_us_\x1b[m\x1b[K;\n'}
[3.438452] (stepper_test) StderrLine: {'line': b'      |         \x1b[01;35m\x1b[K^~~~~~~~~\x1b[m\x1b[K\n'}
[3.438579] (stepper_test) StderrLine: {'line': b'\x1b[01m\x1b[K/home/msd/MSD2/REV4/src/stepper_test/src/ICLStepper.cpp:9:1:\x1b[m\x1b[K \x1b[01;35m\x1b[Kwarning: \x1b[m\x1b[K  when initialized here [\x1b[01;35m\x1b[K\x1b]8;;https://gcc.gnu.org/onlinedocs/gcc/Warning-Options.html#index-Wreorder\x07-Wreorder\x1b]8;;\x07\x1b[m\x1b[K]\n'}
[3.438696] (stepper_test) StderrLine: {'line': b'    9 | \x1b[01;35m\x1b[KICLStepper\x1b[m\x1b[K::ICLStepper(int slave_id, modbus_t* ctx, int pulses_per_revolution, int gear_ratio)\n'}
[3.438793] (stepper_test) StderrLine: {'line': b'      | \x1b[01;35m\x1b[K^~~~~~~~~~\x1b[m\x1b[K\n'}
[3.445824] (stepper_test) StderrLine: {'line': b'\x1b[01m\x1b[K/home/msd/MSD2/REV4/src/stepper_test/src/ICLStepper.cpp:\x1b[m\x1b[K In member function \xe2\x80\x98\x1b[01m\x1b[Kint ICLStepper::home(double, double, bool, double)\x1b[m\x1b[K\xe2\x80\x99:\n'}
[3.446078] (stepper_test) StderrLine: {'line': b'\x1b[01m\x1b[K/home/msd/MSD2/REV4/src/stepper_test/src/ICLStepper.cpp:229:20:\x1b[m\x1b[K \x1b[01;35m\x1b[Kwarning: \x1b[m\x1b[Knarrowing conversion of \xe2\x80\x98\x1b[01m\x1b[K(clockwise ? 7 : 6)\x1b[m\x1b[K\xe2\x80\x99 from \xe2\x80\x98\x1b[01m\x1b[Kint\x1b[m\x1b[K\xe2\x80\x99 to \xe2\x80\x98\x1b[01m\x1b[Kuint16_t\x1b[m\x1b[K\xe2\x80\x99 {aka \xe2\x80\x98\x1b[01m\x1b[Kshort unsigned int\x1b[m\x1b[K\xe2\x80\x99} [\x1b[01;35m\x1b[K\x1b]8;;https://gcc.gnu.org/onlinedocs/gcc/Warning-Options.html#index-Wnarrowing\x07-Wnarrowing\x1b]8;;\x07\x1b[m\x1b[K]\n'}
[3.446220] (stepper_test) StderrLine: {'line': b'  229 |         \x1b[01;35m\x1b[K(clockwise ? 0b111 : 0b110)\x1b[m\x1b[K, // Homing mode\n'}
[3.446311] (stepper_test) StderrLine: {'line': b'      |         \x1b[01;35m\x1b[K~~~~~~~~~~~^~~~~~~~~~~~~~~~\x1b[m\x1b[K\n'}
[3.446408] (stepper_test) StderrLine: {'line': b'\x1b[01m\x1b[K/home/msd/MSD2/REV4/src/stepper_test/src/ICLStepper.cpp:234:9:\x1b[m\x1b[K \x1b[01;35m\x1b[Kwarning: \x1b[m\x1b[Knarrowing conversion of \xe2\x80\x98\x1b[01m\x1b[Khigh_velocity_rpm\x1b[m\x1b[K\xe2\x80\x99 from \xe2\x80\x98\x1b[01m\x1b[Kuint\x1b[m\x1b[K\xe2\x80\x99 {aka \xe2\x80\x98\x1b[01m\x1b[Kunsigned int\x1b[m\x1b[K\xe2\x80\x99} to \xe2\x80\x98\x1b[01m\x1b[Kuint16_t\x1b[m\x1b[K\xe2\x80\x99 {aka \xe2\x80\x98\x1b[01m\x1b[Kshort unsigned int\x1b[m\x1b[K\xe2\x80\x99} [\x1b[01;35m\x1b[K\x1b]8;;https://gcc.gnu.org/onlinedocs/gcc/Warning-Options.html#index-Wnarrowing\x07-Wnarrowing\x1b]8;;\x07\x1b[m\x1b[K]\n'}
[3.446516] (stepper_test) StderrLine: {'line': b'  234 |         \x1b[01;35m\x1b[Khigh_velocity_rpm\x1b[m\x1b[K,    // Homing high velocity\n'}
[3.446631] (stepper_test) StderrLine: {'line': b'      |         \x1b[01;35m\x1b[K^~~~~~~~~~~~~~~~~\x1b[m\x1b[K\n'}
[3.446719] (stepper_test) StderrLine: {'line': b'\x1b[01m\x1b[K/home/msd/MSD2/REV4/src/stepper_test/src/ICLStepper.cpp:235:9:\x1b[m\x1b[K \x1b[01;35m\x1b[Kwarning: \x1b[m\x1b[Knarrowing conversion of \xe2\x80\x98\x1b[01m\x1b[Klow_velocity_rpm\x1b[m\x1b[K\xe2\x80\x99 from \xe2\x80\x98\x1b[01m\x1b[Kuint\x1b[m\x1b[K\xe2\x80\x99 {aka \xe2\x80\x98\x1b[01m\x1b[Kunsigned int\x1b[m\x1b[K\xe2\x80\x99} to \xe2\x80\x98\x1b[01m\x1b[Kuint16_t\x1b[m\x1b[K\xe2\x80\x99 {aka \xe2\x80\x98\x1b[01m\x1b[Kshort unsigned int\x1b[m\x1b[K\xe2\x80\x99} [\x1b[01;35m\x1b[K\x1b]8;;https://gcc.gnu.org/onlinedocs/gcc/Warning-Options.html#index-Wnarrowing\x07-Wnarrowing\x1b]8;;\x07\x1b[m\x1b[K]\n'}
[3.446813] (stepper_test) StderrLine: {'line': b'  235 |         \x1b[01;35m\x1b[Klow_velocity_rpm\x1b[m\x1b[K,      // Homing low velocity\n'}
[3.446901] (stepper_test) StderrLine: {'line': b'      |         \x1b[01;35m\x1b[K^~~~~~~~~~~~~~~~\x1b[m\x1b[K\n'}
[3.458824] (robot_commander) JobEnded: {'identifier': 'robot_commander', 'rc': 'SIGINT'}
[3.492119] (robot_hardware) StderrLine: {'line': b'\x1b[01m\x1b[K/home/msd/MSD2/REV4/src/robot_hardware/src/ICLStepper.cpp:\x1b[m\x1b[K In member function \xe2\x80\x98\x1b[01m\x1b[Kint ICLStepper::set_as_home()\x1b[m\x1b[K\xe2\x80\x99:\n'}
[3.492311] (robot_hardware) StderrLine: {'line': b'\x1b[01m\x1b[K/home/msd/MSD2/REV4/src/robot_hardware/src/ICLStepper.cpp:290:1:\x1b[m\x1b[K \x1b[01;35m\x1b[Kwarning: \x1b[m\x1b[Kcontrol reaches end of non-void function [\x1b[01;35m\x1b[K\x1b]8;;https://gcc.gnu.org/onlinedocs/gcc/Warning-Options.html#index-Wreturn-type\x07-Wreturn-type\x1b]8;;\x07\x1b[m\x1b[K]\n'}
[3.492384] (robot_hardware) StderrLine: {'line': b'  290 | \x1b[01;35m\x1b[K}\x1b[m\x1b[K\n'}
[3.492444] (robot_hardware) StderrLine: {'line': b'      | \x1b[01;35m\x1b[K^\x1b[m\x1b[K\n'}
[3.509279] (-) TimerEvent: {}
[3.515445] (robot_servoing) StdoutLine: {'line': b"-- Added test 'cppcheck' to perform static code analysis on C / C++ code\n"}
[3.515837] (robot_servoing) StdoutLine: {'line': b'-- Configured cppcheck include dirs: /home/msd/MSD2/REV4/src/robot_servoing/include\n'}
[3.516014] (robot_servoing) StdoutLine: {'line': b'-- Configured cppcheck exclude dirs and/or files: \n'}
[3.516811] (robot_servoing) StdoutLine: {'line': b"-- Added test 'flake8' to check Python code syntax and style conventions\n"}
[3.517579] (robot_servoing) StdoutLine: {'line': b"-- Added test 'lint_cmake' to check CMake code style\n"}
[3.518287] (robot_servoing) StdoutLine: {'line': b"-- Added test 'pep257' to check Python code against some of the docstring style conventions in PEP 257\n"}
[3.519306] (robot_servoing) StdoutLine: {'line': b"-- Added test 'uncrustify' to check C / C++ code style\n"}
[3.519523] (robot_servoing) StdoutLine: {'line': b'-- Configured uncrustify additional arguments: \n'}
[3.520144] (robot_servoing) StdoutLine: {'line': b"-- Added test 'xmllint' to check XML markup files\n"}
[3.521642] (robot_servoing) StdoutLine: {'line': b'-- Configuring done\n'}
[3.553690] (robot_servoing) StdoutLine: {'line': b'-- Generating done\n'}
[3.556260] (stepper_test) StderrLine: {'line': b'\x1b[01m\x1b[K/home/msd/MSD2/REV4/src/stepper_test/src/ICLStepper.cpp:\x1b[m\x1b[K In member function \xe2\x80\x98\x1b[01m\x1b[Kint ICLStepper::set_as_home()\x1b[m\x1b[K\xe2\x80\x99:\n'}
[3.556529] (stepper_test) StderrLine: {'line': b'\x1b[01m\x1b[K/home/msd/MSD2/REV4/src/stepper_test/src/ICLStepper.cpp:290:1:\x1b[m\x1b[K \x1b[01;35m\x1b[Kwarning: \x1b[m\x1b[Kcontrol reaches end of non-void function [\x1b[01;35m\x1b[K\x1b]8;;https://gcc.gnu.org/onlinedocs/gcc/Warning-Options.html#index-Wreturn-type\x07-Wreturn-type\x1b]8;;\x07\x1b[m\x1b[K]\n'}
[3.556675] (stepper_test) StderrLine: {'line': b'  290 | \x1b[01;35m\x1b[K}\x1b[m\x1b[K\n'}
[3.556780] (stepper_test) StderrLine: {'line': b'      | \x1b[01;35m\x1b[K^\x1b[m\x1b[K\n'}
[3.563767] (robot_servoing) StdoutLine: {'line': b'-- Build files have been written to: /home/msd/MSD2/REV4/build/robot_servoing\n'}
[3.584145] (robot_servoing) JobEnded: {'identifier': 'robot_servoing', 'rc': 'SIGINT'}
[3.609401] (-) TimerEvent: {}
[3.709692] (-) TimerEvent: {}
[3.810019] (-) TimerEvent: {}
[3.910390] (-) TimerEvent: {}
[4.010710] (-) TimerEvent: {}
[4.111082] (-) TimerEvent: {}
[4.211422] (-) TimerEvent: {}
[4.311730] (-) TimerEvent: {}
[4.412029] (-) TimerEvent: {}
[4.512340] (-) TimerEvent: {}
[4.612751] (-) TimerEvent: {}
[4.713112] (-) TimerEvent: {}
[4.813474] (-) TimerEvent: {}
[4.913809] (-) TimerEvent: {}
[5.014136] (-) TimerEvent: {}
[5.114517] (-) TimerEvent: {}
[5.214799] (-) TimerEvent: {}
[5.315104] (-) TimerEvent: {}
[5.415409] (-) TimerEvent: {}
[5.515875] (-) TimerEvent: {}
[5.616359] (-) TimerEvent: {}
[5.716869] (-) TimerEvent: {}
[5.817822] (-) TimerEvent: {}
[5.918112] (-) TimerEvent: {}
[6.018409] (-) TimerEvent: {}
[6.118690] (-) TimerEvent: {}
[6.210497] (stepper_test) StdoutLine: {'line': b'[100%] \x1b[32m\x1b[1mLinking CXX executable motor_key\x1b[0m\n'}
[6.218809] (-) TimerEvent: {}
[6.317588] (stepper_test) StdoutLine: {'line': b'[100%] Built target motor_key\n'}
[6.318884] (-) TimerEvent: {}
[6.328027] (stepper_test) JobEnded: {'identifier': 'stepper_test', 'rc': 'SIGINT'}
[6.419027] (-) TimerEvent: {}
[6.519367] (-) TimerEvent: {}
[6.619582] (-) TimerEvent: {}
[6.719871] (-) TimerEvent: {}
[6.820152] (-) TimerEvent: {}
[6.920443] (-) TimerEvent: {}
[7.020720] (-) TimerEvent: {}
[7.027689] (robot_hardware) StdoutLine: {'line': b'[100%] \x1b[32m\x1b[1mLinking CXX shared library librobot_hardware_arm.so\x1b[0m\n'}
[7.120848] (-) TimerEvent: {}
[7.198833] (robot_hardware) StdoutLine: {'line': b'[100%] Built target robot_hardware_arm\n'}
[7.208646] (robot_hardware) JobEnded: {'identifier': 'robot_hardware', 'rc': 'SIGINT'}
[7.219222] (robot_moveit_config) JobSkipped: {'identifier': 'robot_moveit_config'}
[7.219274] (robot_bringup) JobSkipped: {'identifier': 'robot_bringup'}
[7.219295] (-) EventReactorShutdown: {}
