[0.134s] DEBUG:colcon:Command line arguments: ['/usr/bin/colcon', 'build']
[0.134s] DEBUG:colcon:Parsed command line arguments: Namespace(log_base=None, log_level=None, verb_name='build', build_base='build', install_base='install', merge_install=False, symlink_install=False, test_result_base=None, continue_on_error=False, executor='parallel', parallel_workers=8, event_handlers=None, ignore_user_meta=False, metas=['./colcon.meta'], base_paths=['.'], packages_ignore=None, packages_ignore_regex=None, paths=None, packages_up_to=None, packages_up_to_regex=None, packages_above=None, packages_above_and_dependencies=None, packages_above_depth=None, packages_select_by_dep=None, packages_skip_by_dep=None, packages_skip_up_to=None, packages_select_build_failed=False, packages_skip_build_finished=False, packages_select_test_failures=False, packages_skip_test_passed=False, packages_select=None, packages_skip=None, packages_select_regex=None, packages_skip_regex=None, packages_start=None, packages_end=None, allow_overriding=[], cmake_args=None, cmake_target=None, cmake_target_skip_unavailable=False, cmake_clean_cache=False, cmake_clean_first=False, cmake_force_configure=False, ament_cmake_args=None, catkin_cmake_args=None, catkin_skip_building_tests=False, verb_parser=<colcon_defaults.argument_parser.defaults.DefaultArgumentsDecorator object at 0x756709058d90>, verb_extension=<colcon_core.verb.build.BuildVerb object at 0x7567091d2530>, main=<bound method BuildVerb.main of <colcon_core.verb.build.BuildVerb object at 0x7567091d2530>>)
[0.354s] Level 1:colcon.colcon_core.package_discovery:discover_packages(colcon_meta) check parameters
[0.354s] Level 1:colcon.colcon_core.package_discovery:discover_packages(recursive) check parameters
[0.354s] Level 1:colcon.colcon_core.package_discovery:discover_packages(ignore) check parameters
[0.354s] Level 1:colcon.colcon_core.package_discovery:discover_packages(path) check parameters
[0.354s] Level 1:colcon.colcon_core.package_discovery:discover_packages(colcon_meta) discover
[0.355s] Level 1:colcon.colcon_core.package_discovery:discover_packages(recursive) discover
[0.355s] INFO:colcon.colcon_core.package_discovery:Crawling recursively for packages in '/home/msd/MSD2/REV4'
[0.355s] Level 1:colcon.colcon_core.package_identification:_identify(.) by extensions ['ignore', 'ignore_ament_install']
[0.355s] Level 1:colcon.colcon_core.package_identification:_identify(.) by extension 'ignore'
[0.355s] Level 1:colcon.colcon_core.package_identification:_identify(.) by extension 'ignore_ament_install'
[0.355s] Level 1:colcon.colcon_core.package_identification:_identify(.) by extensions ['colcon_pkg']
[0.355s] Level 1:colcon.colcon_core.package_identification:_identify(.) by extension 'colcon_pkg'
[0.355s] Level 1:colcon.colcon_core.package_identification:_identify(.) by extensions ['colcon_meta']
[0.355s] Level 1:colcon.colcon_core.package_identification:_identify(.) by extension 'colcon_meta'
[0.355s] Level 1:colcon.colcon_core.package_identification:_identify(.) by extensions ['ros']
[0.355s] Level 1:colcon.colcon_core.package_identification:_identify(.) by extension 'ros'
[0.367s] Level 1:colcon.colcon_core.package_identification:_identify(.) by extensions ['cmake', 'python']
[0.367s] Level 1:colcon.colcon_core.package_identification:_identify(.) by extension 'cmake'
[0.367s] Level 1:colcon.colcon_core.package_identification:_identify(.) by extension 'python'
[0.367s] Level 1:colcon.colcon_core.package_identification:_identify(.) by extensions ['python_setup_py']
[0.367s] Level 1:colcon.colcon_core.package_identification:_identify(.) by extension 'python_setup_py'
[0.367s] Level 1:colcon.colcon_core.package_identification:_identify(build) by extensions ['ignore', 'ignore_ament_install']
[0.367s] Level 1:colcon.colcon_core.package_identification:_identify(build) by extension 'ignore'
[0.367s] Level 1:colcon.colcon_core.package_identification:_identify(build) ignored
[0.367s] Level 1:colcon.colcon_core.package_identification:_identify(install) by extensions ['ignore', 'ignore_ament_install']
[0.367s] Level 1:colcon.colcon_core.package_identification:_identify(install) by extension 'ignore'
[0.367s] Level 1:colcon.colcon_core.package_identification:_identify(install) ignored
[0.367s] Level 1:colcon.colcon_core.package_identification:_identify(log) by extensions ['ignore', 'ignore_ament_install']
[0.368s] Level 1:colcon.colcon_core.package_identification:_identify(log) by extension 'ignore'
[0.368s] Level 1:colcon.colcon_core.package_identification:_identify(log) ignored
[0.368s] Level 1:colcon.colcon_core.package_identification:_identify(src) by extensions ['ignore', 'ignore_ament_install']
[0.368s] Level 1:colcon.colcon_core.package_identification:_identify(src) by extension 'ignore'
[0.368s] Level 1:colcon.colcon_core.package_identification:_identify(src) by extension 'ignore_ament_install'
[0.368s] Level 1:colcon.colcon_core.package_identification:_identify(src) by extensions ['colcon_pkg']
[0.368s] Level 1:colcon.colcon_core.package_identification:_identify(src) by extension 'colcon_pkg'
[0.368s] Level 1:colcon.colcon_core.package_identification:_identify(src) by extensions ['colcon_meta']
[0.368s] Level 1:colcon.colcon_core.package_identification:_identify(src) by extension 'colcon_meta'
[0.368s] Level 1:colcon.colcon_core.package_identification:_identify(src) by extensions ['ros']
[0.368s] Level 1:colcon.colcon_core.package_identification:_identify(src) by extension 'ros'
[0.368s] Level 1:colcon.colcon_core.package_identification:_identify(src) by extensions ['cmake', 'python']
[0.368s] Level 1:colcon.colcon_core.package_identification:_identify(src) by extension 'cmake'
[0.368s] Level 1:colcon.colcon_core.package_identification:_identify(src) by extension 'python'
[0.368s] Level 1:colcon.colcon_core.package_identification:_identify(src) by extensions ['python_setup_py']
[0.368s] Level 1:colcon.colcon_core.package_identification:_identify(src) by extension 'python_setup_py'
[0.368s] Level 1:colcon.colcon_core.package_identification:_identify(src/build) by extensions ['ignore', 'ignore_ament_install']
[0.369s] Level 1:colcon.colcon_core.package_identification:_identify(src/build) by extension 'ignore'
[0.369s] Level 1:colcon.colcon_core.package_identification:_identify(src/build) ignored
[0.369s] Level 1:colcon.colcon_core.package_identification:_identify(src/gear_manipulator_moveit_config) by extensions ['ignore', 'ignore_ament_install']
[0.369s] Level 1:colcon.colcon_core.package_identification:_identify(src/gear_manipulator_moveit_config) by extension 'ignore'
[0.369s] Level 1:colcon.colcon_core.package_identification:_identify(src/gear_manipulator_moveit_config) by extension 'ignore_ament_install'
[0.369s] Level 1:colcon.colcon_core.package_identification:_identify(src/gear_manipulator_moveit_config) by extensions ['colcon_pkg']
[0.369s] Level 1:colcon.colcon_core.package_identification:_identify(src/gear_manipulator_moveit_config) by extension 'colcon_pkg'
[0.369s] Level 1:colcon.colcon_core.package_identification:_identify(src/gear_manipulator_moveit_config) by extensions ['colcon_meta']
[0.369s] Level 1:colcon.colcon_core.package_identification:_identify(src/gear_manipulator_moveit_config) by extension 'colcon_meta'
[0.369s] Level 1:colcon.colcon_core.package_identification:_identify(src/gear_manipulator_moveit_config) by extensions ['ros']
[0.369s] Level 1:colcon.colcon_core.package_identification:_identify(src/gear_manipulator_moveit_config) by extension 'ros'
[0.376s] DEBUG:colcon.colcon_core.package_identification:Package 'src/gear_manipulator_moveit_config' with type 'ros.ament_cmake' and name 'gear_manipulator_moveit_config'
[0.376s] Level 1:colcon.colcon_core.package_identification:_identify(src/install) by extensions ['ignore', 'ignore_ament_install']
[0.376s] Level 1:colcon.colcon_core.package_identification:_identify(src/install) by extension 'ignore'
[0.376s] Level 1:colcon.colcon_core.package_identification:_identify(src/install) ignored
[0.376s] Level 1:colcon.colcon_core.package_identification:_identify(src/log) by extensions ['ignore', 'ignore_ament_install']
[0.376s] Level 1:colcon.colcon_core.package_identification:_identify(src/log) by extension 'ignore'
[0.376s] Level 1:colcon.colcon_core.package_identification:_identify(src/log) ignored
[0.377s] Level 1:colcon.colcon_core.package_identification:_identify(src/marge) by extensions ['ignore', 'ignore_ament_install']
[0.377s] Level 1:colcon.colcon_core.package_identification:_identify(src/marge) by extension 'ignore'
[0.378s] Level 1:colcon.colcon_core.package_identification:_identify(src/marge) by extension 'ignore_ament_install'
[0.378s] Level 1:colcon.colcon_core.package_identification:_identify(src/marge) by extensions ['colcon_pkg']
[0.378s] Level 1:colcon.colcon_core.package_identification:_identify(src/marge) by extension 'colcon_pkg'
[0.378s] Level 1:colcon.colcon_core.package_identification:_identify(src/marge) by extensions ['colcon_meta']
[0.379s] Level 1:colcon.colcon_core.package_identification:_identify(src/marge) by extension 'colcon_meta'
[0.379s] Level 1:colcon.colcon_core.package_identification:_identify(src/marge) by extensions ['ros']
[0.380s] Level 1:colcon.colcon_core.package_identification:_identify(src/marge) by extension 'ros'
[0.380s] DEBUG:colcon.colcon_core.package_identification:Package 'src/marge' with type 'ros.ament_cmake' and name 'marge'
[0.381s] Level 1:colcon.colcon_core.package_identification:_identify(src/my_robot) by extensions ['ignore', 'ignore_ament_install']
[0.381s] Level 1:colcon.colcon_core.package_identification:_identify(src/my_robot) by extension 'ignore'
[0.381s] Level 1:colcon.colcon_core.package_identification:_identify(src/my_robot) by extension 'ignore_ament_install'
[0.381s] Level 1:colcon.colcon_core.package_identification:_identify(src/my_robot) by extensions ['colcon_pkg']
[0.381s] Level 1:colcon.colcon_core.package_identification:_identify(src/my_robot) by extension 'colcon_pkg'
[0.381s] Level 1:colcon.colcon_core.package_identification:_identify(src/my_robot) by extensions ['colcon_meta']
[0.381s] Level 1:colcon.colcon_core.package_identification:_identify(src/my_robot) by extension 'colcon_meta'
[0.381s] Level 1:colcon.colcon_core.package_identification:_identify(src/my_robot) by extensions ['ros']
[0.381s] Level 1:colcon.colcon_core.package_identification:_identify(src/my_robot) by extension 'ros'
[0.381s] DEBUG:colcon.colcon_core.package_identification:Package 'src/my_robot' with type 'ros.ament_cmake' and name 'my_robot'
[0.382s] Level 1:colcon.colcon_core.package_identification:_identify(src/robot_bringup) by extensions ['ignore', 'ignore_ament_install']
[0.382s] Level 1:colcon.colcon_core.package_identification:_identify(src/robot_bringup) by extension 'ignore'
[0.382s] Level 1:colcon.colcon_core.package_identification:_identify(src/robot_bringup) by extension 'ignore_ament_install'
[0.382s] Level 1:colcon.colcon_core.package_identification:_identify(src/robot_bringup) by extensions ['colcon_pkg']
[0.382s] Level 1:colcon.colcon_core.package_identification:_identify(src/robot_bringup) by extension 'colcon_pkg'
[0.382s] Level 1:colcon.colcon_core.package_identification:_identify(src/robot_bringup) by extensions ['colcon_meta']
[0.382s] Level 1:colcon.colcon_core.package_identification:_identify(src/robot_bringup) by extension 'colcon_meta'
[0.382s] Level 1:colcon.colcon_core.package_identification:_identify(src/robot_bringup) by extensions ['ros']
[0.382s] Level 1:colcon.colcon_core.package_identification:_identify(src/robot_bringup) by extension 'ros'
[0.383s] DEBUG:colcon.colcon_core.package_identification:Package 'src/robot_bringup' with type 'ros.ament_cmake' and name 'robot_bringup'
[0.383s] Level 1:colcon.colcon_core.package_identification:_identify(src/robot_commander) by extensions ['ignore', 'ignore_ament_install']
[0.383s] Level 1:colcon.colcon_core.package_identification:_identify(src/robot_commander) by extension 'ignore'
[0.383s] Level 1:colcon.colcon_core.package_identification:_identify(src/robot_commander) by extension 'ignore_ament_install'
[0.383s] Level 1:colcon.colcon_core.package_identification:_identify(src/robot_commander) by extensions ['colcon_pkg']
[0.383s] Level 1:colcon.colcon_core.package_identification:_identify(src/robot_commander) by extension 'colcon_pkg'
[0.383s] Level 1:colcon.colcon_core.package_identification:_identify(src/robot_commander) by extensions ['colcon_meta']
[0.383s] Level 1:colcon.colcon_core.package_identification:_identify(src/robot_commander) by extension 'colcon_meta'
[0.383s] Level 1:colcon.colcon_core.package_identification:_identify(src/robot_commander) by extensions ['ros']
[0.383s] Level 1:colcon.colcon_core.package_identification:_identify(src/robot_commander) by extension 'ros'
[0.384s] DEBUG:colcon.colcon_core.package_identification:Package 'src/robot_commander' with type 'ros.ament_cmake' and name 'robot_commander'
[0.384s] Level 1:colcon.colcon_core.package_identification:_identify(src/robot_hardware) by extensions ['ignore', 'ignore_ament_install']
[0.384s] Level 1:colcon.colcon_core.package_identification:_identify(src/robot_hardware) by extension 'ignore'
[0.384s] Level 1:colcon.colcon_core.package_identification:_identify(src/robot_hardware) by extension 'ignore_ament_install'
[0.384s] Level 1:colcon.colcon_core.package_identification:_identify(src/robot_hardware) by extensions ['colcon_pkg']
[0.384s] Level 1:colcon.colcon_core.package_identification:_identify(src/robot_hardware) by extension 'colcon_pkg'
[0.384s] Level 1:colcon.colcon_core.package_identification:_identify(src/robot_hardware) by extensions ['colcon_meta']
[0.384s] Level 1:colcon.colcon_core.package_identification:_identify(src/robot_hardware) by extension 'colcon_meta'
[0.384s] Level 1:colcon.colcon_core.package_identification:_identify(src/robot_hardware) by extensions ['ros']
[0.384s] Level 1:colcon.colcon_core.package_identification:_identify(src/robot_hardware) by extension 'ros'
[0.385s] DEBUG:colcon.colcon_core.package_identification:Package 'src/robot_hardware' with type 'ros.ament_cmake' and name 'robot_hardware'
[0.385s] Level 1:colcon.colcon_core.package_identification:_identify(src/robot_moveit_config) by extensions ['ignore', 'ignore_ament_install']
[0.385s] Level 1:colcon.colcon_core.package_identification:_identify(src/robot_moveit_config) by extension 'ignore'
[0.385s] Level 1:colcon.colcon_core.package_identification:_identify(src/robot_moveit_config) by extension 'ignore_ament_install'
[0.385s] Level 1:colcon.colcon_core.package_identification:_identify(src/robot_moveit_config) by extensions ['colcon_pkg']
[0.385s] Level 1:colcon.colcon_core.package_identification:_identify(src/robot_moveit_config) by extension 'colcon_pkg'
[0.385s] Level 1:colcon.colcon_core.package_identification:_identify(src/robot_moveit_config) by extensions ['colcon_meta']
[0.385s] Level 1:colcon.colcon_core.package_identification:_identify(src/robot_moveit_config) by extension 'colcon_meta'
[0.386s] Level 1:colcon.colcon_core.package_identification:_identify(src/robot_moveit_config) by extensions ['ros']
[0.386s] Level 1:colcon.colcon_core.package_identification:_identify(src/robot_moveit_config) by extension 'ros'
[0.386s] DEBUG:colcon.colcon_core.package_identification:Package 'src/robot_moveit_config' with type 'ros.ament_cmake' and name 'robot_moveit_config'
[0.386s] Level 1:colcon.colcon_core.package_identification:_identify(src/robot_servoing) by extensions ['ignore', 'ignore_ament_install']
[0.387s] Level 1:colcon.colcon_core.package_identification:_identify(src/robot_servoing) by extension 'ignore'
[0.387s] Level 1:colcon.colcon_core.package_identification:_identify(src/robot_servoing) by extension 'ignore_ament_install'
[0.387s] Level 1:colcon.colcon_core.package_identification:_identify(src/robot_servoing) by extensions ['colcon_pkg']
[0.387s] Level 1:colcon.colcon_core.package_identification:_identify(src/robot_servoing) by extension 'colcon_pkg'
[0.387s] Level 1:colcon.colcon_core.package_identification:_identify(src/robot_servoing) by extensions ['colcon_meta']
[0.387s] Level 1:colcon.colcon_core.package_identification:_identify(src/robot_servoing) by extension 'colcon_meta'
[0.387s] Level 1:colcon.colcon_core.package_identification:_identify(src/robot_servoing) by extensions ['ros']
[0.387s] Level 1:colcon.colcon_core.package_identification:_identify(src/robot_servoing) by extension 'ros'
[0.389s] DEBUG:colcon.colcon_core.package_identification:Package 'src/robot_servoing' with type 'ros.ament_cmake' and name 'robot_servoing'
[0.389s] Level 1:colcon.colcon_core.package_identification:_identify(src/robot_status_leds) by extensions ['ignore', 'ignore_ament_install']
[0.389s] Level 1:colcon.colcon_core.package_identification:_identify(src/robot_status_leds) by extension 'ignore'
[0.389s] Level 1:colcon.colcon_core.package_identification:_identify(src/robot_status_leds) by extension 'ignore_ament_install'
[0.389s] Level 1:colcon.colcon_core.package_identification:_identify(src/robot_status_leds) by extensions ['colcon_pkg']
[0.389s] Level 1:colcon.colcon_core.package_identification:_identify(src/robot_status_leds) by extension 'colcon_pkg'
[0.389s] Level 1:colcon.colcon_core.package_identification:_identify(src/robot_status_leds) by extensions ['colcon_meta']
[0.389s] Level 1:colcon.colcon_core.package_identification:_identify(src/robot_status_leds) by extension 'colcon_meta'
[0.389s] Level 1:colcon.colcon_core.package_identification:_identify(src/robot_status_leds) by extensions ['ros']
[0.389s] Level 1:colcon.colcon_core.package_identification:_identify(src/robot_status_leds) by extension 'ros'
[0.390s] DEBUG:colcon.colcon_core.package_identification:Package 'src/robot_status_leds' with type 'ros.ament_python' and name 'robot_status_leds'
[0.390s] Level 1:colcon.colcon_core.package_identification:_identify(src/spotarm_assembly_description) by extensions ['ignore', 'ignore_ament_install']
[0.390s] Level 1:colcon.colcon_core.package_identification:_identify(src/spotarm_assembly_description) by extension 'ignore'
[0.390s] Level 1:colcon.colcon_core.package_identification:_identify(src/spotarm_assembly_description) by extension 'ignore_ament_install'
[0.390s] Level 1:colcon.colcon_core.package_identification:_identify(src/spotarm_assembly_description) by extensions ['colcon_pkg']
[0.390s] Level 1:colcon.colcon_core.package_identification:_identify(src/spotarm_assembly_description) by extension 'colcon_pkg'
[0.390s] Level 1:colcon.colcon_core.package_identification:_identify(src/spotarm_assembly_description) by extensions ['colcon_meta']
[0.390s] Level 1:colcon.colcon_core.package_identification:_identify(src/spotarm_assembly_description) by extension 'colcon_meta'
[0.390s] Level 1:colcon.colcon_core.package_identification:_identify(src/spotarm_assembly_description) by extensions ['ros']
[0.390s] Level 1:colcon.colcon_core.package_identification:_identify(src/spotarm_assembly_description) by extension 'ros'
[0.391s] DEBUG:colcon.colcon_core.package_identification:Package 'src/spotarm_assembly_description' with type 'ros.ament_python' and name 'spotarm_assembly_description'
[0.391s] Level 1:colcon.colcon_core.package_identification:_identify(src/spotarm_gamepad) by extensions ['ignore', 'ignore_ament_install']
[0.391s] Level 1:colcon.colcon_core.package_identification:_identify(src/spotarm_gamepad) by extension 'ignore'
[0.392s] Level 1:colcon.colcon_core.package_identification:_identify(src/spotarm_gamepad) by extension 'ignore_ament_install'
[0.392s] Level 1:colcon.colcon_core.package_identification:_identify(src/spotarm_gamepad) by extensions ['colcon_pkg']
[0.392s] Level 1:colcon.colcon_core.package_identification:_identify(src/spotarm_gamepad) by extension 'colcon_pkg'
[0.392s] Level 1:colcon.colcon_core.package_identification:_identify(src/spotarm_gamepad) by extensions ['colcon_meta']
[0.392s] Level 1:colcon.colcon_core.package_identification:_identify(src/spotarm_gamepad) by extension 'colcon_meta'
[0.392s] Level 1:colcon.colcon_core.package_identification:_identify(src/spotarm_gamepad) by extensions ['ros']
[0.392s] Level 1:colcon.colcon_core.package_identification:_identify(src/spotarm_gamepad) by extension 'ros'
[0.393s] DEBUG:colcon.colcon_core.package_identification:Package 'src/spotarm_gamepad' with type 'ros.ament_python' and name 'spotarm_gamepad'
[0.393s] Level 1:colcon.colcon_core.package_identification:_identify(src/stepper_test) by extensions ['ignore', 'ignore_ament_install']
[0.393s] Level 1:colcon.colcon_core.package_identification:_identify(src/stepper_test) by extension 'ignore'
[0.393s] Level 1:colcon.colcon_core.package_identification:_identify(src/stepper_test) by extension 'ignore_ament_install'
[0.393s] Level 1:colcon.colcon_core.package_identification:_identify(src/stepper_test) by extensions ['colcon_pkg']
[0.393s] Level 1:colcon.colcon_core.package_identification:_identify(src/stepper_test) by extension 'colcon_pkg'
[0.393s] Level 1:colcon.colcon_core.package_identification:_identify(src/stepper_test) by extensions ['colcon_meta']
[0.393s] Level 1:colcon.colcon_core.package_identification:_identify(src/stepper_test) by extension 'colcon_meta'
[0.393s] Level 1:colcon.colcon_core.package_identification:_identify(src/stepper_test) by extensions ['ros']
[0.393s] Level 1:colcon.colcon_core.package_identification:_identify(src/stepper_test) by extension 'ros'
[0.394s] DEBUG:colcon.colcon_core.package_identification:Package 'src/stepper_test' with type 'ros.ament_cmake' and name 'stepper_test'
[0.394s] Level 1:colcon.colcon_core.package_discovery:discover_packages(recursive) using defaults
[0.394s] Level 1:colcon.colcon_core.package_discovery:discover_packages(ignore) discover
[0.394s] Level 1:colcon.colcon_core.package_discovery:discover_packages(ignore) using defaults
[0.394s] Level 1:colcon.colcon_core.package_discovery:discover_packages(path) discover
[0.394s] Level 1:colcon.colcon_core.package_discovery:discover_packages(path) using defaults
[0.439s] Level 1:colcon.colcon_core.package_discovery:discover_packages(prefix_path) check parameters
[0.440s] Level 1:colcon.colcon_core.package_discovery:discover_packages(prefix_path) discover
[0.445s] DEBUG:colcon.colcon_installed_package_information.package_discovery:Found 12 installed packages in /home/msd/MSD2/REV4/install
[0.446s] DEBUG:colcon.colcon_installed_package_information.package_discovery:Found 1 installed packages in /home/msd/install
[0.447s] DEBUG:colcon.colcon_installed_package_information.package_discovery:Found 357 installed packages in /opt/ros/humble
[0.449s] Level 1:colcon.colcon_core.package_discovery:discover_packages(prefix_path) using defaults
[0.508s] Level 5:colcon.colcon_core.verb:set package 'marge' build argument 'cmake_args' from command line to 'None'
[0.508s] Level 5:colcon.colcon_core.verb:set package 'marge' build argument 'cmake_target' from command line to 'None'
[0.508s] Level 5:colcon.colcon_core.verb:set package 'marge' build argument 'cmake_target_skip_unavailable' from command line to 'False'
[0.508s] Level 5:colcon.colcon_core.verb:set package 'marge' build argument 'cmake_clean_cache' from command line to 'False'
[0.508s] Level 5:colcon.colcon_core.verb:set package 'marge' build argument 'cmake_clean_first' from command line to 'False'
[0.508s] Level 5:colcon.colcon_core.verb:set package 'marge' build argument 'cmake_force_configure' from command line to 'False'
[0.508s] Level 5:colcon.colcon_core.verb:set package 'marge' build argument 'ament_cmake_args' from command line to 'None'
[0.508s] Level 5:colcon.colcon_core.verb:set package 'marge' build argument 'catkin_cmake_args' from command line to 'None'
[0.508s] Level 5:colcon.colcon_core.verb:set package 'marge' build argument 'catkin_skip_building_tests' from command line to 'False'
[0.508s] DEBUG:colcon.colcon_core.verb:Building package 'marge' with the following arguments: {'ament_cmake_args': None, 'build_base': '/home/msd/MSD2/REV4/build/marge', 'catkin_cmake_args': None, 'catkin_skip_building_tests': False, 'cmake_args': None, 'cmake_clean_cache': False, 'cmake_clean_first': False, 'cmake_force_configure': False, 'cmake_target': None, 'cmake_target_skip_unavailable': False, 'install_base': '/home/msd/MSD2/REV4/install/marge', 'merge_install': False, 'path': '/home/msd/MSD2/REV4/src/marge', 'symlink_install': False, 'test_result_base': None}
[0.509s] Level 5:colcon.colcon_core.verb:set package 'my_robot' build argument 'cmake_args' from command line to 'None'
[0.509s] Level 5:colcon.colcon_core.verb:set package 'my_robot' build argument 'cmake_target' from command line to 'None'
[0.509s] Level 5:colcon.colcon_core.verb:set package 'my_robot' build argument 'cmake_target_skip_unavailable' from command line to 'False'
[0.509s] Level 5:colcon.colcon_core.verb:set package 'my_robot' build argument 'cmake_clean_cache' from command line to 'False'
[0.509s] Level 5:colcon.colcon_core.verb:set package 'my_robot' build argument 'cmake_clean_first' from command line to 'False'
[0.509s] Level 5:colcon.colcon_core.verb:set package 'my_robot' build argument 'cmake_force_configure' from command line to 'False'
[0.509s] Level 5:colcon.colcon_core.verb:set package 'my_robot' build argument 'ament_cmake_args' from command line to 'None'
[0.509s] Level 5:colcon.colcon_core.verb:set package 'my_robot' build argument 'catkin_cmake_args' from command line to 'None'
[0.509s] Level 5:colcon.colcon_core.verb:set package 'my_robot' build argument 'catkin_skip_building_tests' from command line to 'False'
[0.509s] DEBUG:colcon.colcon_core.verb:Building package 'my_robot' with the following arguments: {'ament_cmake_args': None, 'build_base': '/home/msd/MSD2/REV4/build/my_robot', 'catkin_cmake_args': None, 'catkin_skip_building_tests': False, 'cmake_args': None, 'cmake_clean_cache': False, 'cmake_clean_first': False, 'cmake_force_configure': False, 'cmake_target': None, 'cmake_target_skip_unavailable': False, 'install_base': '/home/msd/MSD2/REV4/install/my_robot', 'merge_install': False, 'path': '/home/msd/MSD2/REV4/src/my_robot', 'symlink_install': False, 'test_result_base': None}
[0.510s] Level 5:colcon.colcon_core.verb:set package 'robot_commander' build argument 'cmake_args' from command line to 'None'
[0.510s] Level 5:colcon.colcon_core.verb:set package 'robot_commander' build argument 'cmake_target' from command line to 'None'
[0.510s] Level 5:colcon.colcon_core.verb:set package 'robot_commander' build argument 'cmake_target_skip_unavailable' from command line to 'False'
[0.510s] Level 5:colcon.colcon_core.verb:set package 'robot_commander' build argument 'cmake_clean_cache' from command line to 'False'
[0.510s] Level 5:colcon.colcon_core.verb:set package 'robot_commander' build argument 'cmake_clean_first' from command line to 'False'
[0.510s] Level 5:colcon.colcon_core.verb:set package 'robot_commander' build argument 'cmake_force_configure' from command line to 'False'
[0.510s] Level 5:colcon.colcon_core.verb:set package 'robot_commander' build argument 'ament_cmake_args' from command line to 'None'
[0.510s] Level 5:colcon.colcon_core.verb:set package 'robot_commander' build argument 'catkin_cmake_args' from command line to 'None'
[0.510s] Level 5:colcon.colcon_core.verb:set package 'robot_commander' build argument 'catkin_skip_building_tests' from command line to 'False'
[0.510s] DEBUG:colcon.colcon_core.verb:Building package 'robot_commander' with the following arguments: {'ament_cmake_args': None, 'build_base': '/home/msd/MSD2/REV4/build/robot_commander', 'catkin_cmake_args': None, 'catkin_skip_building_tests': False, 'cmake_args': None, 'cmake_clean_cache': False, 'cmake_clean_first': False, 'cmake_force_configure': False, 'cmake_target': None, 'cmake_target_skip_unavailable': False, 'install_base': '/home/msd/MSD2/REV4/install/robot_commander', 'merge_install': False, 'path': '/home/msd/MSD2/REV4/src/robot_commander', 'symlink_install': False, 'test_result_base': None}
[0.511s] Level 5:colcon.colcon_core.verb:set package 'robot_hardware' build argument 'cmake_args' from command line to 'None'
[0.511s] Level 5:colcon.colcon_core.verb:set package 'robot_hardware' build argument 'cmake_target' from command line to 'None'
[0.511s] Level 5:colcon.colcon_core.verb:set package 'robot_hardware' build argument 'cmake_target_skip_unavailable' from command line to 'False'
[0.511s] Level 5:colcon.colcon_core.verb:set package 'robot_hardware' build argument 'cmake_clean_cache' from command line to 'False'
[0.511s] Level 5:colcon.colcon_core.verb:set package 'robot_hardware' build argument 'cmake_clean_first' from command line to 'False'
[0.511s] Level 5:colcon.colcon_core.verb:set package 'robot_hardware' build argument 'cmake_force_configure' from command line to 'False'
[0.511s] Level 5:colcon.colcon_core.verb:set package 'robot_hardware' build argument 'ament_cmake_args' from command line to 'None'
[0.511s] Level 5:colcon.colcon_core.verb:set package 'robot_hardware' build argument 'catkin_cmake_args' from command line to 'None'
[0.511s] Level 5:colcon.colcon_core.verb:set package 'robot_hardware' build argument 'catkin_skip_building_tests' from command line to 'False'
[0.511s] DEBUG:colcon.colcon_core.verb:Building package 'robot_hardware' with the following arguments: {'ament_cmake_args': None, 'build_base': '/home/msd/MSD2/REV4/build/robot_hardware', 'catkin_cmake_args': None, 'catkin_skip_building_tests': False, 'cmake_args': None, 'cmake_clean_cache': False, 'cmake_clean_first': False, 'cmake_force_configure': False, 'cmake_target': None, 'cmake_target_skip_unavailable': False, 'install_base': '/home/msd/MSD2/REV4/install/robot_hardware', 'merge_install': False, 'path': '/home/msd/MSD2/REV4/src/robot_hardware', 'symlink_install': False, 'test_result_base': None}
[0.512s] Level 5:colcon.colcon_core.verb:set package 'robot_servoing' build argument 'cmake_args' from command line to 'None'
[0.512s] Level 5:colcon.colcon_core.verb:set package 'robot_servoing' build argument 'cmake_target' from command line to 'None'
[0.512s] Level 5:colcon.colcon_core.verb:set package 'robot_servoing' build argument 'cmake_target_skip_unavailable' from command line to 'False'
[0.512s] Level 5:colcon.colcon_core.verb:set package 'robot_servoing' build argument 'cmake_clean_cache' from command line to 'False'
[0.512s] Level 5:colcon.colcon_core.verb:set package 'robot_servoing' build argument 'cmake_clean_first' from command line to 'False'
[0.512s] Level 5:colcon.colcon_core.verb:set package 'robot_servoing' build argument 'cmake_force_configure' from command line to 'False'
[0.512s] Level 5:colcon.colcon_core.verb:set package 'robot_servoing' build argument 'ament_cmake_args' from command line to 'None'
[0.512s] Level 5:colcon.colcon_core.verb:set package 'robot_servoing' build argument 'catkin_cmake_args' from command line to 'None'
[0.512s] Level 5:colcon.colcon_core.verb:set package 'robot_servoing' build argument 'catkin_skip_building_tests' from command line to 'False'
[0.512s] DEBUG:colcon.colcon_core.verb:Building package 'robot_servoing' with the following arguments: {'ament_cmake_args': None, 'build_base': '/home/msd/MSD2/REV4/build/robot_servoing', 'catkin_cmake_args': None, 'catkin_skip_building_tests': False, 'cmake_args': None, 'cmake_clean_cache': False, 'cmake_clean_first': False, 'cmake_force_configure': False, 'cmake_target': None, 'cmake_target_skip_unavailable': False, 'install_base': '/home/msd/MSD2/REV4/install/robot_servoing', 'merge_install': False, 'path': '/home/msd/MSD2/REV4/src/robot_servoing', 'symlink_install': False, 'test_result_base': None}
[0.512s] Level 5:colcon.colcon_core.verb:set package 'robot_status_leds' build argument 'cmake_args' from command line to 'None'
[0.512s] Level 5:colcon.colcon_core.verb:set package 'robot_status_leds' build argument 'cmake_target' from command line to 'None'
[0.512s] Level 5:colcon.colcon_core.verb:set package 'robot_status_leds' build argument 'cmake_target_skip_unavailable' from command line to 'False'
[0.512s] Level 5:colcon.colcon_core.verb:set package 'robot_status_leds' build argument 'cmake_clean_cache' from command line to 'False'
[0.512s] Level 5:colcon.colcon_core.verb:set package 'robot_status_leds' build argument 'cmake_clean_first' from command line to 'False'
[0.512s] Level 5:colcon.colcon_core.verb:set package 'robot_status_leds' build argument 'cmake_force_configure' from command line to 'False'
[0.512s] Level 5:colcon.colcon_core.verb:set package 'robot_status_leds' build argument 'ament_cmake_args' from command line to 'None'
[0.512s] Level 5:colcon.colcon_core.verb:set package 'robot_status_leds' build argument 'catkin_cmake_args' from command line to 'None'
[0.512s] Level 5:colcon.colcon_core.verb:set package 'robot_status_leds' build argument 'catkin_skip_building_tests' from command line to 'False'
[0.512s] DEBUG:colcon.colcon_core.verb:Building package 'robot_status_leds' with the following arguments: {'ament_cmake_args': None, 'build_base': '/home/msd/MSD2/REV4/build/robot_status_leds', 'catkin_cmake_args': None, 'catkin_skip_building_tests': False, 'cmake_args': None, 'cmake_clean_cache': False, 'cmake_clean_first': False, 'cmake_force_configure': False, 'cmake_target': None, 'cmake_target_skip_unavailable': False, 'install_base': '/home/msd/MSD2/REV4/install/robot_status_leds', 'merge_install': False, 'path': '/home/msd/MSD2/REV4/src/robot_status_leds', 'symlink_install': False, 'test_result_base': None}
[0.513s] Level 5:colcon.colcon_core.verb:set package 'spotarm_assembly_description' build argument 'cmake_args' from command line to 'None'
[0.513s] Level 5:colcon.colcon_core.verb:set package 'spotarm_assembly_description' build argument 'cmake_target' from command line to 'None'
[0.513s] Level 5:colcon.colcon_core.verb:set package 'spotarm_assembly_description' build argument 'cmake_target_skip_unavailable' from command line to 'False'
[0.513s] Level 5:colcon.colcon_core.verb:set package 'spotarm_assembly_description' build argument 'cmake_clean_cache' from command line to 'False'
[0.513s] Level 5:colcon.colcon_core.verb:set package 'spotarm_assembly_description' build argument 'cmake_clean_first' from command line to 'False'
[0.513s] Level 5:colcon.colcon_core.verb:set package 'spotarm_assembly_description' build argument 'cmake_force_configure' from command line to 'False'
[0.513s] Level 5:colcon.colcon_core.verb:set package 'spotarm_assembly_description' build argument 'ament_cmake_args' from command line to 'None'
[0.513s] Level 5:colcon.colcon_core.verb:set package 'spotarm_assembly_description' build argument 'catkin_cmake_args' from command line to 'None'
[0.513s] Level 5:colcon.colcon_core.verb:set package 'spotarm_assembly_description' build argument 'catkin_skip_building_tests' from command line to 'False'
[0.513s] DEBUG:colcon.colcon_core.verb:Building package 'spotarm_assembly_description' with the following arguments: {'ament_cmake_args': None, 'build_base': '/home/msd/MSD2/REV4/build/spotarm_assembly_description', 'catkin_cmake_args': None, 'catkin_skip_building_tests': False, 'cmake_args': None, 'cmake_clean_cache': False, 'cmake_clean_first': False, 'cmake_force_configure': False, 'cmake_target': None, 'cmake_target_skip_unavailable': False, 'install_base': '/home/msd/MSD2/REV4/install/spotarm_assembly_description', 'merge_install': False, 'path': '/home/msd/MSD2/REV4/src/spotarm_assembly_description', 'symlink_install': False, 'test_result_base': None}
[0.513s] Level 5:colcon.colcon_core.verb:set package 'spotarm_gamepad' build argument 'cmake_args' from command line to 'None'
[0.513s] Level 5:colcon.colcon_core.verb:set package 'spotarm_gamepad' build argument 'cmake_target' from command line to 'None'
[0.513s] Level 5:colcon.colcon_core.verb:set package 'spotarm_gamepad' build argument 'cmake_target_skip_unavailable' from command line to 'False'
[0.513s] Level 5:colcon.colcon_core.verb:set package 'spotarm_gamepad' build argument 'cmake_clean_cache' from command line to 'False'
[0.513s] Level 5:colcon.colcon_core.verb:set package 'spotarm_gamepad' build argument 'cmake_clean_first' from command line to 'False'
[0.513s] Level 5:colcon.colcon_core.verb:set package 'spotarm_gamepad' build argument 'cmake_force_configure' from command line to 'False'
[0.513s] Level 5:colcon.colcon_core.verb:set package 'spotarm_gamepad' build argument 'ament_cmake_args' from command line to 'None'
[0.513s] Level 5:colcon.colcon_core.verb:set package 'spotarm_gamepad' build argument 'catkin_cmake_args' from command line to 'None'
[0.514s] Level 5:colcon.colcon_core.verb:set package 'spotarm_gamepad' build argument 'catkin_skip_building_tests' from command line to 'False'
[0.514s] DEBUG:colcon.colcon_core.verb:Building package 'spotarm_gamepad' with the following arguments: {'ament_cmake_args': None, 'build_base': '/home/msd/MSD2/REV4/build/spotarm_gamepad', 'catkin_cmake_args': None, 'catkin_skip_building_tests': False, 'cmake_args': None, 'cmake_clean_cache': False, 'cmake_clean_first': False, 'cmake_force_configure': False, 'cmake_target': None, 'cmake_target_skip_unavailable': False, 'install_base': '/home/msd/MSD2/REV4/install/spotarm_gamepad', 'merge_install': False, 'path': '/home/msd/MSD2/REV4/src/spotarm_gamepad', 'symlink_install': False, 'test_result_base': None}
[0.514s] Level 5:colcon.colcon_core.verb:set package 'stepper_test' build argument 'cmake_args' from command line to 'None'
[0.514s] Level 5:colcon.colcon_core.verb:set package 'stepper_test' build argument 'cmake_target' from command line to 'None'
[0.514s] Level 5:colcon.colcon_core.verb:set package 'stepper_test' build argument 'cmake_target_skip_unavailable' from command line to 'False'
[0.514s] Level 5:colcon.colcon_core.verb:set package 'stepper_test' build argument 'cmake_clean_cache' from command line to 'False'
[0.514s] Level 5:colcon.colcon_core.verb:set package 'stepper_test' build argument 'cmake_clean_first' from command line to 'False'
[0.514s] Level 5:colcon.colcon_core.verb:set package 'stepper_test' build argument 'cmake_force_configure' from command line to 'False'
[0.514s] Level 5:colcon.colcon_core.verb:set package 'stepper_test' build argument 'ament_cmake_args' from command line to 'None'
[0.514s] Level 5:colcon.colcon_core.verb:set package 'stepper_test' build argument 'catkin_cmake_args' from command line to 'None'
[0.514s] Level 5:colcon.colcon_core.verb:set package 'stepper_test' build argument 'catkin_skip_building_tests' from command line to 'False'
[0.514s] DEBUG:colcon.colcon_core.verb:Building package 'stepper_test' with the following arguments: {'ament_cmake_args': None, 'build_base': '/home/msd/MSD2/REV4/build/stepper_test', 'catkin_cmake_args': None, 'catkin_skip_building_tests': False, 'cmake_args': None, 'cmake_clean_cache': False, 'cmake_clean_first': False, 'cmake_force_configure': False, 'cmake_target': None, 'cmake_target_skip_unavailable': False, 'install_base': '/home/msd/MSD2/REV4/install/stepper_test', 'merge_install': False, 'path': '/home/msd/MSD2/REV4/src/stepper_test', 'symlink_install': False, 'test_result_base': None}
[0.514s] Level 5:colcon.colcon_core.verb:set package 'gear_manipulator_moveit_config' build argument 'cmake_args' from command line to 'None'
[0.515s] Level 5:colcon.colcon_core.verb:set package 'gear_manipulator_moveit_config' build argument 'cmake_target' from command line to 'None'
[0.515s] Level 5:colcon.colcon_core.verb:set package 'gear_manipulator_moveit_config' build argument 'cmake_target_skip_unavailable' from command line to 'False'
[0.515s] Level 5:colcon.colcon_core.verb:set package 'gear_manipulator_moveit_config' build argument 'cmake_clean_cache' from command line to 'False'
[0.515s] Level 5:colcon.colcon_core.verb:set package 'gear_manipulator_moveit_config' build argument 'cmake_clean_first' from command line to 'False'
[0.515s] Level 5:colcon.colcon_core.verb:set package 'gear_manipulator_moveit_config' build argument 'cmake_force_configure' from command line to 'False'
[0.515s] Level 5:colcon.colcon_core.verb:set package 'gear_manipulator_moveit_config' build argument 'ament_cmake_args' from command line to 'None'
[0.515s] Level 5:colcon.colcon_core.verb:set package 'gear_manipulator_moveit_config' build argument 'catkin_cmake_args' from command line to 'None'
[0.515s] Level 5:colcon.colcon_core.verb:set package 'gear_manipulator_moveit_config' build argument 'catkin_skip_building_tests' from command line to 'False'
[0.515s] DEBUG:colcon.colcon_core.verb:Building package 'gear_manipulator_moveit_config' with the following arguments: {'ament_cmake_args': None, 'build_base': '/home/msd/MSD2/REV4/build/gear_manipulator_moveit_config', 'catkin_cmake_args': None, 'catkin_skip_building_tests': False, 'cmake_args': None, 'cmake_clean_cache': False, 'cmake_clean_first': False, 'cmake_force_configure': False, 'cmake_target': None, 'cmake_target_skip_unavailable': False, 'install_base': '/home/msd/MSD2/REV4/install/gear_manipulator_moveit_config', 'merge_install': False, 'path': '/home/msd/MSD2/REV4/src/gear_manipulator_moveit_config', 'symlink_install': False, 'test_result_base': None}
[0.515s] Level 5:colcon.colcon_core.verb:set package 'robot_moveit_config' build argument 'cmake_args' from command line to 'None'
[0.515s] Level 5:colcon.colcon_core.verb:set package 'robot_moveit_config' build argument 'cmake_target' from command line to 'None'
[0.515s] Level 5:colcon.colcon_core.verb:set package 'robot_moveit_config' build argument 'cmake_target_skip_unavailable' from command line to 'False'
[0.515s] Level 5:colcon.colcon_core.verb:set package 'robot_moveit_config' build argument 'cmake_clean_cache' from command line to 'False'
[0.515s] Level 5:colcon.colcon_core.verb:set package 'robot_moveit_config' build argument 'cmake_clean_first' from command line to 'False'
[0.515s] Level 5:colcon.colcon_core.verb:set package 'robot_moveit_config' build argument 'cmake_force_configure' from command line to 'False'
[0.515s] Level 5:colcon.colcon_core.verb:set package 'robot_moveit_config' build argument 'ament_cmake_args' from command line to 'None'
[0.515s] Level 5:colcon.colcon_core.verb:set package 'robot_moveit_config' build argument 'catkin_cmake_args' from command line to 'None'
[0.515s] Level 5:colcon.colcon_core.verb:set package 'robot_moveit_config' build argument 'catkin_skip_building_tests' from command line to 'False'
[0.515s] DEBUG:colcon.colcon_core.verb:Building package 'robot_moveit_config' with the following arguments: {'ament_cmake_args': None, 'build_base': '/home/msd/MSD2/REV4/build/robot_moveit_config', 'catkin_cmake_args': None, 'catkin_skip_building_tests': False, 'cmake_args': None, 'cmake_clean_cache': False, 'cmake_clean_first': False, 'cmake_force_configure': False, 'cmake_target': None, 'cmake_target_skip_unavailable': False, 'install_base': '/home/msd/MSD2/REV4/install/robot_moveit_config', 'merge_install': False, 'path': '/home/msd/MSD2/REV4/src/robot_moveit_config', 'symlink_install': False, 'test_result_base': None}
[0.516s] Level 5:colcon.colcon_core.verb:set package 'robot_bringup' build argument 'cmake_args' from command line to 'None'
[0.516s] Level 5:colcon.colcon_core.verb:set package 'robot_bringup' build argument 'cmake_target' from command line to 'None'
[0.516s] Level 5:colcon.colcon_core.verb:set package 'robot_bringup' build argument 'cmake_target_skip_unavailable' from command line to 'False'
[0.516s] Level 5:colcon.colcon_core.verb:set package 'robot_bringup' build argument 'cmake_clean_cache' from command line to 'False'
[0.516s] Level 5:colcon.colcon_core.verb:set package 'robot_bringup' build argument 'cmake_clean_first' from command line to 'False'
[0.516s] Level 5:colcon.colcon_core.verb:set package 'robot_bringup' build argument 'cmake_force_configure' from command line to 'False'
[0.516s] Level 5:colcon.colcon_core.verb:set package 'robot_bringup' build argument 'ament_cmake_args' from command line to 'None'
[0.516s] Level 5:colcon.colcon_core.verb:set package 'robot_bringup' build argument 'catkin_cmake_args' from command line to 'None'
[0.516s] Level 5:colcon.colcon_core.verb:set package 'robot_bringup' build argument 'catkin_skip_building_tests' from command line to 'False'
[0.516s] DEBUG:colcon.colcon_core.verb:Building package 'robot_bringup' with the following arguments: {'ament_cmake_args': None, 'build_base': '/home/msd/MSD2/REV4/build/robot_bringup', 'catkin_cmake_args': None, 'catkin_skip_building_tests': False, 'cmake_args': None, 'cmake_clean_cache': False, 'cmake_clean_first': False, 'cmake_force_configure': False, 'cmake_target': None, 'cmake_target_skip_unavailable': False, 'install_base': '/home/msd/MSD2/REV4/install/robot_bringup', 'merge_install': False, 'path': '/home/msd/MSD2/REV4/src/robot_bringup', 'symlink_install': False, 'test_result_base': None}
[0.516s] INFO:colcon.colcon_core.executor:Executing jobs using 'parallel' executor
[0.517s] DEBUG:colcon.colcon_parallel_executor.executor.parallel:run_until_complete
[0.518s] INFO:colcon.colcon_ros.task.ament_python.build:Building ROS package in '/home/msd/MSD2/REV4/src/spotarm_assembly_description' with build type 'ament_python'
[0.518s] Level 1:colcon.colcon_core.shell:create_environment_hook('spotarm_assembly_description', 'ament_prefix_path')
[0.520s] INFO:colcon.colcon_core.plugin_system:Skipping extension 'colcon_core.shell.bat': Not used on non-Windows systems
[0.520s] INFO:colcon.colcon_core.shell:Creating environment hook '/home/msd/MSD2/REV4/install/spotarm_assembly_description/share/spotarm_assembly_description/hook/ament_prefix_path.ps1'
[0.520s] INFO:colcon.colcon_core.shell:Creating environment descriptor '/home/msd/MSD2/REV4/install/spotarm_assembly_description/share/spotarm_assembly_description/hook/ament_prefix_path.dsv'
[0.521s] INFO:colcon.colcon_core.shell:Creating environment hook '/home/msd/MSD2/REV4/install/spotarm_assembly_description/share/spotarm_assembly_description/hook/ament_prefix_path.sh'
[0.522s] INFO:colcon.colcon_core.shell:Skip shell extension 'powershell' for command environment: Not usable outside of PowerShell
[0.522s] DEBUG:colcon.colcon_core.shell:Skip shell extension 'dsv' for command environment
[0.526s] INFO:colcon.colcon_ros.task.ament_cmake.build:Building ROS package in '/home/msd/MSD2/REV4/src/my_robot' with build type 'ament_cmake'
[0.526s] INFO:colcon.colcon_cmake.task.cmake.build:Building CMake package in '/home/msd/MSD2/REV4/src/my_robot'
[0.526s] INFO:colcon.colcon_core.shell:Skip shell extension 'powershell' for command environment: Not usable outside of PowerShell
[0.526s] DEBUG:colcon.colcon_core.shell:Skip shell extension 'dsv' for command environment
[0.532s] INFO:colcon.colcon_ros.task.ament_cmake.build:Building ROS package in '/home/msd/MSD2/REV4/src/marge' with build type 'ament_cmake'
[0.532s] INFO:colcon.colcon_cmake.task.cmake.build:Building CMake package in '/home/msd/MSD2/REV4/src/marge'
[0.533s] INFO:colcon.colcon_core.shell:Skip shell extension 'powershell' for command environment: Not usable outside of PowerShell
[0.533s] DEBUG:colcon.colcon_core.shell:Skip shell extension 'dsv' for command environment
[0.544s] INFO:colcon.colcon_ros.task.ament_cmake.build:Building ROS package in '/home/msd/MSD2/REV4/src/robot_commander' with build type 'ament_cmake'
[0.544s] INFO:colcon.colcon_cmake.task.cmake.build:Building CMake package in '/home/msd/MSD2/REV4/src/robot_commander'
[0.544s] INFO:colcon.colcon_core.shell:Skip shell extension 'powershell' for command environment: Not usable outside of PowerShell
[0.545s] DEBUG:colcon.colcon_core.shell:Skip shell extension 'dsv' for command environment
[0.550s] INFO:colcon.colcon_ros.task.ament_cmake.build:Building ROS package in '/home/msd/MSD2/REV4/src/robot_hardware' with build type 'ament_cmake'
[0.550s] INFO:colcon.colcon_cmake.task.cmake.build:Building CMake package in '/home/msd/MSD2/REV4/src/robot_hardware'
[0.550s] INFO:colcon.colcon_core.shell:Skip shell extension 'powershell' for command environment: Not usable outside of PowerShell
[0.550s] DEBUG:colcon.colcon_core.shell:Skip shell extension 'dsv' for command environment
[0.555s] INFO:colcon.colcon_ros.task.ament_cmake.build:Building ROS package in '/home/msd/MSD2/REV4/src/robot_servoing' with build type 'ament_cmake'
[0.555s] INFO:colcon.colcon_cmake.task.cmake.build:Building CMake package in '/home/msd/MSD2/REV4/src/robot_servoing'
[0.555s] INFO:colcon.colcon_core.shell:Skip shell extension 'powershell' for command environment: Not usable outside of PowerShell
[0.555s] DEBUG:colcon.colcon_core.shell:Skip shell extension 'dsv' for command environment
[0.559s] INFO:colcon.colcon_ros.task.ament_python.build:Building ROS package in '/home/msd/MSD2/REV4/src/robot_status_leds' with build type 'ament_python'
[0.560s] Level 1:colcon.colcon_core.shell:create_environment_hook('robot_status_leds', 'ament_prefix_path')
[0.560s] INFO:colcon.colcon_core.shell:Creating environment hook '/home/msd/MSD2/REV4/install/robot_status_leds/share/robot_status_leds/hook/ament_prefix_path.ps1'
[0.560s] INFO:colcon.colcon_core.shell:Creating environment descriptor '/home/msd/MSD2/REV4/install/robot_status_leds/share/robot_status_leds/hook/ament_prefix_path.dsv'
[0.561s] INFO:colcon.colcon_core.shell:Creating environment hook '/home/msd/MSD2/REV4/install/robot_status_leds/share/robot_status_leds/hook/ament_prefix_path.sh'
[0.562s] INFO:colcon.colcon_core.shell:Skip shell extension 'powershell' for command environment: Not usable outside of PowerShell
[0.562s] DEBUG:colcon.colcon_core.shell:Skip shell extension 'dsv' for command environment
[0.575s] INFO:colcon.colcon_ros.task.ament_python.build:Building ROS package in '/home/msd/MSD2/REV4/src/spotarm_gamepad' with build type 'ament_python'
[0.576s] Level 1:colcon.colcon_core.shell:create_environment_hook('spotarm_gamepad', 'ament_prefix_path')
[0.577s] INFO:colcon.colcon_core.shell:Creating environment hook '/home/msd/MSD2/REV4/install/spotarm_gamepad/share/spotarm_gamepad/hook/ament_prefix_path.ps1'
[0.579s] INFO:colcon.colcon_core.shell:Creating environment descriptor '/home/msd/MSD2/REV4/install/spotarm_gamepad/share/spotarm_gamepad/hook/ament_prefix_path.dsv'
[0.579s] INFO:colcon.colcon_core.shell:Creating environment hook '/home/msd/MSD2/REV4/install/spotarm_gamepad/share/spotarm_gamepad/hook/ament_prefix_path.sh'
[0.580s] INFO:colcon.colcon_core.shell:Skip shell extension 'powershell' for command environment: Not usable outside of PowerShell
[0.580s] DEBUG:colcon.colcon_core.shell:Skip shell extension 'dsv' for command environment
[0.945s] INFO:colcon.colcon_core.task.python.build:Building Python package in '/home/msd/MSD2/REV4/src/spotarm_assembly_description'
[0.945s] INFO:colcon.colcon_core.shell:Skip shell extension 'powershell' for command environment: Not usable outside of PowerShell
[0.945s] DEBUG:colcon.colcon_core.shell:Skip shell extension 'dsv' for command environment
[0.964s] DEBUG:colcon.colcon_core.event_handler.log_command:Invoking command in '/home/msd/MSD2/REV4/build/my_robot': CMAKE_PREFIX_PATH=${CMAKE_PREFIX_PATH}:/home/msd/MSD2/REV4/install/spotarm_gamepad:/home/msd/MSD2/REV4/install/spotarm_assembly_description:/home/msd/MSD2/REV4/install/robot_status_leds:/opt/ros/humble /usr/bin/cmake --build /home/msd/MSD2/REV4/build/my_robot -- -j8 -l8
[0.967s] DEBUG:colcon.colcon_core.event_handler.log_command:Invoking command in '/home/msd/MSD2/REV4/build/marge': CMAKE_PREFIX_PATH=${CMAKE_PREFIX_PATH}:/home/msd/MSD2/REV4/install/spotarm_gamepad:/home/msd/MSD2/REV4/install/spotarm_assembly_description:/home/msd/MSD2/REV4/install/robot_status_leds:/opt/ros/humble /usr/bin/cmake --build /home/msd/MSD2/REV4/build/marge -- -j8 -l8
[0.970s] DEBUG:colcon.colcon_core.event_handler.log_command:Invoking command in '/home/msd/MSD2/REV4/build/robot_commander': CMAKE_PREFIX_PATH=${CMAKE_PREFIX_PATH}:/home/msd/MSD2/REV4/install/spotarm_gamepad:/home/msd/MSD2/REV4/install/spotarm_assembly_description:/home/msd/MSD2/REV4/install/robot_status_leds:/opt/ros/humble /usr/bin/cmake --build /home/msd/MSD2/REV4/build/robot_commander -- -j8 -l8
[0.974s] DEBUG:colcon.colcon_core.event_handler.log_command:Invoking command in '/home/msd/MSD2/REV4/build/robot_hardware': CMAKE_PREFIX_PATH=${CMAKE_PREFIX_PATH}:/home/msd/MSD2/REV4/install/spotarm_gamepad:/home/msd/MSD2/REV4/install/spotarm_assembly_description:/home/msd/MSD2/REV4/install/robot_status_leds:/opt/ros/humble /usr/bin/cmake --build /home/msd/MSD2/REV4/build/robot_hardware -- -j8 -l8
[0.977s] DEBUG:colcon.colcon_core.event_handler.log_command:Invoking command in '/home/msd/MSD2/REV4/build/robot_servoing': CMAKE_PREFIX_PATH=${CMAKE_PREFIX_PATH}:/home/msd/MSD2/REV4/install/spotarm_gamepad:/home/msd/MSD2/REV4/install/spotarm_assembly_description:/home/msd/MSD2/REV4/install/robot_status_leds:/opt/ros/humble /usr/bin/cmake --build /home/msd/MSD2/REV4/build/robot_servoing -- -j8 -l8
[1.380s] INFO:colcon.colcon_core.task.python.build:Building Python package in '/home/msd/MSD2/REV4/src/robot_status_leds'
[1.380s] INFO:colcon.colcon_core.shell:Skip shell extension 'powershell' for command environment: Not usable outside of PowerShell
[1.380s] DEBUG:colcon.colcon_core.shell:Skip shell extension 'dsv' for command environment
[1.743s] INFO:colcon.colcon_core.task.python.build:Building Python package in '/home/msd/MSD2/REV4/src/spotarm_gamepad'
[1.743s] INFO:colcon.colcon_core.shell:Skip shell extension 'powershell' for command environment: Not usable outside of PowerShell
[1.743s] DEBUG:colcon.colcon_core.shell:Skip shell extension 'dsv' for command environment
[1.756s] DEBUG:colcon.colcon_core.event_handler.log_command:Invoked command in '/home/msd/MSD2/REV4/build/my_robot' returned '0': CMAKE_PREFIX_PATH=${CMAKE_PREFIX_PATH}:/home/msd/MSD2/REV4/install/spotarm_gamepad:/home/msd/MSD2/REV4/install/spotarm_assembly_description:/home/msd/MSD2/REV4/install/robot_status_leds:/opt/ros/humble /usr/bin/cmake --build /home/msd/MSD2/REV4/build/my_robot -- -j8 -l8
[1.772s] DEBUG:colcon.colcon_core.event_handler.log_command:Invoking command in '/home/msd/MSD2/REV4/build/my_robot': CMAKE_PREFIX_PATH=${CMAKE_PREFIX_PATH}:/home/msd/MSD2/REV4/install/spotarm_gamepad:/home/msd/MSD2/REV4/install/spotarm_assembly_description:/home/msd/MSD2/REV4/install/robot_status_leds:/opt/ros/humble /usr/bin/cmake --install /home/msd/MSD2/REV4/build/my_robot
[1.772s] DEBUG:colcon.colcon_core.event_handler.log_command:Invoked command in '/home/msd/MSD2/REV4/build/robot_hardware' returned '0': CMAKE_PREFIX_PATH=${CMAKE_PREFIX_PATH}:/home/msd/MSD2/REV4/install/spotarm_gamepad:/home/msd/MSD2/REV4/install/spotarm_assembly_description:/home/msd/MSD2/REV4/install/robot_status_leds:/opt/ros/humble /usr/bin/cmake --build /home/msd/MSD2/REV4/build/robot_hardware -- -j8 -l8
[1.774s] DEBUG:colcon.colcon_core.event_handler.log_command:Invoking command in '/home/msd/MSD2/REV4/build/robot_hardware': CMAKE_PREFIX_PATH=${CMAKE_PREFIX_PATH}:/home/msd/MSD2/REV4/install/spotarm_gamepad:/home/msd/MSD2/REV4/install/spotarm_assembly_description:/home/msd/MSD2/REV4/install/robot_status_leds:/opt/ros/humble /usr/bin/cmake --install /home/msd/MSD2/REV4/build/robot_hardware
[1.774s] DEBUG:colcon.colcon_core.event_handler.log_command:Invoked command in '/home/msd/MSD2/REV4/build/robot_commander' returned '0': CMAKE_PREFIX_PATH=${CMAKE_PREFIX_PATH}:/home/msd/MSD2/REV4/install/spotarm_gamepad:/home/msd/MSD2/REV4/install/spotarm_assembly_description:/home/msd/MSD2/REV4/install/robot_status_leds:/opt/ros/humble /usr/bin/cmake --build /home/msd/MSD2/REV4/build/robot_commander -- -j8 -l8
[1.777s] DEBUG:colcon.colcon_core.event_handler.log_command:Invoking command in '/home/msd/MSD2/REV4/build/robot_commander': CMAKE_PREFIX_PATH=${CMAKE_PREFIX_PATH}:/home/msd/MSD2/REV4/install/spotarm_gamepad:/home/msd/MSD2/REV4/install/spotarm_assembly_description:/home/msd/MSD2/REV4/install/robot_status_leds:/opt/ros/humble /usr/bin/cmake --install /home/msd/MSD2/REV4/build/robot_commander
[1.777s] DEBUG:colcon.colcon_core.event_handler.log_command:Invoked command in '/home/msd/MSD2/REV4/build/robot_servoing' returned '0': CMAKE_PREFIX_PATH=${CMAKE_PREFIX_PATH}:/home/msd/MSD2/REV4/install/spotarm_gamepad:/home/msd/MSD2/REV4/install/spotarm_assembly_description:/home/msd/MSD2/REV4/install/robot_status_leds:/opt/ros/humble /usr/bin/cmake --build /home/msd/MSD2/REV4/build/robot_servoing -- -j8 -l8
[1.780s] DEBUG:colcon.colcon_core.event_handler.log_command:Invoking command in '/home/msd/MSD2/REV4/build/robot_servoing': CMAKE_PREFIX_PATH=${CMAKE_PREFIX_PATH}:/home/msd/MSD2/REV4/install/spotarm_gamepad:/home/msd/MSD2/REV4/install/spotarm_assembly_description:/home/msd/MSD2/REV4/install/robot_status_leds:/opt/ros/humble /usr/bin/cmake --install /home/msd/MSD2/REV4/build/robot_servoing
[1.781s] DEBUG:colcon.colcon_core.event_handler.log_command:Invoked command in '/home/msd/MSD2/REV4/build/marge' returned '0': CMAKE_PREFIX_PATH=${CMAKE_PREFIX_PATH}:/home/msd/MSD2/REV4/install/spotarm_gamepad:/home/msd/MSD2/REV4/install/spotarm_assembly_description:/home/msd/MSD2/REV4/install/robot_status_leds:/opt/ros/humble /usr/bin/cmake --build /home/msd/MSD2/REV4/build/marge -- -j8 -l8
[1.786s] DEBUG:colcon.colcon_core.event_handler.log_command:Invoking command in '/home/msd/MSD2/REV4/build/marge': CMAKE_PREFIX_PATH=${CMAKE_PREFIX_PATH}:/home/msd/MSD2/REV4/install/spotarm_gamepad:/home/msd/MSD2/REV4/install/spotarm_assembly_description:/home/msd/MSD2/REV4/install/robot_status_leds:/opt/ros/humble /usr/bin/cmake --install /home/msd/MSD2/REV4/build/marge
[1.823s] Level 1:colcon.colcon_core.environment:create_environment_scripts_only(robot_hardware)
[1.838s] Level 1:colcon.colcon_core.environment:checking '/home/msd/MSD2/REV4/install/robot_hardware' for CMake module files
[1.838s] DEBUG:colcon.colcon_core.event_handler.log_command:Invoked command in '/home/msd/MSD2/REV4/build/robot_hardware' returned '0': CMAKE_PREFIX_PATH=${CMAKE_PREFIX_PATH}:/home/msd/MSD2/REV4/install/spotarm_gamepad:/home/msd/MSD2/REV4/install/spotarm_assembly_description:/home/msd/MSD2/REV4/install/robot_status_leds:/opt/ros/humble /usr/bin/cmake --install /home/msd/MSD2/REV4/build/robot_hardware
[1.839s] Level 1:colcon.colcon_core.environment:checking '/home/msd/MSD2/REV4/install/robot_hardware' for CMake config files
[1.840s] Level 1:colcon.colcon_core.shell:create_environment_hook('robot_hardware', 'cmake_prefix_path')
[1.841s] INFO:colcon.colcon_core.shell:Creating environment hook '/home/msd/MSD2/REV4/install/robot_hardware/share/robot_hardware/hook/cmake_prefix_path.ps1'
[1.841s] INFO:colcon.colcon_core.shell:Creating environment descriptor '/home/msd/MSD2/REV4/install/robot_hardware/share/robot_hardware/hook/cmake_prefix_path.dsv'
[1.842s] INFO:colcon.colcon_core.shell:Creating environment hook '/home/msd/MSD2/REV4/install/robot_hardware/share/robot_hardware/hook/cmake_prefix_path.sh'
[1.843s] Level 1:colcon.colcon_core.environment:checking '/home/msd/MSD2/REV4/install/robot_hardware/lib'
[1.843s] Level 1:colcon.colcon_core.shell:create_environment_hook('robot_hardware', 'ld_library_path_lib')
[1.844s] INFO:colcon.colcon_core.shell:Creating environment hook '/home/msd/MSD2/REV4/install/robot_hardware/share/robot_hardware/hook/ld_library_path_lib.ps1'
[1.845s] INFO:colcon.colcon_core.shell:Creating environment descriptor '/home/msd/MSD2/REV4/install/robot_hardware/share/robot_hardware/hook/ld_library_path_lib.dsv'
[1.847s] INFO:colcon.colcon_core.shell:Creating environment hook '/home/msd/MSD2/REV4/install/robot_hardware/share/robot_hardware/hook/ld_library_path_lib.sh'
[1.850s] Level 1:colcon.colcon_core.environment:checking '/home/msd/MSD2/REV4/install/robot_hardware/bin'
[1.850s] Level 1:colcon.colcon_core.environment:checking '/home/msd/MSD2/REV4/install/robot_hardware/lib/pkgconfig/robot_hardware.pc'
[1.850s] Level 1:colcon.colcon_core.environment:checking '/home/msd/MSD2/REV4/install/robot_hardware/lib/python3.10/site-packages'
[1.851s] Level 1:colcon.colcon_core.environment:checking '/home/msd/MSD2/REV4/install/robot_hardware/bin'
[1.853s] INFO:colcon.colcon_core.shell:Creating package script '/home/msd/MSD2/REV4/install/robot_hardware/share/robot_hardware/package.ps1'
[1.859s] INFO:colcon.colcon_core.shell:Creating package descriptor '/home/msd/MSD2/REV4/install/robot_hardware/share/robot_hardware/package.dsv'
[1.860s] INFO:colcon.colcon_core.shell:Creating package script '/home/msd/MSD2/REV4/install/robot_hardware/share/robot_hardware/package.sh'
[1.862s] INFO:colcon.colcon_core.shell:Creating package script '/home/msd/MSD2/REV4/install/robot_hardware/share/robot_hardware/package.bash'
[1.864s] INFO:colcon.colcon_core.shell:Creating package script '/home/msd/MSD2/REV4/install/robot_hardware/share/robot_hardware/package.zsh'
[1.866s] Level 1:colcon.colcon_core.environment:create_file_with_runtime_dependencies(/home/msd/MSD2/REV4/install/robot_hardware/share/colcon-core/packages/robot_hardware)
[1.868s] Level 1:colcon.colcon_core.environment:create_environment_scripts_only(robot_hardware)
[1.868s] Level 1:colcon.colcon_core.environment:checking '/home/msd/MSD2/REV4/install/robot_hardware' for CMake module files
[1.869s] Level 1:colcon.colcon_core.environment:checking '/home/msd/MSD2/REV4/install/robot_hardware' for CMake config files
[1.870s] Level 1:colcon.colcon_core.shell:create_environment_hook('robot_hardware', 'cmake_prefix_path')
[1.870s] INFO:colcon.colcon_core.shell:Creating environment hook '/home/msd/MSD2/REV4/install/robot_hardware/share/robot_hardware/hook/cmake_prefix_path.ps1'
[1.871s] INFO:colcon.colcon_core.shell:Creating environment descriptor '/home/msd/MSD2/REV4/install/robot_hardware/share/robot_hardware/hook/cmake_prefix_path.dsv'
[1.871s] INFO:colcon.colcon_core.shell:Creating environment hook '/home/msd/MSD2/REV4/install/robot_hardware/share/robot_hardware/hook/cmake_prefix_path.sh'
[1.873s] Level 1:colcon.colcon_core.environment:checking '/home/msd/MSD2/REV4/install/robot_hardware/lib'
[1.873s] Level 1:colcon.colcon_core.shell:create_environment_hook('robot_hardware', 'ld_library_path_lib')
[1.874s] INFO:colcon.colcon_core.shell:Creating environment hook '/home/msd/MSD2/REV4/install/robot_hardware/share/robot_hardware/hook/ld_library_path_lib.ps1'
[1.874s] INFO:colcon.colcon_core.shell:Creating environment descriptor '/home/msd/MSD2/REV4/install/robot_hardware/share/robot_hardware/hook/ld_library_path_lib.dsv'
[1.875s] INFO:colcon.colcon_core.shell:Creating environment hook '/home/msd/MSD2/REV4/install/robot_hardware/share/robot_hardware/hook/ld_library_path_lib.sh'
[1.876s] Level 1:colcon.colcon_core.environment:checking '/home/msd/MSD2/REV4/install/robot_hardware/bin'
[1.876s] Level 1:colcon.colcon_core.environment:checking '/home/msd/MSD2/REV4/install/robot_hardware/lib/pkgconfig/robot_hardware.pc'
[1.877s] Level 1:colcon.colcon_core.environment:checking '/home/msd/MSD2/REV4/install/robot_hardware/lib/python3.10/site-packages'
[1.878s] Level 1:colcon.colcon_core.environment:checking '/home/msd/MSD2/REV4/install/robot_hardware/bin'
[1.879s] INFO:colcon.colcon_core.shell:Creating package script '/home/msd/MSD2/REV4/install/robot_hardware/share/robot_hardware/package.ps1'
[1.882s] INFO:colcon.colcon_core.shell:Creating package descriptor '/home/msd/MSD2/REV4/install/robot_hardware/share/robot_hardware/package.dsv'
[1.884s] INFO:colcon.colcon_core.shell:Creating package script '/home/msd/MSD2/REV4/install/robot_hardware/share/robot_hardware/package.sh'
[1.887s] INFO:colcon.colcon_core.shell:Creating package script '/home/msd/MSD2/REV4/install/robot_hardware/share/robot_hardware/package.bash'
[1.889s] INFO:colcon.colcon_core.shell:Creating package script '/home/msd/MSD2/REV4/install/robot_hardware/share/robot_hardware/package.zsh'
[1.890s] Level 1:colcon.colcon_core.environment:create_file_with_runtime_dependencies(/home/msd/MSD2/REV4/install/robot_hardware/share/colcon-core/packages/robot_hardware)
[1.891s] Level 1:colcon.colcon_core.environment:create_environment_scripts_only(my_robot)
[1.891s] Level 1:colcon.colcon_core.environment:checking '/home/msd/MSD2/REV4/install/my_robot' for CMake module files
[1.893s] Level 1:colcon.colcon_core.environment:checking '/home/msd/MSD2/REV4/install/my_robot' for CMake config files
[1.893s] DEBUG:colcon.colcon_core.event_handler.log_command:Invoked command in '/home/msd/MSD2/REV4/build/my_robot' returned '0': CMAKE_PREFIX_PATH=${CMAKE_PREFIX_PATH}:/home/msd/MSD2/REV4/install/spotarm_gamepad:/home/msd/MSD2/REV4/install/spotarm_assembly_description:/home/msd/MSD2/REV4/install/robot_status_leds:/opt/ros/humble /usr/bin/cmake --install /home/msd/MSD2/REV4/build/my_robot
[1.894s] Level 1:colcon.colcon_core.shell:create_environment_hook('my_robot', 'cmake_prefix_path')
[1.894s] INFO:colcon.colcon_core.shell:Creating environment hook '/home/msd/MSD2/REV4/install/my_robot/share/my_robot/hook/cmake_prefix_path.ps1'
[1.895s] INFO:colcon.colcon_core.shell:Creating environment descriptor '/home/msd/MSD2/REV4/install/my_robot/share/my_robot/hook/cmake_prefix_path.dsv'
[1.895s] INFO:colcon.colcon_core.shell:Creating environment hook '/home/msd/MSD2/REV4/install/my_robot/share/my_robot/hook/cmake_prefix_path.sh'
[1.896s] Level 1:colcon.colcon_core.environment:checking '/home/msd/MSD2/REV4/install/my_robot/bin'
[1.897s] Level 1:colcon.colcon_core.environment:checking '/home/msd/MSD2/REV4/install/my_robot/lib/pkgconfig/my_robot.pc'
[1.897s] Level 1:colcon.colcon_core.environment:checking '/home/msd/MSD2/REV4/install/my_robot/lib/python3.10/site-packages'
[1.898s] Level 1:colcon.colcon_core.environment:checking '/home/msd/MSD2/REV4/install/my_robot/bin'
[1.898s] INFO:colcon.colcon_core.shell:Creating package script '/home/msd/MSD2/REV4/install/my_robot/share/my_robot/package.ps1'
[1.899s] INFO:colcon.colcon_core.shell:Creating package descriptor '/home/msd/MSD2/REV4/install/my_robot/share/my_robot/package.dsv'
[1.900s] INFO:colcon.colcon_core.shell:Creating package script '/home/msd/MSD2/REV4/install/my_robot/share/my_robot/package.sh'
[1.901s] INFO:colcon.colcon_core.shell:Creating package script '/home/msd/MSD2/REV4/install/my_robot/share/my_robot/package.bash'
[1.901s] INFO:colcon.colcon_core.shell:Creating package script '/home/msd/MSD2/REV4/install/my_robot/share/my_robot/package.zsh'
[1.902s] Level 1:colcon.colcon_core.environment:create_file_with_runtime_dependencies(/home/msd/MSD2/REV4/install/my_robot/share/colcon-core/packages/my_robot)
[1.903s] Level 1:colcon.colcon_core.environment:create_environment_scripts_only(my_robot)
[1.903s] Level 1:colcon.colcon_core.environment:checking '/home/msd/MSD2/REV4/install/my_robot' for CMake module files
[1.904s] Level 1:colcon.colcon_core.environment:checking '/home/msd/MSD2/REV4/install/my_robot' for CMake config files
[1.904s] Level 1:colcon.colcon_core.shell:create_environment_hook('my_robot', 'cmake_prefix_path')
[1.905s] INFO:colcon.colcon_core.shell:Creating environment hook '/home/msd/MSD2/REV4/install/my_robot/share/my_robot/hook/cmake_prefix_path.ps1'
[1.905s] INFO:colcon.colcon_core.shell:Creating environment descriptor '/home/msd/MSD2/REV4/install/my_robot/share/my_robot/hook/cmake_prefix_path.dsv'
[1.906s] INFO:colcon.colcon_core.shell:Creating environment hook '/home/msd/MSD2/REV4/install/my_robot/share/my_robot/hook/cmake_prefix_path.sh'
[1.907s] Level 1:colcon.colcon_core.environment:checking '/home/msd/MSD2/REV4/install/my_robot/bin'
[1.907s] Level 1:colcon.colcon_core.environment:checking '/home/msd/MSD2/REV4/install/my_robot/lib/pkgconfig/my_robot.pc'
[1.907s] Level 1:colcon.colcon_core.environment:checking '/home/msd/MSD2/REV4/install/my_robot/lib/python3.10/site-packages'
[1.908s] Level 1:colcon.colcon_core.environment:checking '/home/msd/MSD2/REV4/install/my_robot/bin'
[1.909s] INFO:colcon.colcon_core.shell:Creating package script '/home/msd/MSD2/REV4/install/my_robot/share/my_robot/package.ps1'
[1.910s] INFO:colcon.colcon_core.shell:Creating package descriptor '/home/msd/MSD2/REV4/install/my_robot/share/my_robot/package.dsv'
[1.912s] INFO:colcon.colcon_core.shell:Creating package script '/home/msd/MSD2/REV4/install/my_robot/share/my_robot/package.sh'
[1.914s] INFO:colcon.colcon_core.shell:Creating package script '/home/msd/MSD2/REV4/install/my_robot/share/my_robot/package.bash'
[1.916s] INFO:colcon.colcon_core.shell:Creating package script '/home/msd/MSD2/REV4/install/my_robot/share/my_robot/package.zsh'
[1.920s] Level 1:colcon.colcon_core.environment:create_file_with_runtime_dependencies(/home/msd/MSD2/REV4/install/my_robot/share/colcon-core/packages/my_robot)
[1.925s] INFO:colcon.colcon_ros.task.ament_cmake.build:Building ROS package in '/home/msd/MSD2/REV4/src/stepper_test' with build type 'ament_cmake'
[1.927s] INFO:colcon.colcon_cmake.task.cmake.build:Building CMake package in '/home/msd/MSD2/REV4/src/stepper_test'
[1.927s] INFO:colcon.colcon_core.shell:Skip shell extension 'powershell' for command environment: Not usable outside of PowerShell
[1.928s] DEBUG:colcon.colcon_core.shell:Skip shell extension 'dsv' for command environment
[1.939s] INFO:colcon.colcon_ros.task.ament_cmake.build:Building ROS package in '/home/msd/MSD2/REV4/src/gear_manipulator_moveit_config' with build type 'ament_cmake'
[1.939s] INFO:colcon.colcon_cmake.task.cmake.build:Building CMake package in '/home/msd/MSD2/REV4/src/gear_manipulator_moveit_config'
[1.941s] INFO:colcon.colcon_core.shell:Skip shell extension 'powershell' for command environment: Not usable outside of PowerShell
[1.942s] DEBUG:colcon.colcon_core.shell:Skip shell extension 'dsv' for command environment
[1.960s] Level 1:colcon.colcon_core.environment:create_environment_scripts_only(robot_commander)
[1.961s] Level 1:colcon.colcon_core.environment:checking '/home/msd/MSD2/REV4/install/robot_commander' for CMake module files
[1.962s] DEBUG:colcon.colcon_core.event_handler.log_command:Invoked command in '/home/msd/MSD2/REV4/build/robot_commander' returned '0': CMAKE_PREFIX_PATH=${CMAKE_PREFIX_PATH}:/home/msd/MSD2/REV4/install/spotarm_gamepad:/home/msd/MSD2/REV4/install/spotarm_assembly_description:/home/msd/MSD2/REV4/install/robot_status_leds:/opt/ros/humble /usr/bin/cmake --install /home/msd/MSD2/REV4/build/robot_commander
[1.962s] Level 1:colcon.colcon_core.environment:checking '/home/msd/MSD2/REV4/install/robot_commander' for CMake config files
[1.964s] Level 1:colcon.colcon_core.shell:create_environment_hook('robot_commander', 'cmake_prefix_path')
[1.964s] INFO:colcon.colcon_core.shell:Creating environment hook '/home/msd/MSD2/REV4/install/robot_commander/share/robot_commander/hook/cmake_prefix_path.ps1'
[1.965s] INFO:colcon.colcon_core.shell:Creating environment descriptor '/home/msd/MSD2/REV4/install/robot_commander/share/robot_commander/hook/cmake_prefix_path.dsv'
[1.966s] INFO:colcon.colcon_core.shell:Creating environment hook '/home/msd/MSD2/REV4/install/robot_commander/share/robot_commander/hook/cmake_prefix_path.sh'
[1.969s] Level 1:colcon.colcon_core.environment:checking '/home/msd/MSD2/REV4/install/robot_commander/lib'
[1.970s] Level 1:colcon.colcon_core.environment:checking '/home/msd/MSD2/REV4/install/robot_commander/bin'
[1.970s] Level 1:colcon.colcon_core.environment:checking '/home/msd/MSD2/REV4/install/robot_commander/lib/pkgconfig/robot_commander.pc'
[1.970s] Level 1:colcon.colcon_core.environment:checking '/home/msd/MSD2/REV4/install/robot_commander/lib/python3.10/site-packages'
[1.971s] Level 1:colcon.colcon_core.environment:checking '/home/msd/MSD2/REV4/install/robot_commander/bin'
[1.971s] INFO:colcon.colcon_core.shell:Creating package script '/home/msd/MSD2/REV4/install/robot_commander/share/robot_commander/package.ps1'
[1.972s] INFO:colcon.colcon_core.shell:Creating package descriptor '/home/msd/MSD2/REV4/install/robot_commander/share/robot_commander/package.dsv'
[1.973s] INFO:colcon.colcon_core.shell:Creating package script '/home/msd/MSD2/REV4/install/robot_commander/share/robot_commander/package.sh'
[1.973s] INFO:colcon.colcon_core.shell:Creating package script '/home/msd/MSD2/REV4/install/robot_commander/share/robot_commander/package.bash'
[1.974s] INFO:colcon.colcon_core.shell:Creating package script '/home/msd/MSD2/REV4/install/robot_commander/share/robot_commander/package.zsh'
[1.975s] Level 1:colcon.colcon_core.environment:create_file_with_runtime_dependencies(/home/msd/MSD2/REV4/install/robot_commander/share/colcon-core/packages/robot_commander)
[1.975s] Level 1:colcon.colcon_core.environment:create_environment_scripts_only(robot_commander)
[1.976s] Level 1:colcon.colcon_core.environment:checking '/home/msd/MSD2/REV4/install/robot_commander' for CMake module files
[1.978s] Level 1:colcon.colcon_core.environment:checking '/home/msd/MSD2/REV4/install/robot_commander' for CMake config files
[1.980s] Level 1:colcon.colcon_core.shell:create_environment_hook('robot_commander', 'cmake_prefix_path')
[1.981s] INFO:colcon.colcon_core.shell:Creating environment hook '/home/msd/MSD2/REV4/install/robot_commander/share/robot_commander/hook/cmake_prefix_path.ps1'
[1.981s] INFO:colcon.colcon_core.shell:Creating environment descriptor '/home/msd/MSD2/REV4/install/robot_commander/share/robot_commander/hook/cmake_prefix_path.dsv'
[1.982s] INFO:colcon.colcon_core.shell:Creating environment hook '/home/msd/MSD2/REV4/install/robot_commander/share/robot_commander/hook/cmake_prefix_path.sh'
[1.983s] Level 1:colcon.colcon_core.environment:checking '/home/msd/MSD2/REV4/install/robot_commander/lib'
[1.983s] Level 1:colcon.colcon_core.environment:checking '/home/msd/MSD2/REV4/install/robot_commander/bin'
[1.983s] Level 1:colcon.colcon_core.environment:checking '/home/msd/MSD2/REV4/install/robot_commander/lib/pkgconfig/robot_commander.pc'
[1.983s] Level 1:colcon.colcon_core.environment:checking '/home/msd/MSD2/REV4/install/robot_commander/lib/python3.10/site-packages'
[1.984s] Level 1:colcon.colcon_core.environment:checking '/home/msd/MSD2/REV4/install/robot_commander/bin'
[1.986s] INFO:colcon.colcon_core.shell:Creating package script '/home/msd/MSD2/REV4/install/robot_commander/share/robot_commander/package.ps1'
[1.988s] INFO:colcon.colcon_core.shell:Creating package descriptor '/home/msd/MSD2/REV4/install/robot_commander/share/robot_commander/package.dsv'
[1.990s] INFO:colcon.colcon_core.shell:Creating package script '/home/msd/MSD2/REV4/install/robot_commander/share/robot_commander/package.sh'
[1.991s] INFO:colcon.colcon_core.shell:Creating package script '/home/msd/MSD2/REV4/install/robot_commander/share/robot_commander/package.bash'
[1.992s] INFO:colcon.colcon_core.shell:Creating package script '/home/msd/MSD2/REV4/install/robot_commander/share/robot_commander/package.zsh'
[1.993s] Level 1:colcon.colcon_core.environment:create_file_with_runtime_dependencies(/home/msd/MSD2/REV4/install/robot_commander/share/colcon-core/packages/robot_commander)
[1.993s] Level 1:colcon.colcon_core.environment:create_environment_scripts_only(robot_servoing)
[1.994s] Level 1:colcon.colcon_core.environment:checking '/home/msd/MSD2/REV4/install/robot_servoing' for CMake module files
[1.995s] Level 1:colcon.colcon_core.environment:checking '/home/msd/MSD2/REV4/install/robot_servoing' for CMake config files
[1.995s] DEBUG:colcon.colcon_core.event_handler.log_command:Invoked command in '/home/msd/MSD2/REV4/build/robot_servoing' returned '0': CMAKE_PREFIX_PATH=${CMAKE_PREFIX_PATH}:/home/msd/MSD2/REV4/install/spotarm_gamepad:/home/msd/MSD2/REV4/install/spotarm_assembly_description:/home/msd/MSD2/REV4/install/robot_status_leds:/opt/ros/humble /usr/bin/cmake --install /home/msd/MSD2/REV4/build/robot_servoing
[1.996s] Level 1:colcon.colcon_core.shell:create_environment_hook('robot_servoing', 'cmake_prefix_path')
[1.996s] INFO:colcon.colcon_core.shell:Creating environment hook '/home/msd/MSD2/REV4/install/robot_servoing/share/robot_servoing/hook/cmake_prefix_path.ps1'
[1.997s] INFO:colcon.colcon_core.shell:Creating environment descriptor '/home/msd/MSD2/REV4/install/robot_servoing/share/robot_servoing/hook/cmake_prefix_path.dsv'
[1.997s] INFO:colcon.colcon_core.shell:Creating environment hook '/home/msd/MSD2/REV4/install/robot_servoing/share/robot_servoing/hook/cmake_prefix_path.sh'
[1.998s] Level 1:colcon.colcon_core.environment:checking '/home/msd/MSD2/REV4/install/robot_servoing/lib'
[1.998s] Level 1:colcon.colcon_core.shell:create_environment_hook('robot_servoing', 'ld_library_path_lib')
[1.998s] INFO:colcon.colcon_core.shell:Creating environment hook '/home/msd/MSD2/REV4/install/robot_servoing/share/robot_servoing/hook/ld_library_path_lib.ps1'
[1.999s] INFO:colcon.colcon_core.shell:Creating environment descriptor '/home/msd/MSD2/REV4/install/robot_servoing/share/robot_servoing/hook/ld_library_path_lib.dsv'
[1.999s] INFO:colcon.colcon_core.shell:Creating environment hook '/home/msd/MSD2/REV4/install/robot_servoing/share/robot_servoing/hook/ld_library_path_lib.sh'
[2.000s] Level 1:colcon.colcon_core.environment:checking '/home/msd/MSD2/REV4/install/robot_servoing/bin'
[2.000s] Level 1:colcon.colcon_core.environment:checking '/home/msd/MSD2/REV4/install/robot_servoing/lib/pkgconfig/robot_servoing.pc'
[2.000s] Level 1:colcon.colcon_core.environment:checking '/home/msd/MSD2/REV4/install/robot_servoing/lib/python3.10/site-packages'
[2.001s] Level 1:colcon.colcon_core.environment:checking '/home/msd/MSD2/REV4/install/robot_servoing/bin'
[2.001s] INFO:colcon.colcon_core.shell:Creating package script '/home/msd/MSD2/REV4/install/robot_servoing/share/robot_servoing/package.ps1'
[2.002s] INFO:colcon.colcon_core.shell:Creating package descriptor '/home/msd/MSD2/REV4/install/robot_servoing/share/robot_servoing/package.dsv'
[2.003s] INFO:colcon.colcon_core.shell:Creating package script '/home/msd/MSD2/REV4/install/robot_servoing/share/robot_servoing/package.sh'
[2.004s] INFO:colcon.colcon_core.shell:Creating package script '/home/msd/MSD2/REV4/install/robot_servoing/share/robot_servoing/package.bash'
[2.004s] INFO:colcon.colcon_core.shell:Creating package script '/home/msd/MSD2/REV4/install/robot_servoing/share/robot_servoing/package.zsh'
[2.004s] Level 1:colcon.colcon_core.environment:create_file_with_runtime_dependencies(/home/msd/MSD2/REV4/install/robot_servoing/share/colcon-core/packages/robot_servoing)
[2.005s] Level 1:colcon.colcon_core.environment:create_environment_scripts_only(robot_servoing)
[2.006s] Level 1:colcon.colcon_core.environment:checking '/home/msd/MSD2/REV4/install/robot_servoing' for CMake module files
[2.008s] Level 1:colcon.colcon_core.environment:checking '/home/msd/MSD2/REV4/install/robot_servoing' for CMake config files
[2.009s] Level 1:colcon.colcon_core.shell:create_environment_hook('robot_servoing', 'cmake_prefix_path')
[2.010s] INFO:colcon.colcon_core.shell:Creating environment hook '/home/msd/MSD2/REV4/install/robot_servoing/share/robot_servoing/hook/cmake_prefix_path.ps1'
[2.012s] INFO:colcon.colcon_core.shell:Creating environment descriptor '/home/msd/MSD2/REV4/install/robot_servoing/share/robot_servoing/hook/cmake_prefix_path.dsv'
[2.013s] INFO:colcon.colcon_core.shell:Creating environment hook '/home/msd/MSD2/REV4/install/robot_servoing/share/robot_servoing/hook/cmake_prefix_path.sh'
[2.014s] Level 1:colcon.colcon_core.environment:checking '/home/msd/MSD2/REV4/install/robot_servoing/lib'
[2.014s] Level 1:colcon.colcon_core.shell:create_environment_hook('robot_servoing', 'ld_library_path_lib')
[2.015s] INFO:colcon.colcon_core.shell:Creating environment hook '/home/msd/MSD2/REV4/install/robot_servoing/share/robot_servoing/hook/ld_library_path_lib.ps1'
[2.016s] INFO:colcon.colcon_core.shell:Creating environment descriptor '/home/msd/MSD2/REV4/install/robot_servoing/share/robot_servoing/hook/ld_library_path_lib.dsv'
[2.018s] INFO:colcon.colcon_core.shell:Creating environment hook '/home/msd/MSD2/REV4/install/robot_servoing/share/robot_servoing/hook/ld_library_path_lib.sh'
[2.020s] Level 1:colcon.colcon_core.environment:checking '/home/msd/MSD2/REV4/install/robot_servoing/bin'
[2.020s] Level 1:colcon.colcon_core.environment:checking '/home/msd/MSD2/REV4/install/robot_servoing/lib/pkgconfig/robot_servoing.pc'
[2.021s] Level 1:colcon.colcon_core.environment:checking '/home/msd/MSD2/REV4/install/robot_servoing/lib/python3.10/site-packages'
[2.022s] Level 1:colcon.colcon_core.environment:checking '/home/msd/MSD2/REV4/install/robot_servoing/bin'
[2.023s] INFO:colcon.colcon_core.shell:Creating package script '/home/msd/MSD2/REV4/install/robot_servoing/share/robot_servoing/package.ps1'
[2.026s] INFO:colcon.colcon_core.shell:Creating package descriptor '/home/msd/MSD2/REV4/install/robot_servoing/share/robot_servoing/package.dsv'
[2.027s] INFO:colcon.colcon_core.shell:Creating package script '/home/msd/MSD2/REV4/install/robot_servoing/share/robot_servoing/package.sh'
[2.027s] INFO:colcon.colcon_core.shell:Creating package script '/home/msd/MSD2/REV4/install/robot_servoing/share/robot_servoing/package.bash'
[2.028s] INFO:colcon.colcon_core.shell:Creating package script '/home/msd/MSD2/REV4/install/robot_servoing/share/robot_servoing/package.zsh'
[2.029s] Level 1:colcon.colcon_core.environment:create_file_with_runtime_dependencies(/home/msd/MSD2/REV4/install/robot_servoing/share/colcon-core/packages/robot_servoing)
[2.030s] Level 1:colcon.colcon_core.environment:create_environment_scripts_only(marge)
[2.030s] Level 1:colcon.colcon_core.environment:checking '/home/msd/MSD2/REV4/install/marge' for CMake module files
[2.031s] DEBUG:colcon.colcon_core.event_handler.log_command:Invoked command in '/home/msd/MSD2/REV4/build/marge' returned '0': CMAKE_PREFIX_PATH=${CMAKE_PREFIX_PATH}:/home/msd/MSD2/REV4/install/spotarm_gamepad:/home/msd/MSD2/REV4/install/spotarm_assembly_description:/home/msd/MSD2/REV4/install/robot_status_leds:/opt/ros/humble /usr/bin/cmake --install /home/msd/MSD2/REV4/build/marge
[2.032s] Level 1:colcon.colcon_core.environment:checking '/home/msd/MSD2/REV4/install/marge' for CMake config files
[2.032s] Level 1:colcon.colcon_core.shell:create_environment_hook('marge', 'cmake_prefix_path')
[2.033s] INFO:colcon.colcon_core.shell:Creating environment hook '/home/msd/MSD2/REV4/install/marge/share/marge/hook/cmake_prefix_path.ps1'
[2.033s] INFO:colcon.colcon_core.shell:Creating environment descriptor '/home/msd/MSD2/REV4/install/marge/share/marge/hook/cmake_prefix_path.dsv'
[2.034s] INFO:colcon.colcon_core.shell:Creating environment hook '/home/msd/MSD2/REV4/install/marge/share/marge/hook/cmake_prefix_path.sh'
[2.034s] Level 1:colcon.colcon_core.environment:checking '/home/msd/MSD2/REV4/install/marge/lib'
[2.035s] Level 1:colcon.colcon_core.shell:create_environment_hook('marge', 'ld_library_path_lib')
[2.035s] INFO:colcon.colcon_core.shell:Creating environment hook '/home/msd/MSD2/REV4/install/marge/share/marge/hook/ld_library_path_lib.ps1'
[2.035s] INFO:colcon.colcon_core.shell:Creating environment descriptor '/home/msd/MSD2/REV4/install/marge/share/marge/hook/ld_library_path_lib.dsv'
[2.036s] INFO:colcon.colcon_core.shell:Creating environment hook '/home/msd/MSD2/REV4/install/marge/share/marge/hook/ld_library_path_lib.sh'
[2.036s] Level 1:colcon.colcon_core.environment:checking '/home/msd/MSD2/REV4/install/marge/bin'
[2.036s] Level 1:colcon.colcon_core.environment:checking '/home/msd/MSD2/REV4/install/marge/lib/pkgconfig/marge.pc'
[2.037s] Level 1:colcon.colcon_core.environment:checking '/home/msd/MSD2/REV4/install/marge/lib/python3.10/site-packages'
[2.037s] Level 1:colcon.colcon_core.environment:checking '/home/msd/MSD2/REV4/install/marge/bin'
[2.038s] INFO:colcon.colcon_core.shell:Creating package script '/home/msd/MSD2/REV4/install/marge/share/marge/package.ps1'
[2.040s] INFO:colcon.colcon_core.shell:Creating package descriptor '/home/msd/MSD2/REV4/install/marge/share/marge/package.dsv'
[2.041s] INFO:colcon.colcon_core.shell:Creating package script '/home/msd/MSD2/REV4/install/marge/share/marge/package.sh'
[2.043s] INFO:colcon.colcon_core.shell:Creating package script '/home/msd/MSD2/REV4/install/marge/share/marge/package.bash'
[2.044s] INFO:colcon.colcon_core.shell:Creating package script '/home/msd/MSD2/REV4/install/marge/share/marge/package.zsh'
[2.045s] Level 1:colcon.colcon_core.environment:create_file_with_runtime_dependencies(/home/msd/MSD2/REV4/install/marge/share/colcon-core/packages/marge)
[2.047s] Level 1:colcon.colcon_core.environment:create_environment_scripts_only(marge)
[2.048s] Level 1:colcon.colcon_core.environment:checking '/home/msd/MSD2/REV4/install/marge' for CMake module files
[2.049s] Level 1:colcon.colcon_core.environment:checking '/home/msd/MSD2/REV4/install/marge' for CMake config files
[2.051s] Level 1:colcon.colcon_core.shell:create_environment_hook('marge', 'cmake_prefix_path')
[2.053s] INFO:colcon.colcon_core.shell:Creating environment hook '/home/msd/MSD2/REV4/install/marge/share/marge/hook/cmake_prefix_path.ps1'
[2.054s] INFO:colcon.colcon_core.shell:Creating environment descriptor '/home/msd/MSD2/REV4/install/marge/share/marge/hook/cmake_prefix_path.dsv'
[2.055s] INFO:colcon.colcon_core.shell:Creating environment hook '/home/msd/MSD2/REV4/install/marge/share/marge/hook/cmake_prefix_path.sh'
[2.056s] Level 1:colcon.colcon_core.environment:checking '/home/msd/MSD2/REV4/install/marge/lib'
[2.056s] Level 1:colcon.colcon_core.shell:create_environment_hook('marge', 'ld_library_path_lib')
[2.056s] INFO:colcon.colcon_core.shell:Creating environment hook '/home/msd/MSD2/REV4/install/marge/share/marge/hook/ld_library_path_lib.ps1'
[2.057s] INFO:colcon.colcon_core.shell:Creating environment descriptor '/home/msd/MSD2/REV4/install/marge/share/marge/hook/ld_library_path_lib.dsv'
[2.057s] INFO:colcon.colcon_core.shell:Creating environment hook '/home/msd/MSD2/REV4/install/marge/share/marge/hook/ld_library_path_lib.sh'
[2.058s] Level 1:colcon.colcon_core.environment:checking '/home/msd/MSD2/REV4/install/marge/bin'
[2.058s] Level 1:colcon.colcon_core.environment:checking '/home/msd/MSD2/REV4/install/marge/lib/pkgconfig/marge.pc'
[2.058s] Level 1:colcon.colcon_core.environment:checking '/home/msd/MSD2/REV4/install/marge/lib/python3.10/site-packages'
[2.059s] Level 1:colcon.colcon_core.environment:checking '/home/msd/MSD2/REV4/install/marge/bin'
[2.059s] INFO:colcon.colcon_core.shell:Creating package script '/home/msd/MSD2/REV4/install/marge/share/marge/package.ps1'
[2.060s] INFO:colcon.colcon_core.shell:Creating package descriptor '/home/msd/MSD2/REV4/install/marge/share/marge/package.dsv'
[2.061s] INFO:colcon.colcon_core.shell:Creating package script '/home/msd/MSD2/REV4/install/marge/share/marge/package.sh'
[2.061s] INFO:colcon.colcon_core.shell:Creating package script '/home/msd/MSD2/REV4/install/marge/share/marge/package.bash'
[2.062s] INFO:colcon.colcon_core.shell:Creating package script '/home/msd/MSD2/REV4/install/marge/share/marge/package.zsh'
[2.063s] Level 1:colcon.colcon_core.environment:create_file_with_runtime_dependencies(/home/msd/MSD2/REV4/install/marge/share/colcon-core/packages/marge)
[2.071s] DEBUG:colcon.colcon_core.event_handler.log_command:Invoking command in '/home/msd/MSD2/REV4/build/stepper_test': CMAKE_PREFIX_PATH=${CMAKE_PREFIX_PATH}:/home/msd/MSD2/REV4/install/spotarm_gamepad:/home/msd/MSD2/REV4/install/spotarm_assembly_description:/home/msd/MSD2/REV4/install/robot_status_leds:/opt/ros/humble /usr/bin/cmake --build /home/msd/MSD2/REV4/build/stepper_test -- -j8 -l8
[2.074s] DEBUG:colcon.colcon_core.event_handler.log_command:Invoking command in '/home/msd/MSD2/REV4/build/gear_manipulator_moveit_config': CMAKE_PREFIX_PATH=/home/msd/MSD2/REV4/install/my_robot:/home/msd/MSD2/REV4/install/stepper_test:/home/msd/MSD2/REV4/install/robot_bringup:/home/msd/MSD2/REV4/install/robot_moveit_config:/home/msd/MSD2/REV4/install/robot_servoing:/home/msd/MSD2/REV4/install/robot_hardware:/home/msd/MSD2/REV4/install/robot_commander:/home/msd/MSD2/REV4/install/gear_manipulator_moveit_config:/home/msd/MSD2/REV4/install/marge:/home/msd/MSD2/REV4/install/spotarm_gamepad:/home/msd/MSD2/REV4/install/spotarm_assembly_description:/home/msd/MSD2/REV4/install/robot_status_leds:/opt/ros/humble /usr/bin/cmake --build /home/msd/MSD2/REV4/build/gear_manipulator_moveit_config -- -j8 -l8
[2.201s] DEBUG:colcon.colcon_core.event_handler.log_command:Invoked command in '/home/msd/MSD2/REV4/build/gear_manipulator_moveit_config' returned '0': CMAKE_PREFIX_PATH=/home/msd/MSD2/REV4/install/my_robot:/home/msd/MSD2/REV4/install/stepper_test:/home/msd/MSD2/REV4/install/robot_bringup:/home/msd/MSD2/REV4/install/robot_moveit_config:/home/msd/MSD2/REV4/install/robot_servoing:/home/msd/MSD2/REV4/install/robot_hardware:/home/msd/MSD2/REV4/install/robot_commander:/home/msd/MSD2/REV4/install/gear_manipulator_moveit_config:/home/msd/MSD2/REV4/install/marge:/home/msd/MSD2/REV4/install/spotarm_gamepad:/home/msd/MSD2/REV4/install/spotarm_assembly_description:/home/msd/MSD2/REV4/install/robot_status_leds:/opt/ros/humble /usr/bin/cmake --build /home/msd/MSD2/REV4/build/gear_manipulator_moveit_config -- -j8 -l8
[2.207s] DEBUG:colcon.colcon_core.event_handler.log_command:Invoking command in '/home/msd/MSD2/REV4/build/gear_manipulator_moveit_config': CMAKE_PREFIX_PATH=/home/msd/MSD2/REV4/install/my_robot:/home/msd/MSD2/REV4/install/stepper_test:/home/msd/MSD2/REV4/install/robot_bringup:/home/msd/MSD2/REV4/install/robot_moveit_config:/home/msd/MSD2/REV4/install/robot_servoing:/home/msd/MSD2/REV4/install/robot_hardware:/home/msd/MSD2/REV4/install/robot_commander:/home/msd/MSD2/REV4/install/gear_manipulator_moveit_config:/home/msd/MSD2/REV4/install/marge:/home/msd/MSD2/REV4/install/spotarm_gamepad:/home/msd/MSD2/REV4/install/spotarm_assembly_description:/home/msd/MSD2/REV4/install/robot_status_leds:/opt/ros/humble /usr/bin/cmake --install /home/msd/MSD2/REV4/build/gear_manipulator_moveit_config
[2.250s] DEBUG:colcon.colcon_core.event_handler.log_command:Invoked command in '/home/msd/MSD2/REV4/build/stepper_test' returned '0': CMAKE_PREFIX_PATH=${CMAKE_PREFIX_PATH}:/home/msd/MSD2/REV4/install/spotarm_gamepad:/home/msd/MSD2/REV4/install/spotarm_assembly_description:/home/msd/MSD2/REV4/install/robot_status_leds:/opt/ros/humble /usr/bin/cmake --build /home/msd/MSD2/REV4/build/stepper_test -- -j8 -l8
[2.255s] DEBUG:colcon.colcon_core.event_handler.log_command:Invoking command in '/home/msd/MSD2/REV4/build/stepper_test': CMAKE_PREFIX_PATH=${CMAKE_PREFIX_PATH}:/home/msd/MSD2/REV4/install/spotarm_gamepad:/home/msd/MSD2/REV4/install/spotarm_assembly_description:/home/msd/MSD2/REV4/install/robot_status_leds:/opt/ros/humble /usr/bin/cmake --install /home/msd/MSD2/REV4/build/stepper_test
[2.257s] Level 1:colcon.colcon_core.environment:create_environment_scripts_only(gear_manipulator_moveit_config)
[2.258s] Level 1:colcon.colcon_core.environment:checking '/home/msd/MSD2/REV4/install/gear_manipulator_moveit_config' for CMake module files
[2.258s] DEBUG:colcon.colcon_core.event_handler.log_command:Invoked command in '/home/msd/MSD2/REV4/build/gear_manipulator_moveit_config' returned '0': CMAKE_PREFIX_PATH=/home/msd/MSD2/REV4/install/my_robot:/home/msd/MSD2/REV4/install/stepper_test:/home/msd/MSD2/REV4/install/robot_bringup:/home/msd/MSD2/REV4/install/robot_moveit_config:/home/msd/MSD2/REV4/install/robot_servoing:/home/msd/MSD2/REV4/install/robot_hardware:/home/msd/MSD2/REV4/install/robot_commander:/home/msd/MSD2/REV4/install/gear_manipulator_moveit_config:/home/msd/MSD2/REV4/install/marge:/home/msd/MSD2/REV4/install/spotarm_gamepad:/home/msd/MSD2/REV4/install/spotarm_assembly_description:/home/msd/MSD2/REV4/install/robot_status_leds:/opt/ros/humble /usr/bin/cmake --install /home/msd/MSD2/REV4/build/gear_manipulator_moveit_config
[2.259s] Level 1:colcon.colcon_core.environment:checking '/home/msd/MSD2/REV4/install/gear_manipulator_moveit_config' for CMake config files
[2.262s] Level 1:colcon.colcon_core.shell:create_environment_hook('gear_manipulator_moveit_config', 'cmake_prefix_path')
[2.264s] INFO:colcon.colcon_core.shell:Creating environment hook '/home/msd/MSD2/REV4/install/gear_manipulator_moveit_config/share/gear_manipulator_moveit_config/hook/cmake_prefix_path.ps1'
[2.267s] INFO:colcon.colcon_core.shell:Creating environment descriptor '/home/msd/MSD2/REV4/install/gear_manipulator_moveit_config/share/gear_manipulator_moveit_config/hook/cmake_prefix_path.dsv'
[2.269s] INFO:colcon.colcon_core.shell:Creating environment hook '/home/msd/MSD2/REV4/install/gear_manipulator_moveit_config/share/gear_manipulator_moveit_config/hook/cmake_prefix_path.sh'
[2.272s] Level 1:colcon.colcon_core.environment:checking '/home/msd/MSD2/REV4/install/gear_manipulator_moveit_config/bin'
[2.273s] Level 1:colcon.colcon_core.environment:checking '/home/msd/MSD2/REV4/install/gear_manipulator_moveit_config/lib/pkgconfig/gear_manipulator_moveit_config.pc'
[2.275s] Level 1:colcon.colcon_core.environment:checking '/home/msd/MSD2/REV4/install/gear_manipulator_moveit_config/lib/python3.10/site-packages'
[2.276s] Level 1:colcon.colcon_core.environment:checking '/home/msd/MSD2/REV4/install/gear_manipulator_moveit_config/bin'
[2.276s] INFO:colcon.colcon_core.shell:Creating package script '/home/msd/MSD2/REV4/install/gear_manipulator_moveit_config/share/gear_manipulator_moveit_config/package.ps1'
[2.278s] INFO:colcon.colcon_core.shell:Creating package descriptor '/home/msd/MSD2/REV4/install/gear_manipulator_moveit_config/share/gear_manipulator_moveit_config/package.dsv'
[2.282s] INFO:colcon.colcon_core.shell:Creating package script '/home/msd/MSD2/REV4/install/gear_manipulator_moveit_config/share/gear_manipulator_moveit_config/package.sh'
[2.283s] INFO:colcon.colcon_core.shell:Creating package script '/home/msd/MSD2/REV4/install/gear_manipulator_moveit_config/share/gear_manipulator_moveit_config/package.bash'
[2.284s] INFO:colcon.colcon_core.shell:Creating package script '/home/msd/MSD2/REV4/install/gear_manipulator_moveit_config/share/gear_manipulator_moveit_config/package.zsh'
[2.284s] Level 1:colcon.colcon_core.environment:create_file_with_runtime_dependencies(/home/msd/MSD2/REV4/install/gear_manipulator_moveit_config/share/colcon-core/packages/gear_manipulator_moveit_config)
[2.285s] Level 1:colcon.colcon_core.environment:create_environment_scripts_only(gear_manipulator_moveit_config)
[2.285s] Level 1:colcon.colcon_core.environment:checking '/home/msd/MSD2/REV4/install/gear_manipulator_moveit_config' for CMake module files
[2.286s] Level 1:colcon.colcon_core.environment:checking '/home/msd/MSD2/REV4/install/gear_manipulator_moveit_config' for CMake config files
[2.286s] Level 1:colcon.colcon_core.shell:create_environment_hook('gear_manipulator_moveit_config', 'cmake_prefix_path')
[2.286s] INFO:colcon.colcon_core.shell:Creating environment hook '/home/msd/MSD2/REV4/install/gear_manipulator_moveit_config/share/gear_manipulator_moveit_config/hook/cmake_prefix_path.ps1'
[2.287s] INFO:colcon.colcon_core.shell:Creating environment descriptor '/home/msd/MSD2/REV4/install/gear_manipulator_moveit_config/share/gear_manipulator_moveit_config/hook/cmake_prefix_path.dsv'
[2.288s] INFO:colcon.colcon_core.shell:Creating environment hook '/home/msd/MSD2/REV4/install/gear_manipulator_moveit_config/share/gear_manipulator_moveit_config/hook/cmake_prefix_path.sh'
[2.289s] Level 1:colcon.colcon_core.environment:checking '/home/msd/MSD2/REV4/install/gear_manipulator_moveit_config/bin'
[2.289s] Level 1:colcon.colcon_core.environment:checking '/home/msd/MSD2/REV4/install/gear_manipulator_moveit_config/lib/pkgconfig/gear_manipulator_moveit_config.pc'
[2.289s] Level 1:colcon.colcon_core.environment:checking '/home/msd/MSD2/REV4/install/gear_manipulator_moveit_config/lib/python3.10/site-packages'
[2.290s] Level 1:colcon.colcon_core.environment:checking '/home/msd/MSD2/REV4/install/gear_manipulator_moveit_config/bin'
[2.291s] INFO:colcon.colcon_core.shell:Creating package script '/home/msd/MSD2/REV4/install/gear_manipulator_moveit_config/share/gear_manipulator_moveit_config/package.ps1'
[2.292s] INFO:colcon.colcon_core.shell:Creating package descriptor '/home/msd/MSD2/REV4/install/gear_manipulator_moveit_config/share/gear_manipulator_moveit_config/package.dsv'
[2.293s] INFO:colcon.colcon_core.shell:Creating package script '/home/msd/MSD2/REV4/install/gear_manipulator_moveit_config/share/gear_manipulator_moveit_config/package.sh'
[2.295s] INFO:colcon.colcon_core.shell:Creating package script '/home/msd/MSD2/REV4/install/gear_manipulator_moveit_config/share/gear_manipulator_moveit_config/package.bash'
[2.297s] INFO:colcon.colcon_core.shell:Creating package script '/home/msd/MSD2/REV4/install/gear_manipulator_moveit_config/share/gear_manipulator_moveit_config/package.zsh'
[2.300s] Level 1:colcon.colcon_core.environment:create_file_with_runtime_dependencies(/home/msd/MSD2/REV4/install/gear_manipulator_moveit_config/share/colcon-core/packages/gear_manipulator_moveit_config)
[2.306s] Level 1:colcon.colcon_core.environment:create_environment_scripts_only(stepper_test)
[2.307s] Level 1:colcon.colcon_core.environment:checking '/home/msd/MSD2/REV4/install/stepper_test' for CMake module files
[2.308s] DEBUG:colcon.colcon_core.event_handler.log_command:Invoked command in '/home/msd/MSD2/REV4/build/stepper_test' returned '0': CMAKE_PREFIX_PATH=${CMAKE_PREFIX_PATH}:/home/msd/MSD2/REV4/install/spotarm_gamepad:/home/msd/MSD2/REV4/install/spotarm_assembly_description:/home/msd/MSD2/REV4/install/robot_status_leds:/opt/ros/humble /usr/bin/cmake --install /home/msd/MSD2/REV4/build/stepper_test
[2.309s] Level 1:colcon.colcon_core.environment:checking '/home/msd/MSD2/REV4/install/stepper_test' for CMake config files
[2.309s] Level 1:colcon.colcon_core.shell:create_environment_hook('stepper_test', 'cmake_prefix_path')
[2.309s] INFO:colcon.colcon_core.shell:Creating environment hook '/home/msd/MSD2/REV4/install/stepper_test/share/stepper_test/hook/cmake_prefix_path.ps1'
[2.310s] INFO:colcon.colcon_core.shell:Creating environment descriptor '/home/msd/MSD2/REV4/install/stepper_test/share/stepper_test/hook/cmake_prefix_path.dsv'
[2.310s] INFO:colcon.colcon_core.shell:Creating environment hook '/home/msd/MSD2/REV4/install/stepper_test/share/stepper_test/hook/cmake_prefix_path.sh'
[2.311s] Level 1:colcon.colcon_core.environment:checking '/home/msd/MSD2/REV4/install/stepper_test/lib'
[2.311s] Level 1:colcon.colcon_core.environment:checking '/home/msd/MSD2/REV4/install/stepper_test/bin'
[2.311s] Level 1:colcon.colcon_core.environment:checking '/home/msd/MSD2/REV4/install/stepper_test/lib/pkgconfig/stepper_test.pc'
[2.311s] Level 1:colcon.colcon_core.environment:checking '/home/msd/MSD2/REV4/install/stepper_test/lib/python3.10/site-packages'
[2.312s] Level 1:colcon.colcon_core.environment:checking '/home/msd/MSD2/REV4/install/stepper_test/bin'
[2.312s] INFO:colcon.colcon_core.shell:Creating package script '/home/msd/MSD2/REV4/install/stepper_test/share/stepper_test/package.ps1'
[2.313s] INFO:colcon.colcon_core.shell:Creating package descriptor '/home/msd/MSD2/REV4/install/stepper_test/share/stepper_test/package.dsv'
[2.313s] INFO:colcon.colcon_core.shell:Creating package script '/home/msd/MSD2/REV4/install/stepper_test/share/stepper_test/package.sh'
[2.314s] INFO:colcon.colcon_core.shell:Creating package script '/home/msd/MSD2/REV4/install/stepper_test/share/stepper_test/package.bash'
[2.314s] INFO:colcon.colcon_core.shell:Creating package script '/home/msd/MSD2/REV4/install/stepper_test/share/stepper_test/package.zsh'
[2.315s] Level 1:colcon.colcon_core.environment:create_file_with_runtime_dependencies(/home/msd/MSD2/REV4/install/stepper_test/share/colcon-core/packages/stepper_test)
[2.315s] Level 1:colcon.colcon_core.environment:create_environment_scripts_only(stepper_test)
[2.316s] Level 1:colcon.colcon_core.environment:checking '/home/msd/MSD2/REV4/install/stepper_test' for CMake module files
[2.316s] Level 1:colcon.colcon_core.environment:checking '/home/msd/MSD2/REV4/install/stepper_test' for CMake config files
[2.317s] Level 1:colcon.colcon_core.shell:create_environment_hook('stepper_test', 'cmake_prefix_path')
[2.317s] INFO:colcon.colcon_core.shell:Creating environment hook '/home/msd/MSD2/REV4/install/stepper_test/share/stepper_test/hook/cmake_prefix_path.ps1'
[2.319s] INFO:colcon.colcon_core.shell:Creating environment descriptor '/home/msd/MSD2/REV4/install/stepper_test/share/stepper_test/hook/cmake_prefix_path.dsv'
[2.320s] INFO:colcon.colcon_core.shell:Creating environment hook '/home/msd/MSD2/REV4/install/stepper_test/share/stepper_test/hook/cmake_prefix_path.sh'
[2.321s] Level 1:colcon.colcon_core.environment:checking '/home/msd/MSD2/REV4/install/stepper_test/lib'
[2.321s] Level 1:colcon.colcon_core.environment:checking '/home/msd/MSD2/REV4/install/stepper_test/bin'
[2.321s] Level 1:colcon.colcon_core.environment:checking '/home/msd/MSD2/REV4/install/stepper_test/lib/pkgconfig/stepper_test.pc'
[2.322s] Level 1:colcon.colcon_core.environment:checking '/home/msd/MSD2/REV4/install/stepper_test/lib/python3.10/site-packages'
[2.322s] Level 1:colcon.colcon_core.environment:checking '/home/msd/MSD2/REV4/install/stepper_test/bin'
[2.323s] INFO:colcon.colcon_core.shell:Creating package script '/home/msd/MSD2/REV4/install/stepper_test/share/stepper_test/package.ps1'
[2.324s] INFO:colcon.colcon_core.shell:Creating package descriptor '/home/msd/MSD2/REV4/install/stepper_test/share/stepper_test/package.dsv'
[2.325s] INFO:colcon.colcon_core.shell:Creating package script '/home/msd/MSD2/REV4/install/stepper_test/share/stepper_test/package.sh'
[2.326s] INFO:colcon.colcon_core.shell:Creating package script '/home/msd/MSD2/REV4/install/stepper_test/share/stepper_test/package.bash'
[2.328s] INFO:colcon.colcon_core.shell:Creating package script '/home/msd/MSD2/REV4/install/stepper_test/share/stepper_test/package.zsh'
[2.332s] Level 1:colcon.colcon_core.environment:create_file_with_runtime_dependencies(/home/msd/MSD2/REV4/install/stepper_test/share/colcon-core/packages/stepper_test)
[2.648s] DEBUG:colcon.colcon_core.event_handler.log_command:Invoking command in '/home/msd/MSD2/REV4/build/spotarm_gamepad': PYTHONPATH=/home/msd/MSD2/REV4/build/spotarm_gamepad/prefix_override:/usr/lib/python3/dist-packages/colcon_core/task/python/colcon_distutils_commands:/home/msd/MSD2/REV4/install/spotarm_gamepad/lib/python3.10/site-packages:${PYTHONPATH} /usr/bin/python3 -W ignore:setup.py install is deprecated -W ignore:easy_install command is deprecated setup.py develop --uninstall --editable --build-directory /home/msd/MSD2/REV4/build/spotarm_gamepad/build
[2.660s] DEBUG:colcon.colcon_core.event_handler.log_command:Invoking command in '/home/msd/MSD2/REV4/src/robot_status_leds': PYTHONPATH=/home/msd/MSD2/REV4/build/robot_status_leds/prefix_override:/usr/lib/python3/dist-packages/colcon_core/task/python/colcon_distutils_commands:/home/msd/MSD2/REV4/install/robot_status_leds/lib/python3.10/site-packages:${PYTHONPATH} /usr/bin/python3 -W ignore:setup.py install is deprecated -W ignore:easy_install command is deprecated setup.py egg_info --egg-base ../../build/robot_status_leds build --build-base /home/msd/MSD2/REV4/build/robot_status_leds/build install --record /home/msd/MSD2/REV4/build/robot_status_leds/install.log --single-version-externally-managed install_data
[2.664s] DEBUG:colcon.colcon_core.event_handler.log_command:Invoking command in '/home/msd/MSD2/REV4/src/spotarm_assembly_description': PYTHONPATH=/home/msd/MSD2/REV4/build/spotarm_assembly_description/prefix_override:/usr/lib/python3/dist-packages/colcon_core/task/python/colcon_distutils_commands:/home/msd/MSD2/REV4/install/spotarm_assembly_description/lib/python3.10/site-packages:${PYTHONPATH} /usr/bin/python3 -W ignore:setup.py install is deprecated -W ignore:easy_install command is deprecated setup.py egg_info --egg-base ../../build/spotarm_assembly_description build --build-base /home/msd/MSD2/REV4/build/spotarm_assembly_description/build install --record /home/msd/MSD2/REV4/build/spotarm_assembly_description/install.log --install-scripts $base/lib/spotarm_assembly_description --single-version-externally-managed install_data
[3.144s] Level 1:colcon.colcon_core.environment:checking '/home/msd/MSD2/REV4/install/spotarm_assembly_description' for CMake module files
[3.145s] DEBUG:colcon.colcon_core.event_handler.log_command:Invoked command in '/home/msd/MSD2/REV4/src/spotarm_assembly_description' returned '0': PYTHONPATH=/home/msd/MSD2/REV4/build/spotarm_assembly_description/prefix_override:/usr/lib/python3/dist-packages/colcon_core/task/python/colcon_distutils_commands:/home/msd/MSD2/REV4/install/spotarm_assembly_description/lib/python3.10/site-packages:${PYTHONPATH} /usr/bin/python3 -W ignore:setup.py install is deprecated -W ignore:easy_install command is deprecated setup.py egg_info --egg-base ../../build/spotarm_assembly_description build --build-base /home/msd/MSD2/REV4/build/spotarm_assembly_description/build install --record /home/msd/MSD2/REV4/build/spotarm_assembly_description/install.log --install-scripts $base/lib/spotarm_assembly_description --single-version-externally-managed install_data
[3.145s] Level 1:colcon.colcon_core.environment:checking '/home/msd/MSD2/REV4/install/spotarm_assembly_description' for CMake config files
[3.146s] Level 1:colcon.colcon_core.environment:checking '/home/msd/MSD2/REV4/install/spotarm_assembly_description/lib'
[3.147s] Level 1:colcon.colcon_core.environment:checking '/home/msd/MSD2/REV4/install/spotarm_assembly_description/bin'
[3.147s] Level 1:colcon.colcon_core.environment:checking '/home/msd/MSD2/REV4/install/spotarm_assembly_description/lib/pkgconfig/spotarm_assembly_description.pc'
[3.147s] Level 1:colcon.colcon_core.environment:checking '/home/msd/MSD2/REV4/install/spotarm_assembly_description/lib/python3.10/site-packages'
[3.147s] Level 1:colcon.colcon_core.shell:create_environment_hook('spotarm_assembly_description', 'pythonpath')
[3.148s] INFO:colcon.colcon_core.shell:Creating environment hook '/home/msd/MSD2/REV4/install/spotarm_assembly_description/share/spotarm_assembly_description/hook/pythonpath.ps1'
[3.148s] INFO:colcon.colcon_core.shell:Creating environment descriptor '/home/msd/MSD2/REV4/install/spotarm_assembly_description/share/spotarm_assembly_description/hook/pythonpath.dsv'
[3.149s] INFO:colcon.colcon_core.shell:Creating environment hook '/home/msd/MSD2/REV4/install/spotarm_assembly_description/share/spotarm_assembly_description/hook/pythonpath.sh'
[3.150s] Level 1:colcon.colcon_core.environment:checking '/home/msd/MSD2/REV4/install/spotarm_assembly_description/bin'
[3.150s] Level 1:colcon.colcon_core.environment:create_environment_scripts_only(spotarm_assembly_description)
[3.151s] INFO:colcon.colcon_core.shell:Creating package script '/home/msd/MSD2/REV4/install/spotarm_assembly_description/share/spotarm_assembly_description/package.ps1'
[3.152s] INFO:colcon.colcon_core.shell:Creating package descriptor '/home/msd/MSD2/REV4/install/spotarm_assembly_description/share/spotarm_assembly_description/package.dsv'
[3.153s] INFO:colcon.colcon_core.shell:Creating package script '/home/msd/MSD2/REV4/install/spotarm_assembly_description/share/spotarm_assembly_description/package.sh'
[3.153s] INFO:colcon.colcon_core.shell:Creating package script '/home/msd/MSD2/REV4/install/spotarm_assembly_description/share/spotarm_assembly_description/package.bash'
[3.154s] INFO:colcon.colcon_core.shell:Creating package script '/home/msd/MSD2/REV4/install/spotarm_assembly_description/share/spotarm_assembly_description/package.zsh'
[3.154s] Level 1:colcon.colcon_core.environment:create_file_with_runtime_dependencies(/home/msd/MSD2/REV4/install/spotarm_assembly_description/share/colcon-core/packages/spotarm_assembly_description)
[3.155s] INFO:colcon.colcon_ros.task.ament_cmake.build:Building ROS package in '/home/msd/MSD2/REV4/src/robot_moveit_config' with build type 'ament_cmake'
[3.155s] INFO:colcon.colcon_cmake.task.cmake.build:Building CMake package in '/home/msd/MSD2/REV4/src/robot_moveit_config'
[3.156s] INFO:colcon.colcon_core.shell:Skip shell extension 'powershell' for command environment: Not usable outside of PowerShell
[3.156s] DEBUG:colcon.colcon_core.shell:Skip shell extension 'dsv' for command environment
[3.172s] Level 1:colcon.colcon_core.environment:checking '/home/msd/MSD2/REV4/install/robot_status_leds' for CMake module files
[3.173s] DEBUG:colcon.colcon_core.event_handler.log_command:Invoked command in '/home/msd/MSD2/REV4/src/robot_status_leds' returned '0': PYTHONPATH=/home/msd/MSD2/REV4/build/robot_status_leds/prefix_override:/usr/lib/python3/dist-packages/colcon_core/task/python/colcon_distutils_commands:/home/msd/MSD2/REV4/install/robot_status_leds/lib/python3.10/site-packages:${PYTHONPATH} /usr/bin/python3 -W ignore:setup.py install is deprecated -W ignore:easy_install command is deprecated setup.py egg_info --egg-base ../../build/robot_status_leds build --build-base /home/msd/MSD2/REV4/build/robot_status_leds/build install --record /home/msd/MSD2/REV4/build/robot_status_leds/install.log --single-version-externally-managed install_data
[3.173s] Level 1:colcon.colcon_core.environment:checking '/home/msd/MSD2/REV4/install/robot_status_leds' for CMake config files
[3.174s] Level 1:colcon.colcon_core.environment:checking '/home/msd/MSD2/REV4/install/robot_status_leds/lib'
[3.174s] Level 1:colcon.colcon_core.environment:checking '/home/msd/MSD2/REV4/install/robot_status_leds/bin'
[3.175s] Level 1:colcon.colcon_core.environment:checking '/home/msd/MSD2/REV4/install/robot_status_leds/lib/pkgconfig/robot_status_leds.pc'
[3.175s] Level 1:colcon.colcon_core.environment:checking '/home/msd/MSD2/REV4/install/robot_status_leds/lib/python3.10/site-packages'
[3.175s] Level 1:colcon.colcon_core.shell:create_environment_hook('robot_status_leds', 'pythonpath')
[3.175s] INFO:colcon.colcon_core.shell:Creating environment hook '/home/msd/MSD2/REV4/install/robot_status_leds/share/robot_status_leds/hook/pythonpath.ps1'
[3.176s] INFO:colcon.colcon_core.shell:Creating environment descriptor '/home/msd/MSD2/REV4/install/robot_status_leds/share/robot_status_leds/hook/pythonpath.dsv'
[3.177s] INFO:colcon.colcon_core.shell:Creating environment hook '/home/msd/MSD2/REV4/install/robot_status_leds/share/robot_status_leds/hook/pythonpath.sh'
[3.178s] Level 1:colcon.colcon_core.environment:checking '/home/msd/MSD2/REV4/install/robot_status_leds/bin'
[3.178s] Level 1:colcon.colcon_core.environment:create_environment_scripts_only(robot_status_leds)
[3.179s] INFO:colcon.colcon_core.shell:Creating package script '/home/msd/MSD2/REV4/install/robot_status_leds/share/robot_status_leds/package.ps1'
[3.180s] INFO:colcon.colcon_core.shell:Creating package descriptor '/home/msd/MSD2/REV4/install/robot_status_leds/share/robot_status_leds/package.dsv'
[3.182s] INFO:colcon.colcon_core.shell:Creating package script '/home/msd/MSD2/REV4/install/robot_status_leds/share/robot_status_leds/package.sh'
[3.183s] INFO:colcon.colcon_core.shell:Creating package script '/home/msd/MSD2/REV4/install/robot_status_leds/share/robot_status_leds/package.bash'
[3.184s] INFO:colcon.colcon_core.shell:Creating package script '/home/msd/MSD2/REV4/install/robot_status_leds/share/robot_status_leds/package.zsh'
[3.184s] Level 1:colcon.colcon_core.environment:create_file_with_runtime_dependencies(/home/msd/MSD2/REV4/install/robot_status_leds/share/colcon-core/packages/robot_status_leds)
[3.192s] DEBUG:colcon.colcon_core.event_handler.log_command:Invoking command in '/home/msd/MSD2/REV4/build/robot_moveit_config': AMENT_PREFIX_PATH=/home/msd/MSD2/REV4/install/spotarm_assembly_description:/home/msd/MSD2/REV4/install/stepper_test:/home/msd/MSD2/REV4/install/spotarm_gamepad:/home/msd/MSD2/REV4/install/robot_bringup:/home/msd/MSD2/REV4/install/robot_moveit_config:/home/msd/MSD2/REV4/install/robot_status_leds:/home/msd/MSD2/REV4/install/robot_servoing:/home/msd/MSD2/REV4/install/robot_hardware:/home/msd/MSD2/REV4/install/robot_commander:/home/msd/MSD2/REV4/install/gear_manipulator_moveit_config:/home/msd/MSD2/REV4/install/my_robot:/home/msd/MSD2/REV4/install/marge:/opt/ros/humble CMAKE_PREFIX_PATH=${CMAKE_PREFIX_PATH}:/home/msd/MSD2/REV4/install/spotarm_gamepad:/home/msd/MSD2/REV4/install/spotarm_assembly_description:/home/msd/MSD2/REV4/install/robot_status_leds:/opt/ros/humble PYTHONPATH=/home/msd/MSD2/REV4/install/spotarm_assembly_description/lib/python3.10/site-packages:/home/msd/MSD2/REV4/build/spotarm_gamepad:/home/msd/MSD2/REV4/install/spotarm_gamepad/lib/python3.10/site-packages:/home/msd/MSD2/REV4/install/robot_status_leds/lib/python3.10/site-packages:/opt/ros/humble/lib/python3.10/site-packages:/opt/ros/humble/local/lib/python3.10/dist-packages /usr/bin/cmake /home/msd/MSD2/REV4/src/robot_moveit_config -DCMAKE_INSTALL_PREFIX=/home/msd/MSD2/REV4/install/robot_moveit_config
[3.466s] DEBUG:colcon.colcon_core.event_handler.log_command:Invoked command in '/home/msd/MSD2/REV4/build/spotarm_gamepad' returned '0': PYTHONPATH=/home/msd/MSD2/REV4/build/spotarm_gamepad/prefix_override:/usr/lib/python3/dist-packages/colcon_core/task/python/colcon_distutils_commands:/home/msd/MSD2/REV4/install/spotarm_gamepad/lib/python3.10/site-packages:${PYTHONPATH} /usr/bin/python3 -W ignore:setup.py install is deprecated -W ignore:easy_install command is deprecated setup.py develop --uninstall --editable --build-directory /home/msd/MSD2/REV4/build/spotarm_gamepad/build
[3.468s] DEBUG:colcon.colcon_core.event_handler.log_command:Invoking command in '/home/msd/MSD2/REV4/src/spotarm_gamepad': PYTHONPATH=/home/msd/MSD2/REV4/build/spotarm_gamepad/prefix_override:/usr/lib/python3/dist-packages/colcon_core/task/python/colcon_distutils_commands:/home/msd/MSD2/REV4/install/spotarm_gamepad/lib/python3.10/site-packages:${PYTHONPATH} /usr/bin/python3 -W ignore:setup.py install is deprecated -W ignore:easy_install command is deprecated setup.py egg_info --egg-base ../../build/spotarm_gamepad build --build-base /home/msd/MSD2/REV4/build/spotarm_gamepad/build install --record /home/msd/MSD2/REV4/build/spotarm_gamepad/install.log --single-version-externally-managed install_data --force
[3.542s] DEBUG:colcon.colcon_core.event_handler.log_command:Invoked command in '/home/msd/MSD2/REV4/build/robot_moveit_config' returned '0': AMENT_PREFIX_PATH=/home/msd/MSD2/REV4/install/spotarm_assembly_description:/home/msd/MSD2/REV4/install/stepper_test:/home/msd/MSD2/REV4/install/spotarm_gamepad:/home/msd/MSD2/REV4/install/robot_bringup:/home/msd/MSD2/REV4/install/robot_moveit_config:/home/msd/MSD2/REV4/install/robot_status_leds:/home/msd/MSD2/REV4/install/robot_servoing:/home/msd/MSD2/REV4/install/robot_hardware:/home/msd/MSD2/REV4/install/robot_commander:/home/msd/MSD2/REV4/install/gear_manipulator_moveit_config:/home/msd/MSD2/REV4/install/my_robot:/home/msd/MSD2/REV4/install/marge:/opt/ros/humble CMAKE_PREFIX_PATH=${CMAKE_PREFIX_PATH}:/home/msd/MSD2/REV4/install/spotarm_gamepad:/home/msd/MSD2/REV4/install/spotarm_assembly_description:/home/msd/MSD2/REV4/install/robot_status_leds:/opt/ros/humble PYTHONPATH=/home/msd/MSD2/REV4/install/spotarm_assembly_description/lib/python3.10/site-packages:/home/msd/MSD2/REV4/build/spotarm_gamepad:/home/msd/MSD2/REV4/install/spotarm_gamepad/lib/python3.10/site-packages:/home/msd/MSD2/REV4/install/robot_status_leds/lib/python3.10/site-packages:/opt/ros/humble/lib/python3.10/site-packages:/opt/ros/humble/local/lib/python3.10/dist-packages /usr/bin/cmake /home/msd/MSD2/REV4/src/robot_moveit_config -DCMAKE_INSTALL_PREFIX=/home/msd/MSD2/REV4/install/robot_moveit_config
[3.546s] DEBUG:colcon.colcon_core.event_handler.log_command:Invoking command in '/home/msd/MSD2/REV4/build/robot_moveit_config': AMENT_PREFIX_PATH=/home/msd/MSD2/REV4/install/spotarm_assembly_description:/home/msd/MSD2/REV4/install/stepper_test:/home/msd/MSD2/REV4/install/spotarm_gamepad:/home/msd/MSD2/REV4/install/robot_bringup:/home/msd/MSD2/REV4/install/robot_moveit_config:/home/msd/MSD2/REV4/install/robot_status_leds:/home/msd/MSD2/REV4/install/robot_servoing:/home/msd/MSD2/REV4/install/robot_hardware:/home/msd/MSD2/REV4/install/robot_commander:/home/msd/MSD2/REV4/install/gear_manipulator_moveit_config:/home/msd/MSD2/REV4/install/my_robot:/home/msd/MSD2/REV4/install/marge:/opt/ros/humble CMAKE_PREFIX_PATH=${CMAKE_PREFIX_PATH}:/home/msd/MSD2/REV4/install/spotarm_gamepad:/home/msd/MSD2/REV4/install/spotarm_assembly_description:/home/msd/MSD2/REV4/install/robot_status_leds:/opt/ros/humble PYTHONPATH=/home/msd/MSD2/REV4/install/spotarm_assembly_description/lib/python3.10/site-packages:/home/msd/MSD2/REV4/build/spotarm_gamepad:/home/msd/MSD2/REV4/install/spotarm_gamepad/lib/python3.10/site-packages:/home/msd/MSD2/REV4/install/robot_status_leds/lib/python3.10/site-packages:/opt/ros/humble/lib/python3.10/site-packages:/opt/ros/humble/local/lib/python3.10/dist-packages /usr/bin/cmake --build /home/msd/MSD2/REV4/build/robot_moveit_config -- -j8 -l8
[3.595s] DEBUG:colcon.colcon_core.event_handler.log_command:Invoked command in '/home/msd/MSD2/REV4/build/robot_moveit_config' returned '0': AMENT_PREFIX_PATH=/home/msd/MSD2/REV4/install/spotarm_assembly_description:/home/msd/MSD2/REV4/install/stepper_test:/home/msd/MSD2/REV4/install/spotarm_gamepad:/home/msd/MSD2/REV4/install/robot_bringup:/home/msd/MSD2/REV4/install/robot_moveit_config:/home/msd/MSD2/REV4/install/robot_status_leds:/home/msd/MSD2/REV4/install/robot_servoing:/home/msd/MSD2/REV4/install/robot_hardware:/home/msd/MSD2/REV4/install/robot_commander:/home/msd/MSD2/REV4/install/gear_manipulator_moveit_config:/home/msd/MSD2/REV4/install/my_robot:/home/msd/MSD2/REV4/install/marge:/opt/ros/humble CMAKE_PREFIX_PATH=${CMAKE_PREFIX_PATH}:/home/msd/MSD2/REV4/install/spotarm_gamepad:/home/msd/MSD2/REV4/install/spotarm_assembly_description:/home/msd/MSD2/REV4/install/robot_status_leds:/opt/ros/humble PYTHONPATH=/home/msd/MSD2/REV4/install/spotarm_assembly_description/lib/python3.10/site-packages:/home/msd/MSD2/REV4/build/spotarm_gamepad:/home/msd/MSD2/REV4/install/spotarm_gamepad/lib/python3.10/site-packages:/home/msd/MSD2/REV4/install/robot_status_leds/lib/python3.10/site-packages:/opt/ros/humble/lib/python3.10/site-packages:/opt/ros/humble/local/lib/python3.10/dist-packages /usr/bin/cmake --build /home/msd/MSD2/REV4/build/robot_moveit_config -- -j8 -l8
[3.596s] DEBUG:colcon.colcon_core.event_handler.log_command:Invoking command in '/home/msd/MSD2/REV4/build/robot_moveit_config': AMENT_PREFIX_PATH=/home/msd/MSD2/REV4/install/spotarm_assembly_description:/home/msd/MSD2/REV4/install/stepper_test:/home/msd/MSD2/REV4/install/spotarm_gamepad:/home/msd/MSD2/REV4/install/robot_bringup:/home/msd/MSD2/REV4/install/robot_moveit_config:/home/msd/MSD2/REV4/install/robot_status_leds:/home/msd/MSD2/REV4/install/robot_servoing:/home/msd/MSD2/REV4/install/robot_hardware:/home/msd/MSD2/REV4/install/robot_commander:/home/msd/MSD2/REV4/install/gear_manipulator_moveit_config:/home/msd/MSD2/REV4/install/my_robot:/home/msd/MSD2/REV4/install/marge:/opt/ros/humble CMAKE_PREFIX_PATH=${CMAKE_PREFIX_PATH}:/home/msd/MSD2/REV4/install/spotarm_gamepad:/home/msd/MSD2/REV4/install/spotarm_assembly_description:/home/msd/MSD2/REV4/install/robot_status_leds:/opt/ros/humble PYTHONPATH=/home/msd/MSD2/REV4/install/spotarm_assembly_description/lib/python3.10/site-packages:/home/msd/MSD2/REV4/build/spotarm_gamepad:/home/msd/MSD2/REV4/install/spotarm_gamepad/lib/python3.10/site-packages:/home/msd/MSD2/REV4/install/robot_status_leds/lib/python3.10/site-packages:/opt/ros/humble/lib/python3.10/site-packages:/opt/ros/humble/local/lib/python3.10/dist-packages /usr/bin/cmake --install /home/msd/MSD2/REV4/build/robot_moveit_config
[3.635s] Level 1:colcon.colcon_core.environment:create_environment_scripts_only(robot_moveit_config)
[3.637s] Level 1:colcon.colcon_core.environment:checking '/home/msd/MSD2/REV4/install/robot_moveit_config' for CMake module files
[3.639s] DEBUG:colcon.colcon_core.event_handler.log_command:Invoked command in '/home/msd/MSD2/REV4/build/robot_moveit_config' returned '0': AMENT_PREFIX_PATH=/home/msd/MSD2/REV4/install/spotarm_assembly_description:/home/msd/MSD2/REV4/install/stepper_test:/home/msd/MSD2/REV4/install/spotarm_gamepad:/home/msd/MSD2/REV4/install/robot_bringup:/home/msd/MSD2/REV4/install/robot_moveit_config:/home/msd/MSD2/REV4/install/robot_status_leds:/home/msd/MSD2/REV4/install/robot_servoing:/home/msd/MSD2/REV4/install/robot_hardware:/home/msd/MSD2/REV4/install/robot_commander:/home/msd/MSD2/REV4/install/gear_manipulator_moveit_config:/home/msd/MSD2/REV4/install/my_robot:/home/msd/MSD2/REV4/install/marge:/opt/ros/humble CMAKE_PREFIX_PATH=${CMAKE_PREFIX_PATH}:/home/msd/MSD2/REV4/install/spotarm_gamepad:/home/msd/MSD2/REV4/install/spotarm_assembly_description:/home/msd/MSD2/REV4/install/robot_status_leds:/opt/ros/humble PYTHONPATH=/home/msd/MSD2/REV4/install/spotarm_assembly_description/lib/python3.10/site-packages:/home/msd/MSD2/REV4/build/spotarm_gamepad:/home/msd/MSD2/REV4/install/spotarm_gamepad/lib/python3.10/site-packages:/home/msd/MSD2/REV4/install/robot_status_leds/lib/python3.10/site-packages:/opt/ros/humble/lib/python3.10/site-packages:/opt/ros/humble/local/lib/python3.10/dist-packages /usr/bin/cmake --install /home/msd/MSD2/REV4/build/robot_moveit_config
[3.640s] Level 1:colcon.colcon_core.environment:checking '/home/msd/MSD2/REV4/install/robot_moveit_config' for CMake config files
[3.640s] Level 1:colcon.colcon_core.shell:create_environment_hook('robot_moveit_config', 'cmake_prefix_path')
[3.640s] INFO:colcon.colcon_core.shell:Creating environment hook '/home/msd/MSD2/REV4/install/robot_moveit_config/share/robot_moveit_config/hook/cmake_prefix_path.ps1'
[3.641s] INFO:colcon.colcon_core.shell:Creating environment descriptor '/home/msd/MSD2/REV4/install/robot_moveit_config/share/robot_moveit_config/hook/cmake_prefix_path.dsv'
[3.642s] INFO:colcon.colcon_core.shell:Creating environment hook '/home/msd/MSD2/REV4/install/robot_moveit_config/share/robot_moveit_config/hook/cmake_prefix_path.sh'
[3.645s] Level 1:colcon.colcon_core.environment:checking '/home/msd/MSD2/REV4/install/robot_moveit_config/bin'
[3.645s] Level 1:colcon.colcon_core.environment:checking '/home/msd/MSD2/REV4/install/robot_moveit_config/lib/pkgconfig/robot_moveit_config.pc'
[3.645s] Level 1:colcon.colcon_core.environment:checking '/home/msd/MSD2/REV4/install/robot_moveit_config/lib/python3.10/site-packages'
[3.646s] Level 1:colcon.colcon_core.environment:checking '/home/msd/MSD2/REV4/install/robot_moveit_config/bin'
[3.646s] INFO:colcon.colcon_core.shell:Creating package script '/home/msd/MSD2/REV4/install/robot_moveit_config/share/robot_moveit_config/package.ps1'
[3.647s] INFO:colcon.colcon_core.shell:Creating package descriptor '/home/msd/MSD2/REV4/install/robot_moveit_config/share/robot_moveit_config/package.dsv'
[3.647s] INFO:colcon.colcon_core.shell:Creating package script '/home/msd/MSD2/REV4/install/robot_moveit_config/share/robot_moveit_config/package.sh'
[3.647s] INFO:colcon.colcon_core.shell:Creating package script '/home/msd/MSD2/REV4/install/robot_moveit_config/share/robot_moveit_config/package.bash'
[3.648s] INFO:colcon.colcon_core.shell:Creating package script '/home/msd/MSD2/REV4/install/robot_moveit_config/share/robot_moveit_config/package.zsh'
[3.648s] Level 1:colcon.colcon_core.environment:create_file_with_runtime_dependencies(/home/msd/MSD2/REV4/install/robot_moveit_config/share/colcon-core/packages/robot_moveit_config)
[3.649s] Level 1:colcon.colcon_core.environment:create_environment_scripts_only(robot_moveit_config)
[3.649s] Level 1:colcon.colcon_core.environment:checking '/home/msd/MSD2/REV4/install/robot_moveit_config' for CMake module files
[3.650s] Level 1:colcon.colcon_core.environment:checking '/home/msd/MSD2/REV4/install/robot_moveit_config' for CMake config files
[3.650s] Level 1:colcon.colcon_core.shell:create_environment_hook('robot_moveit_config', 'cmake_prefix_path')
[3.650s] INFO:colcon.colcon_core.shell:Creating environment hook '/home/msd/MSD2/REV4/install/robot_moveit_config/share/robot_moveit_config/hook/cmake_prefix_path.ps1'
[3.650s] INFO:colcon.colcon_core.shell:Creating environment descriptor '/home/msd/MSD2/REV4/install/robot_moveit_config/share/robot_moveit_config/hook/cmake_prefix_path.dsv'
[3.651s] INFO:colcon.colcon_core.shell:Creating environment hook '/home/msd/MSD2/REV4/install/robot_moveit_config/share/robot_moveit_config/hook/cmake_prefix_path.sh'
[3.652s] Level 1:colcon.colcon_core.environment:checking '/home/msd/MSD2/REV4/install/robot_moveit_config/bin'
[3.652s] Level 1:colcon.colcon_core.environment:checking '/home/msd/MSD2/REV4/install/robot_moveit_config/lib/pkgconfig/robot_moveit_config.pc'
[3.652s] Level 1:colcon.colcon_core.environment:checking '/home/msd/MSD2/REV4/install/robot_moveit_config/lib/python3.10/site-packages'
[3.652s] Level 1:colcon.colcon_core.environment:checking '/home/msd/MSD2/REV4/install/robot_moveit_config/bin'
[3.653s] INFO:colcon.colcon_core.shell:Creating package script '/home/msd/MSD2/REV4/install/robot_moveit_config/share/robot_moveit_config/package.ps1'
[3.653s] INFO:colcon.colcon_core.shell:Creating package descriptor '/home/msd/MSD2/REV4/install/robot_moveit_config/share/robot_moveit_config/package.dsv'
[3.654s] INFO:colcon.colcon_core.shell:Creating package script '/home/msd/MSD2/REV4/install/robot_moveit_config/share/robot_moveit_config/package.sh'
[3.654s] INFO:colcon.colcon_core.shell:Creating package script '/home/msd/MSD2/REV4/install/robot_moveit_config/share/robot_moveit_config/package.bash'
[3.654s] INFO:colcon.colcon_core.shell:Creating package script '/home/msd/MSD2/REV4/install/robot_moveit_config/share/robot_moveit_config/package.zsh'
[3.655s] Level 1:colcon.colcon_core.environment:create_file_with_runtime_dependencies(/home/msd/MSD2/REV4/install/robot_moveit_config/share/colcon-core/packages/robot_moveit_config)
[3.655s] INFO:colcon.colcon_ros.task.ament_cmake.build:Building ROS package in '/home/msd/MSD2/REV4/src/robot_bringup' with build type 'ament_cmake'
[3.655s] INFO:colcon.colcon_cmake.task.cmake.build:Building CMake package in '/home/msd/MSD2/REV4/src/robot_bringup'
[3.655s] INFO:colcon.colcon_core.shell:Skip shell extension 'powershell' for command environment: Not usable outside of PowerShell
[3.656s] DEBUG:colcon.colcon_core.shell:Skip shell extension 'dsv' for command environment
[3.671s] DEBUG:colcon.colcon_core.event_handler.log_command:Invoking command in '/home/msd/MSD2/REV4/build/robot_bringup': AMENT_PREFIX_PATH=/home/msd/MSD2/REV4/install/spotarm_assembly_description:/home/msd/MSD2/REV4/install/stepper_test:/home/msd/MSD2/REV4/install/spotarm_gamepad:/home/msd/MSD2/REV4/install/robot_bringup:/home/msd/MSD2/REV4/install/robot_moveit_config:/home/msd/MSD2/REV4/install/robot_status_leds:/home/msd/MSD2/REV4/install/robot_servoing:/home/msd/MSD2/REV4/install/robot_hardware:/home/msd/MSD2/REV4/install/robot_commander:/home/msd/MSD2/REV4/install/gear_manipulator_moveit_config:/home/msd/MSD2/REV4/install/my_robot:/home/msd/MSD2/REV4/install/marge:/opt/ros/humble CMAKE_PREFIX_PATH=/home/msd/MSD2/REV4/install/robot_moveit_config:/home/msd/MSD2/REV4/install/stepper_test:/home/msd/MSD2/REV4/install/robot_bringup:/home/msd/MSD2/REV4/install/robot_servoing:/home/msd/MSD2/REV4/install/robot_hardware:/home/msd/MSD2/REV4/install/robot_commander:/home/msd/MSD2/REV4/install/gear_manipulator_moveit_config:/home/msd/MSD2/REV4/install/my_robot:/home/msd/MSD2/REV4/install/marge:/home/msd/MSD2/REV4/install/spotarm_gamepad:/home/msd/MSD2/REV4/install/spotarm_assembly_description:/home/msd/MSD2/REV4/install/robot_status_leds:/opt/ros/humble PYTHONPATH=/home/msd/MSD2/REV4/install/spotarm_assembly_description/lib/python3.10/site-packages:/home/msd/MSD2/REV4/build/spotarm_gamepad:/home/msd/MSD2/REV4/install/spotarm_gamepad/lib/python3.10/site-packages:/home/msd/MSD2/REV4/install/robot_status_leds/lib/python3.10/site-packages:/opt/ros/humble/lib/python3.10/site-packages:/opt/ros/humble/local/lib/python3.10/dist-packages /usr/bin/cmake --build /home/msd/MSD2/REV4/build/robot_bringup -- -j8 -l8
[3.725s] DEBUG:colcon.colcon_core.event_handler.log_command:Invoked command in '/home/msd/MSD2/REV4/build/robot_bringup' returned '0': AMENT_PREFIX_PATH=/home/msd/MSD2/REV4/install/spotarm_assembly_description:/home/msd/MSD2/REV4/install/stepper_test:/home/msd/MSD2/REV4/install/spotarm_gamepad:/home/msd/MSD2/REV4/install/robot_bringup:/home/msd/MSD2/REV4/install/robot_moveit_config:/home/msd/MSD2/REV4/install/robot_status_leds:/home/msd/MSD2/REV4/install/robot_servoing:/home/msd/MSD2/REV4/install/robot_hardware:/home/msd/MSD2/REV4/install/robot_commander:/home/msd/MSD2/REV4/install/gear_manipulator_moveit_config:/home/msd/MSD2/REV4/install/my_robot:/home/msd/MSD2/REV4/install/marge:/opt/ros/humble CMAKE_PREFIX_PATH=/home/msd/MSD2/REV4/install/robot_moveit_config:/home/msd/MSD2/REV4/install/stepper_test:/home/msd/MSD2/REV4/install/robot_bringup:/home/msd/MSD2/REV4/install/robot_servoing:/home/msd/MSD2/REV4/install/robot_hardware:/home/msd/MSD2/REV4/install/robot_commander:/home/msd/MSD2/REV4/install/gear_manipulator_moveit_config:/home/msd/MSD2/REV4/install/my_robot:/home/msd/MSD2/REV4/install/marge:/home/msd/MSD2/REV4/install/spotarm_gamepad:/home/msd/MSD2/REV4/install/spotarm_assembly_description:/home/msd/MSD2/REV4/install/robot_status_leds:/opt/ros/humble PYTHONPATH=/home/msd/MSD2/REV4/install/spotarm_assembly_description/lib/python3.10/site-packages:/home/msd/MSD2/REV4/build/spotarm_gamepad:/home/msd/MSD2/REV4/install/spotarm_gamepad/lib/python3.10/site-packages:/home/msd/MSD2/REV4/install/robot_status_leds/lib/python3.10/site-packages:/opt/ros/humble/lib/python3.10/site-packages:/opt/ros/humble/local/lib/python3.10/dist-packages /usr/bin/cmake --build /home/msd/MSD2/REV4/build/robot_bringup -- -j8 -l8
[3.727s] DEBUG:colcon.colcon_core.event_handler.log_command:Invoking command in '/home/msd/MSD2/REV4/build/robot_bringup': AMENT_PREFIX_PATH=/home/msd/MSD2/REV4/install/spotarm_assembly_description:/home/msd/MSD2/REV4/install/stepper_test:/home/msd/MSD2/REV4/install/spotarm_gamepad:/home/msd/MSD2/REV4/install/robot_bringup:/home/msd/MSD2/REV4/install/robot_moveit_config:/home/msd/MSD2/REV4/install/robot_status_leds:/home/msd/MSD2/REV4/install/robot_servoing:/home/msd/MSD2/REV4/install/robot_hardware:/home/msd/MSD2/REV4/install/robot_commander:/home/msd/MSD2/REV4/install/gear_manipulator_moveit_config:/home/msd/MSD2/REV4/install/my_robot:/home/msd/MSD2/REV4/install/marge:/opt/ros/humble CMAKE_PREFIX_PATH=/home/msd/MSD2/REV4/install/robot_moveit_config:/home/msd/MSD2/REV4/install/stepper_test:/home/msd/MSD2/REV4/install/robot_bringup:/home/msd/MSD2/REV4/install/robot_servoing:/home/msd/MSD2/REV4/install/robot_hardware:/home/msd/MSD2/REV4/install/robot_commander:/home/msd/MSD2/REV4/install/gear_manipulator_moveit_config:/home/msd/MSD2/REV4/install/my_robot:/home/msd/MSD2/REV4/install/marge:/home/msd/MSD2/REV4/install/spotarm_gamepad:/home/msd/MSD2/REV4/install/spotarm_assembly_description:/home/msd/MSD2/REV4/install/robot_status_leds:/opt/ros/humble PYTHONPATH=/home/msd/MSD2/REV4/install/spotarm_assembly_description/lib/python3.10/site-packages:/home/msd/MSD2/REV4/build/spotarm_gamepad:/home/msd/MSD2/REV4/install/spotarm_gamepad/lib/python3.10/site-packages:/home/msd/MSD2/REV4/install/robot_status_leds/lib/python3.10/site-packages:/opt/ros/humble/lib/python3.10/site-packages:/opt/ros/humble/local/lib/python3.10/dist-packages /usr/bin/cmake --install /home/msd/MSD2/REV4/build/robot_bringup
[3.755s] Level 1:colcon.colcon_core.environment:create_environment_scripts_only(robot_bringup)
[3.756s] Level 1:colcon.colcon_core.environment:checking '/home/msd/MSD2/REV4/install/robot_bringup' for CMake module files
[3.756s] DEBUG:colcon.colcon_core.event_handler.log_command:Invoked command in '/home/msd/MSD2/REV4/build/robot_bringup' returned '0': AMENT_PREFIX_PATH=/home/msd/MSD2/REV4/install/spotarm_assembly_description:/home/msd/MSD2/REV4/install/stepper_test:/home/msd/MSD2/REV4/install/spotarm_gamepad:/home/msd/MSD2/REV4/install/robot_bringup:/home/msd/MSD2/REV4/install/robot_moveit_config:/home/msd/MSD2/REV4/install/robot_status_leds:/home/msd/MSD2/REV4/install/robot_servoing:/home/msd/MSD2/REV4/install/robot_hardware:/home/msd/MSD2/REV4/install/robot_commander:/home/msd/MSD2/REV4/install/gear_manipulator_moveit_config:/home/msd/MSD2/REV4/install/my_robot:/home/msd/MSD2/REV4/install/marge:/opt/ros/humble CMAKE_PREFIX_PATH=/home/msd/MSD2/REV4/install/robot_moveit_config:/home/msd/MSD2/REV4/install/stepper_test:/home/msd/MSD2/REV4/install/robot_bringup:/home/msd/MSD2/REV4/install/robot_servoing:/home/msd/MSD2/REV4/install/robot_hardware:/home/msd/MSD2/REV4/install/robot_commander:/home/msd/MSD2/REV4/install/gear_manipulator_moveit_config:/home/msd/MSD2/REV4/install/my_robot:/home/msd/MSD2/REV4/install/marge:/home/msd/MSD2/REV4/install/spotarm_gamepad:/home/msd/MSD2/REV4/install/spotarm_assembly_description:/home/msd/MSD2/REV4/install/robot_status_leds:/opt/ros/humble PYTHONPATH=/home/msd/MSD2/REV4/install/spotarm_assembly_description/lib/python3.10/site-packages:/home/msd/MSD2/REV4/build/spotarm_gamepad:/home/msd/MSD2/REV4/install/spotarm_gamepad/lib/python3.10/site-packages:/home/msd/MSD2/REV4/install/robot_status_leds/lib/python3.10/site-packages:/opt/ros/humble/lib/python3.10/site-packages:/opt/ros/humble/local/lib/python3.10/dist-packages /usr/bin/cmake --install /home/msd/MSD2/REV4/build/robot_bringup
[3.757s] Level 1:colcon.colcon_core.environment:checking '/home/msd/MSD2/REV4/install/robot_bringup' for CMake config files
[3.757s] Level 1:colcon.colcon_core.shell:create_environment_hook('robot_bringup', 'cmake_prefix_path')
[3.758s] INFO:colcon.colcon_core.shell:Creating environment hook '/home/msd/MSD2/REV4/install/robot_bringup/share/robot_bringup/hook/cmake_prefix_path.ps1'
[3.758s] INFO:colcon.colcon_core.shell:Creating environment descriptor '/home/msd/MSD2/REV4/install/robot_bringup/share/robot_bringup/hook/cmake_prefix_path.dsv'
[3.759s] INFO:colcon.colcon_core.shell:Creating environment hook '/home/msd/MSD2/REV4/install/robot_bringup/share/robot_bringup/hook/cmake_prefix_path.sh'
[3.759s] Level 1:colcon.colcon_core.environment:checking '/home/msd/MSD2/REV4/install/robot_bringup/bin'
[3.759s] Level 1:colcon.colcon_core.environment:checking '/home/msd/MSD2/REV4/install/robot_bringup/lib/pkgconfig/robot_bringup.pc'
[3.760s] Level 1:colcon.colcon_core.environment:checking '/home/msd/MSD2/REV4/install/robot_bringup/lib/python3.10/site-packages'
[3.760s] Level 1:colcon.colcon_core.environment:checking '/home/msd/MSD2/REV4/install/robot_bringup/bin'
[3.761s] INFO:colcon.colcon_core.shell:Creating package script '/home/msd/MSD2/REV4/install/robot_bringup/share/robot_bringup/package.ps1'
[3.761s] INFO:colcon.colcon_core.shell:Creating package descriptor '/home/msd/MSD2/REV4/install/robot_bringup/share/robot_bringup/package.dsv'
[3.762s] INFO:colcon.colcon_core.shell:Creating package script '/home/msd/MSD2/REV4/install/robot_bringup/share/robot_bringup/package.sh'
[3.763s] INFO:colcon.colcon_core.shell:Creating package script '/home/msd/MSD2/REV4/install/robot_bringup/share/robot_bringup/package.bash'
[3.763s] INFO:colcon.colcon_core.shell:Creating package script '/home/msd/MSD2/REV4/install/robot_bringup/share/robot_bringup/package.zsh'
[3.764s] Level 1:colcon.colcon_core.environment:create_file_with_runtime_dependencies(/home/msd/MSD2/REV4/install/robot_bringup/share/colcon-core/packages/robot_bringup)
[3.768s] Level 1:colcon.colcon_core.environment:create_environment_scripts_only(robot_bringup)
[3.769s] Level 1:colcon.colcon_core.environment:checking '/home/msd/MSD2/REV4/install/robot_bringup' for CMake module files
[3.771s] Level 1:colcon.colcon_core.environment:checking '/home/msd/MSD2/REV4/install/robot_bringup' for CMake config files
[3.773s] Level 1:colcon.colcon_core.shell:create_environment_hook('robot_bringup', 'cmake_prefix_path')
[3.774s] INFO:colcon.colcon_core.shell:Creating environment hook '/home/msd/MSD2/REV4/install/robot_bringup/share/robot_bringup/hook/cmake_prefix_path.ps1'
[3.777s] INFO:colcon.colcon_core.shell:Creating environment descriptor '/home/msd/MSD2/REV4/install/robot_bringup/share/robot_bringup/hook/cmake_prefix_path.dsv'
[3.779s] INFO:colcon.colcon_core.shell:Creating environment hook '/home/msd/MSD2/REV4/install/robot_bringup/share/robot_bringup/hook/cmake_prefix_path.sh'
[3.781s] Level 1:colcon.colcon_core.environment:checking '/home/msd/MSD2/REV4/install/robot_bringup/bin'
[3.782s] Level 1:colcon.colcon_core.environment:checking '/home/msd/MSD2/REV4/install/robot_bringup/lib/pkgconfig/robot_bringup.pc'
[3.782s] Level 1:colcon.colcon_core.environment:checking '/home/msd/MSD2/REV4/install/robot_bringup/lib/python3.10/site-packages'
[3.783s] Level 1:colcon.colcon_core.environment:checking '/home/msd/MSD2/REV4/install/robot_bringup/bin'
[3.783s] INFO:colcon.colcon_core.shell:Creating package script '/home/msd/MSD2/REV4/install/robot_bringup/share/robot_bringup/package.ps1'
[3.784s] INFO:colcon.colcon_core.shell:Creating package descriptor '/home/msd/MSD2/REV4/install/robot_bringup/share/robot_bringup/package.dsv'
[3.784s] INFO:colcon.colcon_core.shell:Creating package script '/home/msd/MSD2/REV4/install/robot_bringup/share/robot_bringup/package.sh'
[3.785s] INFO:colcon.colcon_core.shell:Creating package script '/home/msd/MSD2/REV4/install/robot_bringup/share/robot_bringup/package.bash'
[3.785s] INFO:colcon.colcon_core.shell:Creating package script '/home/msd/MSD2/REV4/install/robot_bringup/share/robot_bringup/package.zsh'
[3.786s] Level 1:colcon.colcon_core.environment:create_file_with_runtime_dependencies(/home/msd/MSD2/REV4/install/robot_bringup/share/colcon-core/packages/robot_bringup)
[3.929s] Level 1:colcon.colcon_core.environment:checking '/home/msd/MSD2/REV4/install/spotarm_gamepad' for CMake module files
[3.930s] DEBUG:colcon.colcon_core.event_handler.log_command:Invoked command in '/home/msd/MSD2/REV4/src/spotarm_gamepad' returned '0': PYTHONPATH=/home/msd/MSD2/REV4/build/spotarm_gamepad/prefix_override:/usr/lib/python3/dist-packages/colcon_core/task/python/colcon_distutils_commands:/home/msd/MSD2/REV4/install/spotarm_gamepad/lib/python3.10/site-packages:${PYTHONPATH} /usr/bin/python3 -W ignore:setup.py install is deprecated -W ignore:easy_install command is deprecated setup.py egg_info --egg-base ../../build/spotarm_gamepad build --build-base /home/msd/MSD2/REV4/build/spotarm_gamepad/build install --record /home/msd/MSD2/REV4/build/spotarm_gamepad/install.log --single-version-externally-managed install_data --force
[3.931s] Level 1:colcon.colcon_core.environment:checking '/home/msd/MSD2/REV4/install/spotarm_gamepad' for CMake config files
[3.932s] Level 1:colcon.colcon_core.environment:checking '/home/msd/MSD2/REV4/install/spotarm_gamepad/lib'
[3.932s] Level 1:colcon.colcon_core.environment:checking '/home/msd/MSD2/REV4/install/spotarm_gamepad/bin'
[3.932s] Level 1:colcon.colcon_core.environment:checking '/home/msd/MSD2/REV4/install/spotarm_gamepad/lib/pkgconfig/spotarm_gamepad.pc'
[3.933s] Level 1:colcon.colcon_core.environment:checking '/home/msd/MSD2/REV4/install/spotarm_gamepad/lib/python3.10/site-packages'
[3.933s] Level 1:colcon.colcon_core.shell:create_environment_hook('spotarm_gamepad', 'pythonpath')
[3.933s] INFO:colcon.colcon_core.shell:Creating environment hook '/home/msd/MSD2/REV4/install/spotarm_gamepad/share/spotarm_gamepad/hook/pythonpath.ps1'
[3.934s] INFO:colcon.colcon_core.shell:Creating environment descriptor '/home/msd/MSD2/REV4/install/spotarm_gamepad/share/spotarm_gamepad/hook/pythonpath.dsv'
[3.935s] INFO:colcon.colcon_core.shell:Creating environment hook '/home/msd/MSD2/REV4/install/spotarm_gamepad/share/spotarm_gamepad/hook/pythonpath.sh'
[3.935s] Level 1:colcon.colcon_core.environment:checking '/home/msd/MSD2/REV4/install/spotarm_gamepad/bin'
[3.936s] Level 1:colcon.colcon_core.environment:create_environment_scripts_only(spotarm_gamepad)
[3.936s] INFO:colcon.colcon_core.shell:Creating package script '/home/msd/MSD2/REV4/install/spotarm_gamepad/share/spotarm_gamepad/package.ps1'
[3.937s] INFO:colcon.colcon_core.shell:Creating package descriptor '/home/msd/MSD2/REV4/install/spotarm_gamepad/share/spotarm_gamepad/package.dsv'
[3.937s] INFO:colcon.colcon_core.shell:Creating package script '/home/msd/MSD2/REV4/install/spotarm_gamepad/share/spotarm_gamepad/package.sh'
[3.937s] INFO:colcon.colcon_core.shell:Creating package script '/home/msd/MSD2/REV4/install/spotarm_gamepad/share/spotarm_gamepad/package.bash'
[3.938s] INFO:colcon.colcon_core.shell:Creating package script '/home/msd/MSD2/REV4/install/spotarm_gamepad/share/spotarm_gamepad/package.zsh'
[3.938s] Level 1:colcon.colcon_core.environment:create_file_with_runtime_dependencies(/home/msd/MSD2/REV4/install/spotarm_gamepad/share/colcon-core/packages/spotarm_gamepad)
[3.938s] DEBUG:colcon.colcon_parallel_executor.executor.parallel:closing loop
[3.939s] DEBUG:colcon.colcon_parallel_executor.executor.parallel:loop closed
[3.939s] DEBUG:colcon.colcon_parallel_executor.executor.parallel:run_until_complete finished with '0'
[3.939s] DEBUG:colcon.colcon_core.event_reactor:joining thread
[3.944s] INFO:colcon.colcon_core.plugin_system:Skipping extension 'colcon_notification.desktop_notification.terminal_notifier': Not used on non-Darwin systems
[3.944s] INFO:colcon.colcon_core.plugin_system:Skipping extension 'colcon_notification.desktop_notification.win32': Not used on non-Windows systems
[3.944s] INFO:colcon.colcon_notification.desktop_notification:Sending desktop notification using 'notify2'
[3.965s] DEBUG:colcon.colcon_core.event_reactor:joined thread
[3.966s] INFO:colcon.colcon_core.shell:Creating prefix script '/home/msd/MSD2/REV4/install/local_setup.ps1'
[3.967s] INFO:colcon.colcon_core.shell:Creating prefix util module '/home/msd/MSD2/REV4/install/_local_setup_util_ps1.py'
[3.971s] INFO:colcon.colcon_core.shell:Creating prefix chain script '/home/msd/MSD2/REV4/install/setup.ps1'
[3.975s] INFO:colcon.colcon_core.shell:Creating prefix script '/home/msd/MSD2/REV4/install/local_setup.sh'
[3.975s] INFO:colcon.colcon_core.shell:Creating prefix util module '/home/msd/MSD2/REV4/install/_local_setup_util_sh.py'
[3.976s] INFO:colcon.colcon_core.shell:Creating prefix chain script '/home/msd/MSD2/REV4/install/setup.sh'
[3.978s] INFO:colcon.colcon_core.shell:Creating prefix script '/home/msd/MSD2/REV4/install/local_setup.bash'
[3.979s] INFO:colcon.colcon_core.shell:Creating prefix chain script '/home/msd/MSD2/REV4/install/setup.bash'
[3.981s] INFO:colcon.colcon_core.shell:Creating prefix script '/home/msd/MSD2/REV4/install/local_setup.zsh'
[3.982s] INFO:colcon.colcon_core.shell:Creating prefix chain script '/home/msd/MSD2/REV4/install/setup.zsh'
