<<<<<<< HEAD
[0.148s] DEBUG:colcon:Command line arguments: ['/usr/bin/colcon', 'build', '--symlink-install']
[0.148s] DEBUG:colcon:Parsed command line arguments: Namespace(log_base=None, log_level=None, verb_name='build', build_base='build', install_base='install', merge_install=False, symlink_install=True, test_result_base=None, continue_on_error=False, executor='parallel', parallel_workers=8, event_handlers=None, ignore_user_meta=False, metas=['./colcon.meta'], base_paths=['.'], packages_ignore=None, packages_ignore_regex=None, paths=None, packages_up_to=None, packages_up_to_regex=None, packages_above=None, packages_above_and_dependencies=None, packages_above_depth=None, packages_select_by_dep=None, packages_skip_by_dep=None, packages_skip_up_to=None, packages_select_build_failed=False, packages_skip_build_finished=False, packages_select_test_failures=False, packages_skip_test_passed=False, packages_select=None, packages_skip=None, packages_select_regex=None, packages_skip_regex=None, packages_start=None, packages_end=None, allow_overriding=[], cmake_args=None, cmake_target=None, cmake_target_skip_unavailable=False, cmake_clean_cache=False, cmake_clean_first=False, cmake_force_configure=False, ament_cmake_args=None, catkin_cmake_args=None, catkin_skip_building_tests=False, verb_parser=<colcon_defaults.argument_parser.defaults.DefaultArgumentsDecorator object at 0x7f7780f1fd30>, verb_extension=<colcon_core.verb.build.BuildVerb object at 0x7f77810d5510>, main=<bound method BuildVerb.main of <colcon_core.verb.build.BuildVerb object at 0x7f77810d5510>>)
[0.397s] Level 1:colcon.colcon_core.package_discovery:discover_packages(colcon_meta) check parameters
[0.397s] Level 1:colcon.colcon_core.package_discovery:discover_packages(recursive) check parameters
[0.397s] Level 1:colcon.colcon_core.package_discovery:discover_packages(ignore) check parameters
[0.397s] Level 1:colcon.colcon_core.package_discovery:discover_packages(path) check parameters
[0.397s] Level 1:colcon.colcon_core.package_discovery:discover_packages(colcon_meta) discover
[0.397s] Level 1:colcon.colcon_core.package_discovery:discover_packages(recursive) discover
[0.397s] INFO:colcon.colcon_core.package_discovery:Crawling recursively for packages in '/home/msd/MSD2/REV4'
[0.397s] Level 1:colcon.colcon_core.package_identification:_identify(.) by extensions ['ignore', 'ignore_ament_install']
[0.397s] Level 1:colcon.colcon_core.package_identification:_identify(.) by extension 'ignore'
[0.397s] Level 1:colcon.colcon_core.package_identification:_identify(.) by extension 'ignore_ament_install'
[0.398s] Level 1:colcon.colcon_core.package_identification:_identify(.) by extensions ['colcon_pkg']
[0.398s] Level 1:colcon.colcon_core.package_identification:_identify(.) by extension 'colcon_pkg'
[0.398s] Level 1:colcon.colcon_core.package_identification:_identify(.) by extensions ['colcon_meta']
[0.398s] Level 1:colcon.colcon_core.package_identification:_identify(.) by extension 'colcon_meta'
[0.398s] Level 1:colcon.colcon_core.package_identification:_identify(.) by extensions ['ros']
[0.398s] Level 1:colcon.colcon_core.package_identification:_identify(.) by extension 'ros'
[0.418s] Level 1:colcon.colcon_core.package_identification:_identify(.) by extensions ['cmake', 'python']
[0.418s] Level 1:colcon.colcon_core.package_identification:_identify(.) by extension 'cmake'
[0.418s] Level 1:colcon.colcon_core.package_identification:_identify(.) by extension 'python'
[0.418s] Level 1:colcon.colcon_core.package_identification:_identify(.) by extensions ['python_setup_py']
[0.418s] Level 1:colcon.colcon_core.package_identification:_identify(.) by extension 'python_setup_py'
[0.419s] Level 1:colcon.colcon_core.package_identification:_identify(build) by extensions ['ignore', 'ignore_ament_install']
[0.419s] Level 1:colcon.colcon_core.package_identification:_identify(build) by extension 'ignore'
[0.419s] Level 1:colcon.colcon_core.package_identification:_identify(build) ignored
[0.419s] Level 1:colcon.colcon_core.package_identification:_identify(install) by extensions ['ignore', 'ignore_ament_install']
[0.419s] Level 1:colcon.colcon_core.package_identification:_identify(install) by extension 'ignore'
[0.419s] Level 1:colcon.colcon_core.package_identification:_identify(install) ignored
[0.419s] Level 1:colcon.colcon_core.package_identification:_identify(log) by extensions ['ignore', 'ignore_ament_install']
[0.419s] Level 1:colcon.colcon_core.package_identification:_identify(log) by extension 'ignore'
[0.419s] Level 1:colcon.colcon_core.package_identification:_identify(log) ignored
[0.419s] Level 1:colcon.colcon_core.package_identification:_identify(src) by extensions ['ignore', 'ignore_ament_install']
[0.419s] Level 1:colcon.colcon_core.package_identification:_identify(src) by extension 'ignore'
[0.420s] Level 1:colcon.colcon_core.package_identification:_identify(src) by extension 'ignore_ament_install'
[0.420s] Level 1:colcon.colcon_core.package_identification:_identify(src) by extensions ['colcon_pkg']
[0.420s] Level 1:colcon.colcon_core.package_identification:_identify(src) by extension 'colcon_pkg'
[0.420s] Level 1:colcon.colcon_core.package_identification:_identify(src) by extensions ['colcon_meta']
[0.420s] Level 1:colcon.colcon_core.package_identification:_identify(src) by extension 'colcon_meta'
[0.420s] Level 1:colcon.colcon_core.package_identification:_identify(src) by extensions ['ros']
[0.420s] Level 1:colcon.colcon_core.package_identification:_identify(src) by extension 'ros'
[0.420s] Level 1:colcon.colcon_core.package_identification:_identify(src) by extensions ['cmake', 'python']
[0.420s] Level 1:colcon.colcon_core.package_identification:_identify(src) by extension 'cmake'
[0.420s] Level 1:colcon.colcon_core.package_identification:_identify(src) by extension 'python'
[0.420s] Level 1:colcon.colcon_core.package_identification:_identify(src) by extensions ['python_setup_py']
[0.420s] Level 1:colcon.colcon_core.package_identification:_identify(src) by extension 'python_setup_py'
[0.420s] Level 1:colcon.colcon_core.package_identification:_identify(src/build) by extensions ['ignore', 'ignore_ament_install']
[0.420s] Level 1:colcon.colcon_core.package_identification:_identify(src/build) by extension 'ignore'
[0.420s] Level 1:colcon.colcon_core.package_identification:_identify(src/build) ignored
[0.420s] Level 1:colcon.colcon_core.package_identification:_identify(src/gear_manipulator_moveit_config) by extensions ['ignore', 'ignore_ament_install']
[0.420s] Level 1:colcon.colcon_core.package_identification:_identify(src/gear_manipulator_moveit_config) by extension 'ignore'
[0.420s] Level 1:colcon.colcon_core.package_identification:_identify(src/gear_manipulator_moveit_config) by extension 'ignore_ament_install'
[0.421s] Level 1:colcon.colcon_core.package_identification:_identify(src/gear_manipulator_moveit_config) by extensions ['colcon_pkg']
[0.421s] Level 1:colcon.colcon_core.package_identification:_identify(src/gear_manipulator_moveit_config) by extension 'colcon_pkg'
[0.421s] Level 1:colcon.colcon_core.package_identification:_identify(src/gear_manipulator_moveit_config) by extensions ['colcon_meta']
[0.421s] Level 1:colcon.colcon_core.package_identification:_identify(src/gear_manipulator_moveit_config) by extension 'colcon_meta'
[0.421s] Level 1:colcon.colcon_core.package_identification:_identify(src/gear_manipulator_moveit_config) by extensions ['ros']
[0.421s] Level 1:colcon.colcon_core.package_identification:_identify(src/gear_manipulator_moveit_config) by extension 'ros'
[0.424s] DEBUG:colcon.colcon_core.package_identification:Package 'src/gear_manipulator_moveit_config' with type 'ros.ament_cmake' and name 'gear_manipulator_moveit_config'
[0.424s] Level 1:colcon.colcon_core.package_identification:_identify(src/install) by extensions ['ignore', 'ignore_ament_install']
[0.424s] Level 1:colcon.colcon_core.package_identification:_identify(src/install) by extension 'ignore'
[0.424s] Level 1:colcon.colcon_core.package_identification:_identify(src/install) ignored
[0.424s] Level 1:colcon.colcon_core.package_identification:_identify(src/log) by extensions ['ignore', 'ignore_ament_install']
[0.424s] Level 1:colcon.colcon_core.package_identification:_identify(src/log) by extension 'ignore'
[0.424s] Level 1:colcon.colcon_core.package_identification:_identify(src/log) ignored
[0.424s] Level 1:colcon.colcon_core.package_identification:_identify(src/marge) by extensions ['ignore', 'ignore_ament_install']
[0.424s] Level 1:colcon.colcon_core.package_identification:_identify(src/marge) by extension 'ignore'
[0.424s] Level 1:colcon.colcon_core.package_identification:_identify(src/marge) by extension 'ignore_ament_install'
[0.424s] Level 1:colcon.colcon_core.package_identification:_identify(src/marge) by extensions ['colcon_pkg']
[0.424s] Level 1:colcon.colcon_core.package_identification:_identify(src/marge) by extension 'colcon_pkg'
[0.424s] Level 1:colcon.colcon_core.package_identification:_identify(src/marge) by extensions ['colcon_meta']
[0.424s] Level 1:colcon.colcon_core.package_identification:_identify(src/marge) by extension 'colcon_meta'
[0.425s] Level 1:colcon.colcon_core.package_identification:_identify(src/marge) by extensions ['ros']
[0.425s] Level 1:colcon.colcon_core.package_identification:_identify(src/marge) by extension 'ros'
[0.425s] DEBUG:colcon.colcon_core.package_identification:Package 'src/marge' with type 'ros.ament_cmake' and name 'marge'
[0.425s] Level 1:colcon.colcon_core.package_identification:_identify(src/my_robot) by extensions ['ignore', 'ignore_ament_install']
[0.425s] Level 1:colcon.colcon_core.package_identification:_identify(src/my_robot) by extension 'ignore'
[0.425s] Level 1:colcon.colcon_core.package_identification:_identify(src/my_robot) by extension 'ignore_ament_install'
[0.425s] Level 1:colcon.colcon_core.package_identification:_identify(src/my_robot) by extensions ['colcon_pkg']
[0.425s] Level 1:colcon.colcon_core.package_identification:_identify(src/my_robot) by extension 'colcon_pkg'
[0.426s] Level 1:colcon.colcon_core.package_identification:_identify(src/my_robot) by extensions ['colcon_meta']
[0.426s] Level 1:colcon.colcon_core.package_identification:_identify(src/my_robot) by extension 'colcon_meta'
[0.426s] Level 1:colcon.colcon_core.package_identification:_identify(src/my_robot) by extensions ['ros']
[0.426s] Level 1:colcon.colcon_core.package_identification:_identify(src/my_robot) by extension 'ros'
[0.426s] DEBUG:colcon.colcon_core.package_identification:Package 'src/my_robot' with type 'ros.ament_cmake' and name 'my_robot'
[0.426s] Level 1:colcon.colcon_core.package_identification:_identify(src/robot_bringup) by extensions ['ignore', 'ignore_ament_install']
[0.426s] Level 1:colcon.colcon_core.package_identification:_identify(src/robot_bringup) by extension 'ignore'
[0.426s] Level 1:colcon.colcon_core.package_identification:_identify(src/robot_bringup) by extension 'ignore_ament_install'
[0.426s] Level 1:colcon.colcon_core.package_identification:_identify(src/robot_bringup) by extensions ['colcon_pkg']
[0.426s] Level 1:colcon.colcon_core.package_identification:_identify(src/robot_bringup) by extension 'colcon_pkg'
[0.426s] Level 1:colcon.colcon_core.package_identification:_identify(src/robot_bringup) by extensions ['colcon_meta']
[0.427s] Level 1:colcon.colcon_core.package_identification:_identify(src/robot_bringup) by extension 'colcon_meta'
[0.427s] Level 1:colcon.colcon_core.package_identification:_identify(src/robot_bringup) by extensions ['ros']
[0.427s] Level 1:colcon.colcon_core.package_identification:_identify(src/robot_bringup) by extension 'ros'
[0.427s] DEBUG:colcon.colcon_core.package_identification:Package 'src/robot_bringup' with type 'ros.ament_cmake' and name 'robot_bringup'
[0.427s] Level 1:colcon.colcon_core.package_identification:_identify(src/robot_commander) by extensions ['ignore', 'ignore_ament_install']
[0.427s] Level 1:colcon.colcon_core.package_identification:_identify(src/robot_commander) by extension 'ignore'
[0.428s] Level 1:colcon.colcon_core.package_identification:_identify(src/robot_commander) by extension 'ignore_ament_install'
[0.428s] Level 1:colcon.colcon_core.package_identification:_identify(src/robot_commander) by extensions ['colcon_pkg']
[0.428s] Level 1:colcon.colcon_core.package_identification:_identify(src/robot_commander) by extension 'colcon_pkg'
[0.428s] Level 1:colcon.colcon_core.package_identification:_identify(src/robot_commander) by extensions ['colcon_meta']
[0.428s] Level 1:colcon.colcon_core.package_identification:_identify(src/robot_commander) by extension 'colcon_meta'
[0.428s] Level 1:colcon.colcon_core.package_identification:_identify(src/robot_commander) by extensions ['ros']
[0.428s] Level 1:colcon.colcon_core.package_identification:_identify(src/robot_commander) by extension 'ros'
[0.429s] DEBUG:colcon.colcon_core.package_identification:Package 'src/robot_commander' with type 'ros.ament_cmake' and name 'robot_commander'
[0.429s] Level 1:colcon.colcon_core.package_identification:_identify(src/robot_hardware) by extensions ['ignore', 'ignore_ament_install']
[0.429s] Level 1:colcon.colcon_core.package_identification:_identify(src/robot_hardware) by extension 'ignore'
[0.429s] Level 1:colcon.colcon_core.package_identification:_identify(src/robot_hardware) by extension 'ignore_ament_install'
[0.429s] Level 1:colcon.colcon_core.package_identification:_identify(src/robot_hardware) by extensions ['colcon_pkg']
[0.429s] Level 1:colcon.colcon_core.package_identification:_identify(src/robot_hardware) by extension 'colcon_pkg'
[0.429s] Level 1:colcon.colcon_core.package_identification:_identify(src/robot_hardware) by extensions ['colcon_meta']
[0.429s] Level 1:colcon.colcon_core.package_identification:_identify(src/robot_hardware) by extension 'colcon_meta'
[0.429s] Level 1:colcon.colcon_core.package_identification:_identify(src/robot_hardware) by extensions ['ros']
[0.429s] Level 1:colcon.colcon_core.package_identification:_identify(src/robot_hardware) by extension 'ros'
[0.430s] DEBUG:colcon.colcon_core.package_identification:Package 'src/robot_hardware' with type 'ros.ament_cmake' and name 'robot_hardware'
[0.430s] Level 1:colcon.colcon_core.package_identification:_identify(src/robot_moveit_config) by extensions ['ignore', 'ignore_ament_install']
[0.430s] Level 1:colcon.colcon_core.package_identification:_identify(src/robot_moveit_config) by extension 'ignore'
[0.430s] Level 1:colcon.colcon_core.package_identification:_identify(src/robot_moveit_config) by extension 'ignore_ament_install'
[0.430s] Level 1:colcon.colcon_core.package_identification:_identify(src/robot_moveit_config) by extensions ['colcon_pkg']
[0.430s] Level 1:colcon.colcon_core.package_identification:_identify(src/robot_moveit_config) by extension 'colcon_pkg'
[0.430s] Level 1:colcon.colcon_core.package_identification:_identify(src/robot_moveit_config) by extensions ['colcon_meta']
[0.430s] Level 1:colcon.colcon_core.package_identification:_identify(src/robot_moveit_config) by extension 'colcon_meta'
[0.431s] Level 1:colcon.colcon_core.package_identification:_identify(src/robot_moveit_config) by extensions ['ros']
[0.431s] Level 1:colcon.colcon_core.package_identification:_identify(src/robot_moveit_config) by extension 'ros'
[0.432s] DEBUG:colcon.colcon_core.package_identification:Package 'src/robot_moveit_config' with type 'ros.ament_cmake' and name 'robot_moveit_config'
[0.432s] Level 1:colcon.colcon_core.package_identification:_identify(src/robot_servoing) by extensions ['ignore', 'ignore_ament_install']
[0.432s] Level 1:colcon.colcon_core.package_identification:_identify(src/robot_servoing) by extension 'ignore'
[0.432s] Level 1:colcon.colcon_core.package_identification:_identify(src/robot_servoing) by extension 'ignore_ament_install'
[0.432s] Level 1:colcon.colcon_core.package_identification:_identify(src/robot_servoing) by extensions ['colcon_pkg']
[0.432s] Level 1:colcon.colcon_core.package_identification:_identify(src/robot_servoing) by extension 'colcon_pkg'
[0.432s] Level 1:colcon.colcon_core.package_identification:_identify(src/robot_servoing) by extensions ['colcon_meta']
[0.432s] Level 1:colcon.colcon_core.package_identification:_identify(src/robot_servoing) by extension 'colcon_meta'
[0.432s] Level 1:colcon.colcon_core.package_identification:_identify(src/robot_servoing) by extensions ['ros']
[0.432s] Level 1:colcon.colcon_core.package_identification:_identify(src/robot_servoing) by extension 'ros'
[0.435s] DEBUG:colcon.colcon_core.package_identification:Package 'src/robot_servoing' with type 'ros.ament_cmake' and name 'robot_servoing'
[0.435s] Level 1:colcon.colcon_core.package_identification:_identify(src/robot_status_leds) by extensions ['ignore', 'ignore_ament_install']
[0.435s] Level 1:colcon.colcon_core.package_identification:_identify(src/robot_status_leds) by extension 'ignore'
[0.435s] Level 1:colcon.colcon_core.package_identification:_identify(src/robot_status_leds) by extension 'ignore_ament_install'
[0.435s] Level 1:colcon.colcon_core.package_identification:_identify(src/robot_status_leds) by extensions ['colcon_pkg']
[0.435s] Level 1:colcon.colcon_core.package_identification:_identify(src/robot_status_leds) by extension 'colcon_pkg'
[0.435s] Level 1:colcon.colcon_core.package_identification:_identify(src/robot_status_leds) by extensions ['colcon_meta']
[0.435s] Level 1:colcon.colcon_core.package_identification:_identify(src/robot_status_leds) by extension 'colcon_meta'
[0.436s] Level 1:colcon.colcon_core.package_identification:_identify(src/robot_status_leds) by extensions ['ros']
[0.436s] Level 1:colcon.colcon_core.package_identification:_identify(src/robot_status_leds) by extension 'ros'
[0.437s] DEBUG:colcon.colcon_core.package_identification:Package 'src/robot_status_leds' with type 'ros.ament_python' and name 'robot_status_leds'
[0.437s] Level 1:colcon.colcon_core.package_identification:_identify(src/spotarm_assembly_description) by extensions ['ignore', 'ignore_ament_install']
[0.437s] Level 1:colcon.colcon_core.package_identification:_identify(src/spotarm_assembly_description) by extension 'ignore'
[0.437s] Level 1:colcon.colcon_core.package_identification:_identify(src/spotarm_assembly_description) by extension 'ignore_ament_install'
[0.437s] Level 1:colcon.colcon_core.package_identification:_identify(src/spotarm_assembly_description) by extensions ['colcon_pkg']
[0.437s] Level 1:colcon.colcon_core.package_identification:_identify(src/spotarm_assembly_description) by extension 'colcon_pkg'
[0.437s] Level 1:colcon.colcon_core.package_identification:_identify(src/spotarm_assembly_description) by extensions ['colcon_meta']
[0.437s] Level 1:colcon.colcon_core.package_identification:_identify(src/spotarm_assembly_description) by extension 'colcon_meta'
[0.437s] Level 1:colcon.colcon_core.package_identification:_identify(src/spotarm_assembly_description) by extensions ['ros']
[0.437s] Level 1:colcon.colcon_core.package_identification:_identify(src/spotarm_assembly_description) by extension 'ros'
[0.439s] DEBUG:colcon.colcon_core.package_identification:Package 'src/spotarm_assembly_description' with type 'ros.ament_python' and name 'spotarm_assembly_description'
[0.439s] Level 1:colcon.colcon_core.package_identification:_identify(src/spotarm_gamepad) by extensions ['ignore', 'ignore_ament_install']
[0.439s] Level 1:colcon.colcon_core.package_identification:_identify(src/spotarm_gamepad) by extension 'ignore'
[0.439s] Level 1:colcon.colcon_core.package_identification:_identify(src/spotarm_gamepad) by extension 'ignore_ament_install'
[0.439s] Level 1:colcon.colcon_core.package_identification:_identify(src/spotarm_gamepad) by extensions ['colcon_pkg']
[0.439s] Level 1:colcon.colcon_core.package_identification:_identify(src/spotarm_gamepad) by extension 'colcon_pkg'
[0.440s] Level 1:colcon.colcon_core.package_identification:_identify(src/spotarm_gamepad) by extensions ['colcon_meta']
[0.440s] Level 1:colcon.colcon_core.package_identification:_identify(src/spotarm_gamepad) by extension 'colcon_meta'
[0.440s] Level 1:colcon.colcon_core.package_identification:_identify(src/spotarm_gamepad) by extensions ['ros']
[0.440s] Level 1:colcon.colcon_core.package_identification:_identify(src/spotarm_gamepad) by extension 'ros'
[0.441s] DEBUG:colcon.colcon_core.package_identification:Failed to parse potential ROS package manifest in'src/spotarm_gamepad': Error(s) in package 'src/spotarm_gamepad/package.xml':
The manifest contains invalid XML:
junk after document element: line 56, column 10
[0.441s] Level 1:colcon.colcon_core.package_identification:_identify(src/spotarm_gamepad) by extensions ['cmake', 'python']
[0.442s] Level 1:colcon.colcon_core.package_identification:_identify(src/spotarm_gamepad) by extension 'cmake'
[0.442s] Level 1:colcon.colcon_core.package_identification:_identify(src/spotarm_gamepad) by extension 'python'
[0.442s] DEBUG:colcon.colcon_core.package_identification:Python package in 'src/spotarm_gamepad' passes arguments to the setup() function which requires a different identification extension than 'python'
[0.442s] Level 1:colcon.colcon_core.package_identification:_identify(src/spotarm_gamepad) by extensions ['python_setup_py']
[0.442s] Level 1:colcon.colcon_core.package_identification:_identify(src/spotarm_gamepad) by extension 'python_setup_py'
[0.783s] DEBUG:colcon.colcon_core.package_identification:Package 'src/spotarm_gamepad' with type 'python' and name 'spotarm_gamepad'
[0.783s] Level 1:colcon.colcon_core.package_identification:_identify(src/spotarm_servo_gamepad) by extensions ['ignore', 'ignore_ament_install']
[0.784s] Level 1:colcon.colcon_core.package_identification:_identify(src/spotarm_servo_gamepad) by extension 'ignore'
[0.784s] Level 1:colcon.colcon_core.package_identification:_identify(src/spotarm_servo_gamepad) by extension 'ignore_ament_install'
[0.784s] Level 1:colcon.colcon_core.package_identification:_identify(src/spotarm_servo_gamepad) by extensions ['colcon_pkg']
[0.784s] Level 1:colcon.colcon_core.package_identification:_identify(src/spotarm_servo_gamepad) by extension 'colcon_pkg'
[0.784s] Level 1:colcon.colcon_core.package_identification:_identify(src/spotarm_servo_gamepad) by extensions ['colcon_meta']
[0.784s] Level 1:colcon.colcon_core.package_identification:_identify(src/spotarm_servo_gamepad) by extension 'colcon_meta'
[0.784s] Level 1:colcon.colcon_core.package_identification:_identify(src/spotarm_servo_gamepad) by extensions ['ros']
[0.784s] Level 1:colcon.colcon_core.package_identification:_identify(src/spotarm_servo_gamepad) by extension 'ros'
[0.786s] DEBUG:colcon.colcon_core.package_identification:Package 'src/spotarm_servo_gamepad' with type 'ros.ament_python' and name 'spotarm_servo_gamepad'
[0.787s] Level 1:colcon.colcon_core.package_identification:_identify(src/stepper_test) by extensions ['ignore', 'ignore_ament_install']
[0.787s] Level 1:colcon.colcon_core.package_identification:_identify(src/stepper_test) by extension 'ignore'
[0.788s] Level 1:colcon.colcon_core.package_identification:_identify(src/stepper_test) by extension 'ignore_ament_install'
[0.788s] Level 1:colcon.colcon_core.package_identification:_identify(src/stepper_test) by extensions ['colcon_pkg']
[0.788s] Level 1:colcon.colcon_core.package_identification:_identify(src/stepper_test) by extension 'colcon_pkg'
[0.788s] Level 1:colcon.colcon_core.package_identification:_identify(src/stepper_test) by extensions ['colcon_meta']
[0.788s] Level 1:colcon.colcon_core.package_identification:_identify(src/stepper_test) by extension 'colcon_meta'
[0.788s] Level 1:colcon.colcon_core.package_identification:_identify(src/stepper_test) by extensions ['ros']
[0.788s] Level 1:colcon.colcon_core.package_identification:_identify(src/stepper_test) by extension 'ros'
[0.789s] DEBUG:colcon.colcon_core.package_identification:Package 'src/stepper_test' with type 'ros.ament_cmake' and name 'stepper_test'
[0.789s] Level 1:colcon.colcon_core.package_discovery:discover_packages(recursive) using defaults
[0.789s] Level 1:colcon.colcon_core.package_discovery:discover_packages(ignore) discover
[0.789s] Level 1:colcon.colcon_core.package_discovery:discover_packages(ignore) using defaults
[0.789s] Level 1:colcon.colcon_core.package_discovery:discover_packages(path) discover
[0.789s] Level 1:colcon.colcon_core.package_discovery:discover_packages(path) using defaults
[0.840s] Level 1:colcon.colcon_core.package_discovery:discover_packages(prefix_path) check parameters
[0.841s] Level 1:colcon.colcon_core.package_discovery:discover_packages(prefix_path) discover
[0.843s] DEBUG:colcon.colcon_installed_package_information.package_discovery:Found 359 installed packages in /opt/ros/humble
[0.845s] Level 1:colcon.colcon_core.package_discovery:discover_packages(prefix_path) using defaults
[0.909s] Level 5:colcon.colcon_core.verb:set package 'marge' build argument 'cmake_args' from command line to 'None'
[0.909s] Level 5:colcon.colcon_core.verb:set package 'marge' build argument 'cmake_target' from command line to 'None'
[0.909s] Level 5:colcon.colcon_core.verb:set package 'marge' build argument 'cmake_target_skip_unavailable' from command line to 'False'
[0.909s] Level 5:colcon.colcon_core.verb:set package 'marge' build argument 'cmake_clean_cache' from command line to 'False'
[0.909s] Level 5:colcon.colcon_core.verb:set package 'marge' build argument 'cmake_clean_first' from command line to 'False'
[0.909s] Level 5:colcon.colcon_core.verb:set package 'marge' build argument 'cmake_force_configure' from command line to 'False'
[0.909s] Level 5:colcon.colcon_core.verb:set package 'marge' build argument 'ament_cmake_args' from command line to 'None'
[0.909s] Level 5:colcon.colcon_core.verb:set package 'marge' build argument 'catkin_cmake_args' from command line to 'None'
[0.909s] Level 5:colcon.colcon_core.verb:set package 'marge' build argument 'catkin_skip_building_tests' from command line to 'False'
[0.909s] DEBUG:colcon.colcon_core.verb:Building package 'marge' with the following arguments: {'ament_cmake_args': None, 'build_base': '/home/msd/MSD2/REV4/build/marge', 'catkin_cmake_args': None, 'catkin_skip_building_tests': False, 'cmake_args': None, 'cmake_clean_cache': False, 'cmake_clean_first': False, 'cmake_force_configure': False, 'cmake_target': None, 'cmake_target_skip_unavailable': False, 'install_base': '/home/msd/MSD2/REV4/install/marge', 'merge_install': False, 'path': '/home/msd/MSD2/REV4/src/marge', 'symlink_install': True, 'test_result_base': None}
[0.910s] Level 5:colcon.colcon_core.verb:set package 'my_robot' build argument 'cmake_args' from command line to 'None'
[0.910s] Level 5:colcon.colcon_core.verb:set package 'my_robot' build argument 'cmake_target' from command line to 'None'
[0.910s] Level 5:colcon.colcon_core.verb:set package 'my_robot' build argument 'cmake_target_skip_unavailable' from command line to 'False'
[0.910s] Level 5:colcon.colcon_core.verb:set package 'my_robot' build argument 'cmake_clean_cache' from command line to 'False'
[0.910s] Level 5:colcon.colcon_core.verb:set package 'my_robot' build argument 'cmake_clean_first' from command line to 'False'
[0.910s] Level 5:colcon.colcon_core.verb:set package 'my_robot' build argument 'cmake_force_configure' from command line to 'False'
[0.910s] Level 5:colcon.colcon_core.verb:set package 'my_robot' build argument 'ament_cmake_args' from command line to 'None'
[0.910s] Level 5:colcon.colcon_core.verb:set package 'my_robot' build argument 'catkin_cmake_args' from command line to 'None'
[0.910s] Level 5:colcon.colcon_core.verb:set package 'my_robot' build argument 'catkin_skip_building_tests' from command line to 'False'
[0.910s] DEBUG:colcon.colcon_core.verb:Building package 'my_robot' with the following arguments: {'ament_cmake_args': None, 'build_base': '/home/msd/MSD2/REV4/build/my_robot', 'catkin_cmake_args': None, 'catkin_skip_building_tests': False, 'cmake_args': None, 'cmake_clean_cache': False, 'cmake_clean_first': False, 'cmake_force_configure': False, 'cmake_target': None, 'cmake_target_skip_unavailable': False, 'install_base': '/home/msd/MSD2/REV4/install/my_robot', 'merge_install': False, 'path': '/home/msd/MSD2/REV4/src/my_robot', 'symlink_install': True, 'test_result_base': None}
[0.910s] Level 5:colcon.colcon_core.verb:set package 'robot_commander' build argument 'cmake_args' from command line to 'None'
[0.910s] Level 5:colcon.colcon_core.verb:set package 'robot_commander' build argument 'cmake_target' from command line to 'None'
[0.910s] Level 5:colcon.colcon_core.verb:set package 'robot_commander' build argument 'cmake_target_skip_unavailable' from command line to 'False'
[0.910s] Level 5:colcon.colcon_core.verb:set package 'robot_commander' build argument 'cmake_clean_cache' from command line to 'False'
[0.911s] Level 5:colcon.colcon_core.verb:set package 'robot_commander' build argument 'cmake_clean_first' from command line to 'False'
[0.911s] Level 5:colcon.colcon_core.verb:set package 'robot_commander' build argument 'cmake_force_configure' from command line to 'False'
[0.911s] Level 5:colcon.colcon_core.verb:set package 'robot_commander' build argument 'ament_cmake_args' from command line to 'None'
[0.911s] Level 5:colcon.colcon_core.verb:set package 'robot_commander' build argument 'catkin_cmake_args' from command line to 'None'
[0.911s] Level 5:colcon.colcon_core.verb:set package 'robot_commander' build argument 'catkin_skip_building_tests' from command line to 'False'
[0.911s] DEBUG:colcon.colcon_core.verb:Building package 'robot_commander' with the following arguments: {'ament_cmake_args': None, 'build_base': '/home/msd/MSD2/REV4/build/robot_commander', 'catkin_cmake_args': None, 'catkin_skip_building_tests': False, 'cmake_args': None, 'cmake_clean_cache': False, 'cmake_clean_first': False, 'cmake_force_configure': False, 'cmake_target': None, 'cmake_target_skip_unavailable': False, 'install_base': '/home/msd/MSD2/REV4/install/robot_commander', 'merge_install': False, 'path': '/home/msd/MSD2/REV4/src/robot_commander', 'symlink_install': True, 'test_result_base': None}
[0.911s] Level 5:colcon.colcon_core.verb:set package 'robot_hardware' build argument 'cmake_args' from command line to 'None'
[0.911s] Level 5:colcon.colcon_core.verb:set package 'robot_hardware' build argument 'cmake_target' from command line to 'None'
[0.911s] Level 5:colcon.colcon_core.verb:set package 'robot_hardware' build argument 'cmake_target_skip_unavailable' from command line to 'False'
[0.911s] Level 5:colcon.colcon_core.verb:set package 'robot_hardware' build argument 'cmake_clean_cache' from command line to 'False'
[0.911s] Level 5:colcon.colcon_core.verb:set package 'robot_hardware' build argument 'cmake_clean_first' from command line to 'False'
[0.911s] Level 5:colcon.colcon_core.verb:set package 'robot_hardware' build argument 'cmake_force_configure' from command line to 'False'
[0.911s] Level 5:colcon.colcon_core.verb:set package 'robot_hardware' build argument 'ament_cmake_args' from command line to 'None'
[0.911s] Level 5:colcon.colcon_core.verb:set package 'robot_hardware' build argument 'catkin_cmake_args' from command line to 'None'
[0.911s] Level 5:colcon.colcon_core.verb:set package 'robot_hardware' build argument 'catkin_skip_building_tests' from command line to 'False'
[0.911s] DEBUG:colcon.colcon_core.verb:Building package 'robot_hardware' with the following arguments: {'ament_cmake_args': None, 'build_base': '/home/msd/MSD2/REV4/build/robot_hardware', 'catkin_cmake_args': None, 'catkin_skip_building_tests': False, 'cmake_args': None, 'cmake_clean_cache': False, 'cmake_clean_first': False, 'cmake_force_configure': False, 'cmake_target': None, 'cmake_target_skip_unavailable': False, 'install_base': '/home/msd/MSD2/REV4/install/robot_hardware', 'merge_install': False, 'path': '/home/msd/MSD2/REV4/src/robot_hardware', 'symlink_install': True, 'test_result_base': None}
[0.912s] Level 5:colcon.colcon_core.verb:set package 'robot_servoing' build argument 'cmake_args' from command line to 'None'
[0.912s] Level 5:colcon.colcon_core.verb:set package 'robot_servoing' build argument 'cmake_target' from command line to 'None'
[0.912s] Level 5:colcon.colcon_core.verb:set package 'robot_servoing' build argument 'cmake_target_skip_unavailable' from command line to 'False'
[0.912s] Level 5:colcon.colcon_core.verb:set package 'robot_servoing' build argument 'cmake_clean_cache' from command line to 'False'
[0.912s] Level 5:colcon.colcon_core.verb:set package 'robot_servoing' build argument 'cmake_clean_first' from command line to 'False'
[0.912s] Level 5:colcon.colcon_core.verb:set package 'robot_servoing' build argument 'cmake_force_configure' from command line to 'False'
[0.912s] Level 5:colcon.colcon_core.verb:set package 'robot_servoing' build argument 'ament_cmake_args' from command line to 'None'
[0.912s] Level 5:colcon.colcon_core.verb:set package 'robot_servoing' build argument 'catkin_cmake_args' from command line to 'None'
[0.912s] Level 5:colcon.colcon_core.verb:set package 'robot_servoing' build argument 'catkin_skip_building_tests' from command line to 'False'
[0.912s] DEBUG:colcon.colcon_core.verb:Building package 'robot_servoing' with the following arguments: {'ament_cmake_args': None, 'build_base': '/home/msd/MSD2/REV4/build/robot_servoing', 'catkin_cmake_args': None, 'catkin_skip_building_tests': False, 'cmake_args': None, 'cmake_clean_cache': False, 'cmake_clean_first': False, 'cmake_force_configure': False, 'cmake_target': None, 'cmake_target_skip_unavailable': False, 'install_base': '/home/msd/MSD2/REV4/install/robot_servoing', 'merge_install': False, 'path': '/home/msd/MSD2/REV4/src/robot_servoing', 'symlink_install': True, 'test_result_base': None}
[0.912s] Level 5:colcon.colcon_core.verb:set package 'robot_status_leds' build argument 'cmake_args' from command line to 'None'
[0.913s] Level 5:colcon.colcon_core.verb:set package 'robot_status_leds' build argument 'cmake_target' from command line to 'None'
[0.913s] Level 5:colcon.colcon_core.verb:set package 'robot_status_leds' build argument 'cmake_target_skip_unavailable' from command line to 'False'
[0.913s] Level 5:colcon.colcon_core.verb:set package 'robot_status_leds' build argument 'cmake_clean_cache' from command line to 'False'
[0.913s] Level 5:colcon.colcon_core.verb:set package 'robot_status_leds' build argument 'cmake_clean_first' from command line to 'False'
[0.913s] Level 5:colcon.colcon_core.verb:set package 'robot_status_leds' build argument 'cmake_force_configure' from command line to 'False'
[0.913s] Level 5:colcon.colcon_core.verb:set package 'robot_status_leds' build argument 'ament_cmake_args' from command line to 'None'
[0.913s] Level 5:colcon.colcon_core.verb:set package 'robot_status_leds' build argument 'catkin_cmake_args' from command line to 'None'
[0.913s] Level 5:colcon.colcon_core.verb:set package 'robot_status_leds' build argument 'catkin_skip_building_tests' from command line to 'False'
[0.913s] DEBUG:colcon.colcon_core.verb:Building package 'robot_status_leds' with the following arguments: {'ament_cmake_args': None, 'build_base': '/home/msd/MSD2/REV4/build/robot_status_leds', 'catkin_cmake_args': None, 'catkin_skip_building_tests': False, 'cmake_args': None, 'cmake_clean_cache': False, 'cmake_clean_first': False, 'cmake_force_configure': False, 'cmake_target': None, 'cmake_target_skip_unavailable': False, 'install_base': '/home/msd/MSD2/REV4/install/robot_status_leds', 'merge_install': False, 'path': '/home/msd/MSD2/REV4/src/robot_status_leds', 'symlink_install': True, 'test_result_base': None}
[0.913s] Level 5:colcon.colcon_core.verb:set package 'spotarm_assembly_description' build argument 'cmake_args' from command line to 'None'
[0.913s] Level 5:colcon.colcon_core.verb:set package 'spotarm_assembly_description' build argument 'cmake_target' from command line to 'None'
[0.913s] Level 5:colcon.colcon_core.verb:set package 'spotarm_assembly_description' build argument 'cmake_target_skip_unavailable' from command line to 'False'
[0.913s] Level 5:colcon.colcon_core.verb:set package 'spotarm_assembly_description' build argument 'cmake_clean_cache' from command line to 'False'
[0.913s] Level 5:colcon.colcon_core.verb:set package 'spotarm_assembly_description' build argument 'cmake_clean_first' from command line to 'False'
[0.913s] Level 5:colcon.colcon_core.verb:set package 'spotarm_assembly_description' build argument 'cmake_force_configure' from command line to 'False'
[0.913s] Level 5:colcon.colcon_core.verb:set package 'spotarm_assembly_description' build argument 'ament_cmake_args' from command line to 'None'
[0.914s] Level 5:colcon.colcon_core.verb:set package 'spotarm_assembly_description' build argument 'catkin_cmake_args' from command line to 'None'
[0.914s] Level 5:colcon.colcon_core.verb:set package 'spotarm_assembly_description' build argument 'catkin_skip_building_tests' from command line to 'False'
[0.914s] DEBUG:colcon.colcon_core.verb:Building package 'spotarm_assembly_description' with the following arguments: {'ament_cmake_args': None, 'build_base': '/home/msd/MSD2/REV4/build/spotarm_assembly_description', 'catkin_cmake_args': None, 'catkin_skip_building_tests': False, 'cmake_args': None, 'cmake_clean_cache': False, 'cmake_clean_first': False, 'cmake_force_configure': False, 'cmake_target': None, 'cmake_target_skip_unavailable': False, 'install_base': '/home/msd/MSD2/REV4/install/spotarm_assembly_description', 'merge_install': False, 'path': '/home/msd/MSD2/REV4/src/spotarm_assembly_description', 'symlink_install': True, 'test_result_base': None}
[0.914s] Level 5:colcon.colcon_core.verb:set package 'spotarm_gamepad' build argument 'cmake_args' from command line to 'None'
[0.914s] Level 5:colcon.colcon_core.verb:set package 'spotarm_gamepad' build argument 'cmake_target' from command line to 'None'
[0.914s] Level 5:colcon.colcon_core.verb:set package 'spotarm_gamepad' build argument 'cmake_target_skip_unavailable' from command line to 'False'
[0.914s] Level 5:colcon.colcon_core.verb:set package 'spotarm_gamepad' build argument 'cmake_clean_cache' from command line to 'False'
[0.914s] Level 5:colcon.colcon_core.verb:set package 'spotarm_gamepad' build argument 'cmake_clean_first' from command line to 'False'
[0.914s] Level 5:colcon.colcon_core.verb:set package 'spotarm_gamepad' build argument 'cmake_force_configure' from command line to 'False'
[0.914s] Level 5:colcon.colcon_core.verb:set package 'spotarm_gamepad' build argument 'ament_cmake_args' from command line to 'None'
[0.914s] Level 5:colcon.colcon_core.verb:set package 'spotarm_gamepad' build argument 'catkin_cmake_args' from command line to 'None'
[0.914s] Level 5:colcon.colcon_core.verb:set package 'spotarm_gamepad' build argument 'catkin_skip_building_tests' from command line to 'False'
[0.914s] DEBUG:colcon.colcon_core.verb:Building package 'spotarm_gamepad' with the following arguments: {'ament_cmake_args': None, 'build_base': '/home/msd/MSD2/REV4/build/spotarm_gamepad', 'catkin_cmake_args': None, 'catkin_skip_building_tests': False, 'cmake_args': None, 'cmake_clean_cache': False, 'cmake_clean_first': False, 'cmake_force_configure': False, 'cmake_target': None, 'cmake_target_skip_unavailable': False, 'install_base': '/home/msd/MSD2/REV4/install/spotarm_gamepad', 'merge_install': False, 'path': '/home/msd/MSD2/REV4/src/spotarm_gamepad', 'symlink_install': True, 'test_result_base': None}
[0.915s] Level 5:colcon.colcon_core.verb:set package 'stepper_test' build argument 'cmake_args' from command line to 'None'
[0.915s] Level 5:colcon.colcon_core.verb:set package 'stepper_test' build argument 'cmake_target' from command line to 'None'
[0.915s] Level 5:colcon.colcon_core.verb:set package 'stepper_test' build argument 'cmake_target_skip_unavailable' from command line to 'False'
[0.915s] Level 5:colcon.colcon_core.verb:set package 'stepper_test' build argument 'cmake_clean_cache' from command line to 'False'
[0.915s] Level 5:colcon.colcon_core.verb:set package 'stepper_test' build argument 'cmake_clean_first' from command line to 'False'
[0.915s] Level 5:colcon.colcon_core.verb:set package 'stepper_test' build argument 'cmake_force_configure' from command line to 'False'
[0.915s] Level 5:colcon.colcon_core.verb:set package 'stepper_test' build argument 'ament_cmake_args' from command line to 'None'
[0.915s] Level 5:colcon.colcon_core.verb:set package 'stepper_test' build argument 'catkin_cmake_args' from command line to 'None'
[0.915s] Level 5:colcon.colcon_core.verb:set package 'stepper_test' build argument 'catkin_skip_building_tests' from command line to 'False'
[0.915s] DEBUG:colcon.colcon_core.verb:Building package 'stepper_test' with the following arguments: {'ament_cmake_args': None, 'build_base': '/home/msd/MSD2/REV4/build/stepper_test', 'catkin_cmake_args': None, 'catkin_skip_building_tests': False, 'cmake_args': None, 'cmake_clean_cache': False, 'cmake_clean_first': False, 'cmake_force_configure': False, 'cmake_target': None, 'cmake_target_skip_unavailable': False, 'install_base': '/home/msd/MSD2/REV4/install/stepper_test', 'merge_install': False, 'path': '/home/msd/MSD2/REV4/src/stepper_test', 'symlink_install': True, 'test_result_base': None}
[0.916s] Level 5:colcon.colcon_core.verb:set package 'gear_manipulator_moveit_config' build argument 'cmake_args' from command line to 'None'
[0.916s] Level 5:colcon.colcon_core.verb:set package 'gear_manipulator_moveit_config' build argument 'cmake_target' from command line to 'None'
[0.916s] Level 5:colcon.colcon_core.verb:set package 'gear_manipulator_moveit_config' build argument 'cmake_target_skip_unavailable' from command line to 'False'
[0.916s] Level 5:colcon.colcon_core.verb:set package 'gear_manipulator_moveit_config' build argument 'cmake_clean_cache' from command line to 'False'
[0.916s] Level 5:colcon.colcon_core.verb:set package 'gear_manipulator_moveit_config' build argument 'cmake_clean_first' from command line to 'False'
[0.916s] Level 5:colcon.colcon_core.verb:set package 'gear_manipulator_moveit_config' build argument 'cmake_force_configure' from command line to 'False'
[0.916s] Level 5:colcon.colcon_core.verb:set package 'gear_manipulator_moveit_config' build argument 'ament_cmake_args' from command line to 'None'
[0.916s] Level 5:colcon.colcon_core.verb:set package 'gear_manipulator_moveit_config' build argument 'catkin_cmake_args' from command line to 'None'
[0.916s] Level 5:colcon.colcon_core.verb:set package 'gear_manipulator_moveit_config' build argument 'catkin_skip_building_tests' from command line to 'False'
[0.916s] DEBUG:colcon.colcon_core.verb:Building package 'gear_manipulator_moveit_config' with the following arguments: {'ament_cmake_args': None, 'build_base': '/home/msd/MSD2/REV4/build/gear_manipulator_moveit_config', 'catkin_cmake_args': None, 'catkin_skip_building_tests': False, 'cmake_args': None, 'cmake_clean_cache': False, 'cmake_clean_first': False, 'cmake_force_configure': False, 'cmake_target': None, 'cmake_target_skip_unavailable': False, 'install_base': '/home/msd/MSD2/REV4/install/gear_manipulator_moveit_config', 'merge_install': False, 'path': '/home/msd/MSD2/REV4/src/gear_manipulator_moveit_config', 'symlink_install': True, 'test_result_base': None}
[0.917s] Level 5:colcon.colcon_core.verb:set package 'robot_moveit_config' build argument 'cmake_args' from command line to 'None'
[0.917s] Level 5:colcon.colcon_core.verb:set package 'robot_moveit_config' build argument 'cmake_target' from command line to 'None'
[0.917s] Level 5:colcon.colcon_core.verb:set package 'robot_moveit_config' build argument 'cmake_target_skip_unavailable' from command line to 'False'
[0.917s] Level 5:colcon.colcon_core.verb:set package 'robot_moveit_config' build argument 'cmake_clean_cache' from command line to 'False'
[0.917s] Level 5:colcon.colcon_core.verb:set package 'robot_moveit_config' build argument 'cmake_clean_first' from command line to 'False'
[0.917s] Level 5:colcon.colcon_core.verb:set package 'robot_moveit_config' build argument 'cmake_force_configure' from command line to 'False'
[0.917s] Level 5:colcon.colcon_core.verb:set package 'robot_moveit_config' build argument 'ament_cmake_args' from command line to 'None'
[0.917s] Level 5:colcon.colcon_core.verb:set package 'robot_moveit_config' build argument 'catkin_cmake_args' from command line to 'None'
[0.917s] Level 5:colcon.colcon_core.verb:set package 'robot_moveit_config' build argument 'catkin_skip_building_tests' from command line to 'False'
[0.917s] DEBUG:colcon.colcon_core.verb:Building package 'robot_moveit_config' with the following arguments: {'ament_cmake_args': None, 'build_base': '/home/msd/MSD2/REV4/build/robot_moveit_config', 'catkin_cmake_args': None, 'catkin_skip_building_tests': False, 'cmake_args': None, 'cmake_clean_cache': False, 'cmake_clean_first': False, 'cmake_force_configure': False, 'cmake_target': None, 'cmake_target_skip_unavailable': False, 'install_base': '/home/msd/MSD2/REV4/install/robot_moveit_config', 'merge_install': False, 'path': '/home/msd/MSD2/REV4/src/robot_moveit_config', 'symlink_install': True, 'test_result_base': None}
[0.918s] Level 5:colcon.colcon_core.verb:set package 'robot_bringup' build argument 'cmake_args' from command line to 'None'
[0.918s] Level 5:colcon.colcon_core.verb:set package 'robot_bringup' build argument 'cmake_target' from command line to 'None'
[0.918s] Level 5:colcon.colcon_core.verb:set package 'robot_bringup' build argument 'cmake_target_skip_unavailable' from command line to 'False'
[0.918s] Level 5:colcon.colcon_core.verb:set package 'robot_bringup' build argument 'cmake_clean_cache' from command line to 'False'
[0.918s] Level 5:colcon.colcon_core.verb:set package 'robot_bringup' build argument 'cmake_clean_first' from command line to 'False'
[0.918s] Level 5:colcon.colcon_core.verb:set package 'robot_bringup' build argument 'cmake_force_configure' from command line to 'False'
[0.918s] Level 5:colcon.colcon_core.verb:set package 'robot_bringup' build argument 'ament_cmake_args' from command line to 'None'
[0.918s] Level 5:colcon.colcon_core.verb:set package 'robot_bringup' build argument 'catkin_cmake_args' from command line to 'None'
[0.918s] Level 5:colcon.colcon_core.verb:set package 'robot_bringup' build argument 'catkin_skip_building_tests' from command line to 'False'
[0.918s] DEBUG:colcon.colcon_core.verb:Building package 'robot_bringup' with the following arguments: {'ament_cmake_args': None, 'build_base': '/home/msd/MSD2/REV4/build/robot_bringup', 'catkin_cmake_args': None, 'catkin_skip_building_tests': False, 'cmake_args': None, 'cmake_clean_cache': False, 'cmake_clean_first': False, 'cmake_force_configure': False, 'cmake_target': None, 'cmake_target_skip_unavailable': False, 'install_base': '/home/msd/MSD2/REV4/install/robot_bringup', 'merge_install': False, 'path': '/home/msd/MSD2/REV4/src/robot_bringup', 'symlink_install': True, 'test_result_base': None}
[0.919s] Level 5:colcon.colcon_core.verb:set package 'spotarm_servo_gamepad' build argument 'cmake_args' from command line to 'None'
[0.919s] Level 5:colcon.colcon_core.verb:set package 'spotarm_servo_gamepad' build argument 'cmake_target' from command line to 'None'
[0.919s] Level 5:colcon.colcon_core.verb:set package 'spotarm_servo_gamepad' build argument 'cmake_target_skip_unavailable' from command line to 'False'
[0.919s] Level 5:colcon.colcon_core.verb:set package 'spotarm_servo_gamepad' build argument 'cmake_clean_cache' from command line to 'False'
[0.919s] Level 5:colcon.colcon_core.verb:set package 'spotarm_servo_gamepad' build argument 'cmake_clean_first' from command line to 'False'
[0.919s] Level 5:colcon.colcon_core.verb:set package 'spotarm_servo_gamepad' build argument 'cmake_force_configure' from command line to 'False'
[0.919s] Level 5:colcon.colcon_core.verb:set package 'spotarm_servo_gamepad' build argument 'ament_cmake_args' from command line to 'None'
[0.919s] Level 5:colcon.colcon_core.verb:set package 'spotarm_servo_gamepad' build argument 'catkin_cmake_args' from command line to 'None'
[0.919s] Level 5:colcon.colcon_core.verb:set package 'spotarm_servo_gamepad' build argument 'catkin_skip_building_tests' from command line to 'False'
[0.919s] DEBUG:colcon.colcon_core.verb:Building package 'spotarm_servo_gamepad' with the following arguments: {'ament_cmake_args': None, 'build_base': '/home/msd/MSD2/REV4/build/spotarm_servo_gamepad', 'catkin_cmake_args': None, 'catkin_skip_building_tests': False, 'cmake_args': None, 'cmake_clean_cache': False, 'cmake_clean_first': False, 'cmake_force_configure': False, 'cmake_target': None, 'cmake_target_skip_unavailable': False, 'install_base': '/home/msd/MSD2/REV4/install/spotarm_servo_gamepad', 'merge_install': False, 'path': '/home/msd/MSD2/REV4/src/spotarm_servo_gamepad', 'symlink_install': True, 'test_result_base': None}
[0.919s] INFO:colcon.colcon_core.executor:Executing jobs using 'parallel' executor
[0.921s] DEBUG:colcon.colcon_parallel_executor.executor.parallel:run_until_complete
[0.922s] INFO:colcon.colcon_ros.task.ament_python.build:Building ROS package in '/home/msd/MSD2/REV4/src/spotarm_assembly_description' with build type 'ament_python'
[0.923s] Level 1:colcon.colcon_core.shell:create_environment_hook('spotarm_assembly_description', 'ament_prefix_path')
[0.928s] INFO:colcon.colcon_core.plugin_system:Skipping extension 'colcon_core.shell.bat': Not used on non-Windows systems
[0.929s] INFO:colcon.colcon_core.shell:Creating environment hook '/home/msd/MSD2/REV4/install/spotarm_assembly_description/share/spotarm_assembly_description/hook/ament_prefix_path.ps1'
[0.929s] INFO:colcon.colcon_core.shell:Creating environment descriptor '/home/msd/MSD2/REV4/install/spotarm_assembly_description/share/spotarm_assembly_description/hook/ament_prefix_path.dsv'
[0.930s] INFO:colcon.colcon_core.shell:Creating environment hook '/home/msd/MSD2/REV4/install/spotarm_assembly_description/share/spotarm_assembly_description/hook/ament_prefix_path.sh'
[0.930s] INFO:colcon.colcon_core.shell:Skip shell extension 'powershell' for command environment: Not usable outside of PowerShell
[0.930s] DEBUG:colcon.colcon_core.shell:Skip shell extension 'dsv' for command environment
[0.933s] INFO:colcon.colcon_ros.task.ament_cmake.build:Building ROS package in '/home/msd/MSD2/REV4/src/my_robot' with build type 'ament_cmake'
[0.933s] INFO:colcon.colcon_cmake.task.cmake.build:Building CMake package in '/home/msd/MSD2/REV4/src/my_robot'
[0.934s] INFO:colcon.colcon_core.shell:Skip shell extension 'powershell' for command environment: Not usable outside of PowerShell
[0.934s] DEBUG:colcon.colcon_core.shell:Skip shell extension 'dsv' for command environment
[0.936s] INFO:colcon.colcon_ros.task.ament_cmake.build:Building ROS package in '/home/msd/MSD2/REV4/src/marge' with build type 'ament_cmake'
[0.936s] INFO:colcon.colcon_cmake.task.cmake.build:Building CMake package in '/home/msd/MSD2/REV4/src/marge'
[0.937s] INFO:colcon.colcon_core.shell:Skip shell extension 'powershell' for command environment: Not usable outside of PowerShell
[0.937s] DEBUG:colcon.colcon_core.shell:Skip shell extension 'dsv' for command environment
[0.940s] INFO:colcon.colcon_ros.task.ament_cmake.build:Building ROS package in '/home/msd/MSD2/REV4/src/robot_commander' with build type 'ament_cmake'
[0.941s] INFO:colcon.colcon_cmake.task.cmake.build:Building CMake package in '/home/msd/MSD2/REV4/src/robot_commander'
[0.941s] INFO:colcon.colcon_core.shell:Skip shell extension 'powershell' for command environment: Not usable outside of PowerShell
[0.941s] DEBUG:colcon.colcon_core.shell:Skip shell extension 'dsv' for command environment
[0.945s] INFO:colcon.colcon_ros.task.ament_cmake.build:Building ROS package in '/home/msd/MSD2/REV4/src/robot_hardware' with build type 'ament_cmake'
[0.945s] INFO:colcon.colcon_cmake.task.cmake.build:Building CMake package in '/home/msd/MSD2/REV4/src/robot_hardware'
[0.945s] INFO:colcon.colcon_core.shell:Skip shell extension 'powershell' for command environment: Not usable outside of PowerShell
[0.945s] DEBUG:colcon.colcon_core.shell:Skip shell extension 'dsv' for command environment
[0.949s] INFO:colcon.colcon_ros.task.ament_cmake.build:Building ROS package in '/home/msd/MSD2/REV4/src/robot_servoing' with build type 'ament_cmake'
[0.949s] INFO:colcon.colcon_cmake.task.cmake.build:Building CMake package in '/home/msd/MSD2/REV4/src/robot_servoing'
[0.950s] INFO:colcon.colcon_core.shell:Skip shell extension 'powershell' for command environment: Not usable outside of PowerShell
[0.950s] DEBUG:colcon.colcon_core.shell:Skip shell extension 'dsv' for command environment
[0.960s] INFO:colcon.colcon_ros.task.ament_python.build:Building ROS package in '/home/msd/MSD2/REV4/src/robot_status_leds' with build type 'ament_python'
[0.961s] Level 1:colcon.colcon_core.shell:create_environment_hook('robot_status_leds', 'ament_prefix_path')
[0.961s] INFO:colcon.colcon_core.shell:Creating environment hook '/home/msd/MSD2/REV4/install/robot_status_leds/share/robot_status_leds/hook/ament_prefix_path.ps1'
[0.964s] INFO:colcon.colcon_core.shell:Creating environment descriptor '/home/msd/MSD2/REV4/install/robot_status_leds/share/robot_status_leds/hook/ament_prefix_path.dsv'
[0.966s] INFO:colcon.colcon_core.shell:Creating environment hook '/home/msd/MSD2/REV4/install/robot_status_leds/share/robot_status_leds/hook/ament_prefix_path.sh'
[0.966s] INFO:colcon.colcon_core.shell:Skip shell extension 'powershell' for command environment: Not usable outside of PowerShell
[0.966s] DEBUG:colcon.colcon_core.shell:Skip shell extension 'dsv' for command environment
[0.972s] INFO:colcon.colcon_core.task.python.build:Building Python package in '/home/msd/MSD2/REV4/src/spotarm_gamepad'
[0.972s] INFO:colcon.colcon_core.shell:Skip shell extension 'powershell' for command environment: Not usable outside of PowerShell
[0.972s] DEBUG:colcon.colcon_core.shell:Skip shell extension 'dsv' for command environment
[1.404s] INFO:colcon.colcon_core.task.python.build:Building Python package in '/home/msd/MSD2/REV4/src/spotarm_assembly_description'
[1.405s] INFO:colcon.colcon_core.shell:Skip shell extension 'powershell' for command environment: Not usable outside of PowerShell
[1.406s] DEBUG:colcon.colcon_core.shell:Skip shell extension 'dsv' for command environment
[1.418s] DEBUG:colcon.colcon_core.event_handler.log_command:Invoking command in '/home/msd/MSD2/REV4/build/my_robot': CMAKE_PREFIX_PATH=/opt/ros/humble /usr/bin/cmake /home/msd/MSD2/REV4/src/my_robot -DAMENT_CMAKE_SYMLINK_INSTALL=1 -DCMAKE_INSTALL_PREFIX=/home/msd/MSD2/REV4/install/my_robot
[1.421s] DEBUG:colcon.colcon_core.event_handler.log_command:Invoking command in '/home/msd/MSD2/REV4/build/marge': CMAKE_PREFIX_PATH=/opt/ros/humble /usr/bin/cmake /home/msd/MSD2/REV4/src/marge -DAMENT_CMAKE_SYMLINK_INSTALL=1 -DCMAKE_INSTALL_PREFIX=/home/msd/MSD2/REV4/install/marge
[1.429s] DEBUG:colcon.colcon_core.event_handler.log_command:Invoking command in '/home/msd/MSD2/REV4/build/robot_commander': CMAKE_PREFIX_PATH=/opt/ros/humble /usr/bin/cmake --build /home/msd/MSD2/REV4/build/robot_commander -- -j8 -l8
[1.439s] DEBUG:colcon.colcon_core.event_handler.log_command:Invoking command in '/home/msd/MSD2/REV4/build/robot_hardware': CMAKE_PREFIX_PATH=/opt/ros/humble /usr/bin/cmake --build /home/msd/MSD2/REV4/build/robot_hardware -- -j8 -l8
[1.442s] DEBUG:colcon.colcon_core.event_handler.log_command:Invoking command in '/home/msd/MSD2/REV4/build/robot_servoing': CMAKE_PREFIX_PATH=/opt/ros/humble /usr/bin/cmake /home/msd/MSD2/REV4/src/robot_servoing -DAMENT_CMAKE_SYMLINK_INSTALL=1 -DCMAKE_INSTALL_PREFIX=/home/msd/MSD2/REV4/install/robot_servoing
[2.212s] INFO:colcon.colcon_core.task.python.build:Building Python package in '/home/msd/MSD2/REV4/src/robot_status_leds'
[2.213s] INFO:colcon.colcon_core.shell:Skip shell extension 'powershell' for command environment: Not usable outside of PowerShell
[2.213s] DEBUG:colcon.colcon_core.shell:Skip shell extension 'dsv' for command environment
[2.710s] DEBUG:colcon.colcon_core.event_handler.log_command:Invoked command in '/home/msd/MSD2/REV4/build/robot_hardware' returned '0': CMAKE_PREFIX_PATH=/opt/ros/humble /usr/bin/cmake --build /home/msd/MSD2/REV4/build/robot_hardware -- -j8 -l8
[2.723s] DEBUG:colcon.colcon_core.event_handler.log_command:Invoking command in '/home/msd/MSD2/REV4/build/robot_hardware': CMAKE_PREFIX_PATH=/opt/ros/humble /usr/bin/cmake --install /home/msd/MSD2/REV4/build/robot_hardware
[2.730s] DEBUG:colcon.colcon_core.event_handler.log_command:Invoked command in '/home/msd/MSD2/REV4/build/my_robot' returned '0': CMAKE_PREFIX_PATH=/opt/ros/humble /usr/bin/cmake /home/msd/MSD2/REV4/src/my_robot -DAMENT_CMAKE_SYMLINK_INSTALL=1 -DCMAKE_INSTALL_PREFIX=/home/msd/MSD2/REV4/install/my_robot
[2.733s] DEBUG:colcon.colcon_core.event_handler.log_command:Invoking command in '/home/msd/MSD2/REV4/build/my_robot': CMAKE_PREFIX_PATH=/opt/ros/humble /usr/bin/cmake --build /home/msd/MSD2/REV4/build/my_robot -- -j8 -l8
[2.743s] DEBUG:colcon.colcon_core.event_handler.log_command:Invoked command in '/home/msd/MSD2/REV4/build/marge' returned '0': CMAKE_PREFIX_PATH=/opt/ros/humble /usr/bin/cmake /home/msd/MSD2/REV4/src/marge -DAMENT_CMAKE_SYMLINK_INSTALL=1 -DCMAKE_INSTALL_PREFIX=/home/msd/MSD2/REV4/install/marge
[2.744s] DEBUG:colcon.colcon_core.event_handler.log_command:Invoking command in '/home/msd/MSD2/REV4/build/marge': CMAKE_PREFIX_PATH=/opt/ros/humble /usr/bin/cmake --build /home/msd/MSD2/REV4/build/marge -- -j8 -l8
[2.815s] Level 1:colcon.colcon_core.environment:create_environment_scripts_only(robot_hardware)
[2.821s] DEBUG:colcon.colcon_core.event_handler.log_command:Invoked command in '/home/msd/MSD2/REV4/build/robot_hardware' returned '0': CMAKE_PREFIX_PATH=/opt/ros/humble /usr/bin/cmake --install /home/msd/MSD2/REV4/build/robot_hardware
[2.825s] Level 1:colcon.colcon_core.environment:checking '/home/msd/MSD2/REV4/install/robot_hardware' for CMake module files
[2.827s] Level 1:colcon.colcon_core.environment:checking '/home/msd/MSD2/REV4/install/robot_hardware' for CMake config files
[2.828s] Level 1:colcon.colcon_core.shell:create_environment_hook('robot_hardware', 'cmake_prefix_path')
[2.828s] INFO:colcon.colcon_core.shell:Creating environment hook '/home/msd/MSD2/REV4/install/robot_hardware/share/robot_hardware/hook/cmake_prefix_path.ps1'
[2.830s] INFO:colcon.colcon_core.shell:Creating environment descriptor '/home/msd/MSD2/REV4/install/robot_hardware/share/robot_hardware/hook/cmake_prefix_path.dsv'
[2.832s] INFO:colcon.colcon_core.shell:Creating environment hook '/home/msd/MSD2/REV4/install/robot_hardware/share/robot_hardware/hook/cmake_prefix_path.sh'
[2.836s] Level 1:colcon.colcon_core.environment:checking '/home/msd/MSD2/REV4/install/robot_hardware/lib'
[2.836s] Level 1:colcon.colcon_core.shell:create_environment_hook('robot_hardware', 'ld_library_path_lib')
[2.837s] INFO:colcon.colcon_core.shell:Creating environment hook '/home/msd/MSD2/REV4/install/robot_hardware/share/robot_hardware/hook/ld_library_path_lib.ps1'
[2.839s] INFO:colcon.colcon_core.shell:Creating environment descriptor '/home/msd/MSD2/REV4/install/robot_hardware/share/robot_hardware/hook/ld_library_path_lib.dsv'
[2.840s] INFO:colcon.colcon_core.shell:Creating environment hook '/home/msd/MSD2/REV4/install/robot_hardware/share/robot_hardware/hook/ld_library_path_lib.sh'
[2.843s] Level 1:colcon.colcon_core.environment:checking '/home/msd/MSD2/REV4/install/robot_hardware/bin'
[2.843s] Level 1:colcon.colcon_core.environment:checking '/home/msd/MSD2/REV4/install/robot_hardware/lib/pkgconfig/robot_hardware.pc'
[2.844s] Level 1:colcon.colcon_core.environment:checking '/home/msd/MSD2/REV4/install/robot_hardware/lib/python3.10/site-packages'
[2.845s] Level 1:colcon.colcon_core.environment:checking '/home/msd/MSD2/REV4/install/robot_hardware/bin'
[2.846s] INFO:colcon.colcon_core.shell:Creating package script '/home/msd/MSD2/REV4/install/robot_hardware/share/robot_hardware/package.ps1'
[2.851s] INFO:colcon.colcon_core.shell:Creating package descriptor '/home/msd/MSD2/REV4/install/robot_hardware/share/robot_hardware/package.dsv'
[2.853s] INFO:colcon.colcon_core.shell:Creating package script '/home/msd/MSD2/REV4/install/robot_hardware/share/robot_hardware/package.sh'
[2.855s] INFO:colcon.colcon_core.shell:Creating package script '/home/msd/MSD2/REV4/install/robot_hardware/share/robot_hardware/package.bash'
[2.858s] INFO:colcon.colcon_core.shell:Creating package script '/home/msd/MSD2/REV4/install/robot_hardware/share/robot_hardware/package.zsh'
[2.862s] Level 1:colcon.colcon_core.environment:create_file_with_runtime_dependencies(/home/msd/MSD2/REV4/install/robot_hardware/share/colcon-core/packages/robot_hardware)
[2.865s] Level 1:colcon.colcon_core.environment:create_environment_scripts_only(robot_hardware)
[2.865s] Level 1:colcon.colcon_core.environment:checking '/home/msd/MSD2/REV4/install/robot_hardware' for CMake module files
[2.867s] Level 1:colcon.colcon_core.environment:checking '/home/msd/MSD2/REV4/install/robot_hardware' for CMake config files
[2.872s] Level 1:colcon.colcon_core.shell:create_environment_hook('robot_hardware', 'cmake_prefix_path')
[2.872s] INFO:colcon.colcon_core.shell:Creating environment hook '/home/msd/MSD2/REV4/install/robot_hardware/share/robot_hardware/hook/cmake_prefix_path.ps1'
[2.874s] INFO:colcon.colcon_core.shell:Creating environment descriptor '/home/msd/MSD2/REV4/install/robot_hardware/share/robot_hardware/hook/cmake_prefix_path.dsv'
[2.878s] INFO:colcon.colcon_core.shell:Creating environment hook '/home/msd/MSD2/REV4/install/robot_hardware/share/robot_hardware/hook/cmake_prefix_path.sh'
[2.884s] Level 1:colcon.colcon_core.environment:checking '/home/msd/MSD2/REV4/install/robot_hardware/lib'
[2.884s] Level 1:colcon.colcon_core.shell:create_environment_hook('robot_hardware', 'ld_library_path_lib')
[2.886s] INFO:colcon.colcon_core.shell:Creating environment hook '/home/msd/MSD2/REV4/install/robot_hardware/share/robot_hardware/hook/ld_library_path_lib.ps1'
[2.890s] INFO:colcon.colcon_core.shell:Creating environment descriptor '/home/msd/MSD2/REV4/install/robot_hardware/share/robot_hardware/hook/ld_library_path_lib.dsv'
[2.893s] INFO:colcon.colcon_core.shell:Creating environment hook '/home/msd/MSD2/REV4/install/robot_hardware/share/robot_hardware/hook/ld_library_path_lib.sh'
[2.895s] Level 1:colcon.colcon_core.environment:checking '/home/msd/MSD2/REV4/install/robot_hardware/bin'
[2.896s] Level 1:colcon.colcon_core.environment:checking '/home/msd/MSD2/REV4/install/robot_hardware/lib/pkgconfig/robot_hardware.pc'
[2.896s] Level 1:colcon.colcon_core.environment:checking '/home/msd/MSD2/REV4/install/robot_hardware/lib/python3.10/site-packages'
[2.897s] Level 1:colcon.colcon_core.environment:checking '/home/msd/MSD2/REV4/install/robot_hardware/bin'
[2.899s] INFO:colcon.colcon_core.shell:Creating package script '/home/msd/MSD2/REV4/install/robot_hardware/share/robot_hardware/package.ps1'
[2.904s] INFO:colcon.colcon_core.shell:Creating package descriptor '/home/msd/MSD2/REV4/install/robot_hardware/share/robot_hardware/package.dsv'
[2.906s] INFO:colcon.colcon_core.shell:Creating package script '/home/msd/MSD2/REV4/install/robot_hardware/share/robot_hardware/package.sh'
[2.907s] INFO:colcon.colcon_core.shell:Creating package script '/home/msd/MSD2/REV4/install/robot_hardware/share/robot_hardware/package.bash'
[2.910s] INFO:colcon.colcon_core.shell:Creating package script '/home/msd/MSD2/REV4/install/robot_hardware/share/robot_hardware/package.zsh'
[2.912s] Level 1:colcon.colcon_core.environment:create_file_with_runtime_dependencies(/home/msd/MSD2/REV4/install/robot_hardware/share/colcon-core/packages/robot_hardware)
[2.914s] INFO:colcon.colcon_ros.task.ament_cmake.build:Building ROS package in '/home/msd/MSD2/REV4/src/stepper_test' with build type 'ament_cmake'
[2.917s] INFO:colcon.colcon_cmake.task.cmake.build:Building CMake package in '/home/msd/MSD2/REV4/src/stepper_test'
[2.919s] INFO:colcon.colcon_core.shell:Skip shell extension 'powershell' for command environment: Not usable outside of PowerShell
[2.919s] DEBUG:colcon.colcon_core.shell:Skip shell extension 'dsv' for command environment
[2.943s] DEBUG:colcon.colcon_core.event_handler.log_command:Invoked command in '/home/msd/MSD2/REV4/build/my_robot' returned '0': CMAKE_PREFIX_PATH=/opt/ros/humble /usr/bin/cmake --build /home/msd/MSD2/REV4/build/my_robot -- -j8 -l8
[2.950s] DEBUG:colcon.colcon_core.event_handler.log_command:Invoking command in '/home/msd/MSD2/REV4/build/my_robot': CMAKE_PREFIX_PATH=/opt/ros/humble /usr/bin/cmake --install /home/msd/MSD2/REV4/build/my_robot
[2.977s] DEBUG:colcon.colcon_core.event_handler.log_command:Invoking command in '/home/msd/MSD2/REV4/build/stepper_test': CMAKE_PREFIX_PATH=/opt/ros/humble /usr/bin/cmake /home/msd/MSD2/REV4/src/stepper_test -DAMENT_CMAKE_SYMLINK_INSTALL=1 -DCMAKE_INSTALL_PREFIX=/home/msd/MSD2/REV4/install/stepper_test
[3.469s] DEBUG:colcon.colcon_core.event_handler.log_command:Invoked command in '/home/msd/MSD2/REV4/build/marge' returned '0': CMAKE_PREFIX_PATH=/opt/ros/humble /usr/bin/cmake --build /home/msd/MSD2/REV4/build/marge -- -j8 -l8
[3.470s] DEBUG:colcon.colcon_core.event_handler.log_command:Invoking command in '/home/msd/MSD2/REV4/build/marge': CMAKE_PREFIX_PATH=/opt/ros/humble /usr/bin/cmake --install /home/msd/MSD2/REV4/build/marge
[3.471s] Level 1:colcon.colcon_core.environment:create_environment_scripts_only(my_robot)
[3.472s] Level 1:colcon.colcon_core.environment:checking '/home/msd/MSD2/REV4/install/my_robot' for CMake module files
[3.477s] Level 1:colcon.colcon_core.environment:checking '/home/msd/MSD2/REV4/install/my_robot' for CMake config files
[3.477s] Level 1:colcon.colcon_core.shell:create_environment_hook('my_robot', 'cmake_prefix_path')
[3.478s] INFO:colcon.colcon_core.shell:Creating environment hook '/home/msd/MSD2/REV4/install/my_robot/share/my_robot/hook/cmake_prefix_path.ps1'
[3.484s] DEBUG:colcon.colcon_core.event_handler.log_command:Invoked command in '/home/msd/MSD2/REV4/build/my_robot' returned '0': CMAKE_PREFIX_PATH=/opt/ros/humble /usr/bin/cmake --install /home/msd/MSD2/REV4/build/my_robot
[3.486s] INFO:colcon.colcon_core.shell:Creating environment descriptor '/home/msd/MSD2/REV4/install/my_robot/share/my_robot/hook/cmake_prefix_path.dsv'
[3.493s] INFO:colcon.colcon_core.shell:Creating environment hook '/home/msd/MSD2/REV4/install/my_robot/share/my_robot/hook/cmake_prefix_path.sh'
[3.500s] Level 1:colcon.colcon_core.environment:checking '/home/msd/MSD2/REV4/install/my_robot/bin'
[3.500s] Level 1:colcon.colcon_core.environment:checking '/home/msd/MSD2/REV4/install/my_robot/lib/pkgconfig/my_robot.pc'
[3.501s] Level 1:colcon.colcon_core.environment:checking '/home/msd/MSD2/REV4/install/my_robot/lib/python3.10/site-packages'
[3.502s] Level 1:colcon.colcon_core.environment:checking '/home/msd/MSD2/REV4/install/my_robot/bin'
[3.506s] INFO:colcon.colcon_core.shell:Creating package script '/home/msd/MSD2/REV4/install/my_robot/share/my_robot/package.ps1'
[3.507s] INFO:colcon.colcon_core.shell:Creating package descriptor '/home/msd/MSD2/REV4/install/my_robot/share/my_robot/package.dsv'
[3.508s] INFO:colcon.colcon_core.shell:Creating package script '/home/msd/MSD2/REV4/install/my_robot/share/my_robot/package.sh'
[3.512s] INFO:colcon.colcon_core.shell:Creating package script '/home/msd/MSD2/REV4/install/my_robot/share/my_robot/package.bash'
[3.518s] INFO:colcon.colcon_core.shell:Creating package script '/home/msd/MSD2/REV4/install/my_robot/share/my_robot/package.zsh'
[3.518s] Level 1:colcon.colcon_core.environment:create_file_with_runtime_dependencies(/home/msd/MSD2/REV4/install/my_robot/share/colcon-core/packages/my_robot)
[3.520s] Level 1:colcon.colcon_core.environment:create_environment_scripts_only(my_robot)
[3.520s] Level 1:colcon.colcon_core.environment:checking '/home/msd/MSD2/REV4/install/my_robot' for CMake module files
[3.521s] Level 1:colcon.colcon_core.environment:checking '/home/msd/MSD2/REV4/install/my_robot' for CMake config files
[3.521s] Level 1:colcon.colcon_core.shell:create_environment_hook('my_robot', 'cmake_prefix_path')
[3.522s] INFO:colcon.colcon_core.shell:Creating environment hook '/home/msd/MSD2/REV4/install/my_robot/share/my_robot/hook/cmake_prefix_path.ps1'
[3.527s] INFO:colcon.colcon_core.shell:Creating environment descriptor '/home/msd/MSD2/REV4/install/my_robot/share/my_robot/hook/cmake_prefix_path.dsv'
[3.527s] INFO:colcon.colcon_core.shell:Creating environment hook '/home/msd/MSD2/REV4/install/my_robot/share/my_robot/hook/cmake_prefix_path.sh'
[3.528s] Level 1:colcon.colcon_core.environment:checking '/home/msd/MSD2/REV4/install/my_robot/bin'
[3.529s] Level 1:colcon.colcon_core.environment:checking '/home/msd/MSD2/REV4/install/my_robot/lib/pkgconfig/my_robot.pc'
[3.533s] Level 1:colcon.colcon_core.environment:checking '/home/msd/MSD2/REV4/install/my_robot/lib/python3.10/site-packages'
[3.535s] Level 1:colcon.colcon_core.environment:checking '/home/msd/MSD2/REV4/install/my_robot/bin'
[3.539s] INFO:colcon.colcon_core.shell:Creating package script '/home/msd/MSD2/REV4/install/my_robot/share/my_robot/package.ps1'
[3.541s] INFO:colcon.colcon_core.shell:Creating package descriptor '/home/msd/MSD2/REV4/install/my_robot/share/my_robot/package.dsv'
[3.546s] INFO:colcon.colcon_core.shell:Creating package script '/home/msd/MSD2/REV4/install/my_robot/share/my_robot/package.sh'
[3.551s] INFO:colcon.colcon_core.shell:Creating package script '/home/msd/MSD2/REV4/install/my_robot/share/my_robot/package.bash'
[3.552s] INFO:colcon.colcon_core.shell:Creating package script '/home/msd/MSD2/REV4/install/my_robot/share/my_robot/package.zsh'
[3.557s] Level 1:colcon.colcon_core.environment:create_file_with_runtime_dependencies(/home/msd/MSD2/REV4/install/my_robot/share/colcon-core/packages/my_robot)
[3.558s] INFO:colcon.colcon_ros.task.ament_cmake.build:Building ROS package in '/home/msd/MSD2/REV4/src/gear_manipulator_moveit_config' with build type 'ament_cmake'
[3.562s] INFO:colcon.colcon_cmake.task.cmake.build:Building CMake package in '/home/msd/MSD2/REV4/src/gear_manipulator_moveit_config'
[3.563s] INFO:colcon.colcon_core.shell:Skip shell extension 'powershell' for command environment: Not usable outside of PowerShell
[3.563s] DEBUG:colcon.colcon_core.shell:Skip shell extension 'dsv' for command environment
[3.612s] DEBUG:colcon.colcon_core.event_handler.log_command:Invoking command in '/home/msd/MSD2/REV4/build/gear_manipulator_moveit_config': AMENT_PREFIX_PATH=/home/msd/MSD2/REV4/install/my_robot:${AMENT_PREFIX_PATH} CMAKE_PREFIX_PATH=/home/msd/MSD2/REV4/install/my_robot:/opt/ros/humble /usr/bin/cmake /home/msd/MSD2/REV4/src/gear_manipulator_moveit_config -DAMENT_CMAKE_SYMLINK_INSTALL=1 -DCMAKE_INSTALL_PREFIX=/home/msd/MSD2/REV4/install/gear_manipulator_moveit_config
[4.102s] DEBUG:colcon.colcon_core.event_handler.log_command:Invoking command in '/home/msd/MSD2/REV4/build/spotarm_gamepad': PYTHONPATH=/home/msd/MSD2/REV4/build/spotarm_gamepad/prefix_override:/usr/lib/python3/dist-packages/colcon_core/task/python/colcon_distutils_commands:/home/msd/MSD2/REV4/install/spotarm_gamepad/lib/python3.10/site-packages:${PYTHONPATH} /usr/bin/python3 -W ignore:setup.py install is deprecated -W ignore:easy_install command is deprecated setup.py develop --editable --build-directory /home/msd/MSD2/REV4/build/spotarm_gamepad/build --no-deps symlink_data
[4.114s] Level 1:colcon.colcon_core.environment:create_environment_scripts_only(marge)
[4.115s] Level 1:colcon.colcon_core.environment:checking '/home/msd/MSD2/REV4/install/marge' for CMake module files
[4.121s] DEBUG:colcon.colcon_core.event_handler.log_command:Invoked command in '/home/msd/MSD2/REV4/build/marge' returned '0': CMAKE_PREFIX_PATH=/opt/ros/humble /usr/bin/cmake --install /home/msd/MSD2/REV4/build/marge
[4.121s] Level 1:colcon.colcon_core.environment:checking '/home/msd/MSD2/REV4/install/marge' for CMake config files
[4.123s] Level 1:colcon.colcon_core.shell:create_environment_hook('marge', 'cmake_prefix_path')
[4.123s] INFO:colcon.colcon_core.shell:Creating environment hook '/home/msd/MSD2/REV4/install/marge/share/marge/hook/cmake_prefix_path.ps1'
[4.132s] INFO:colcon.colcon_core.shell:Creating environment descriptor '/home/msd/MSD2/REV4/install/marge/share/marge/hook/cmake_prefix_path.dsv'
[4.135s] INFO:colcon.colcon_core.shell:Creating environment hook '/home/msd/MSD2/REV4/install/marge/share/marge/hook/cmake_prefix_path.sh'
[4.140s] Level 1:colcon.colcon_core.environment:checking '/home/msd/MSD2/REV4/install/marge/lib'
[4.140s] Level 1:colcon.colcon_core.shell:create_environment_hook('marge', 'ld_library_path_lib')
[4.141s] INFO:colcon.colcon_core.shell:Creating environment hook '/home/msd/MSD2/REV4/install/marge/share/marge/hook/ld_library_path_lib.ps1'
[4.143s] INFO:colcon.colcon_core.shell:Creating environment descriptor '/home/msd/MSD2/REV4/install/marge/share/marge/hook/ld_library_path_lib.dsv'
[4.148s] INFO:colcon.colcon_core.shell:Creating environment hook '/home/msd/MSD2/REV4/install/marge/share/marge/hook/ld_library_path_lib.sh'
[4.149s] Level 1:colcon.colcon_core.environment:checking '/home/msd/MSD2/REV4/install/marge/bin'
[4.149s] Level 1:colcon.colcon_core.environment:checking '/home/msd/MSD2/REV4/install/marge/lib/pkgconfig/marge.pc'
[4.150s] Level 1:colcon.colcon_core.environment:checking '/home/msd/MSD2/REV4/install/marge/lib/python3.10/site-packages'
[4.153s] Level 1:colcon.colcon_core.environment:checking '/home/msd/MSD2/REV4/install/marge/bin'
[4.159s] INFO:colcon.colcon_core.shell:Creating package script '/home/msd/MSD2/REV4/install/marge/share/marge/package.ps1'
[4.165s] INFO:colcon.colcon_core.shell:Creating package descriptor '/home/msd/MSD2/REV4/install/marge/share/marge/package.dsv'
[4.168s] INFO:colcon.colcon_core.shell:Creating package script '/home/msd/MSD2/REV4/install/marge/share/marge/package.sh'
[4.171s] INFO:colcon.colcon_core.shell:Creating package script '/home/msd/MSD2/REV4/install/marge/share/marge/package.bash'
[4.172s] INFO:colcon.colcon_core.shell:Creating package script '/home/msd/MSD2/REV4/install/marge/share/marge/package.zsh'
[4.174s] Level 1:colcon.colcon_core.environment:create_file_with_runtime_dependencies(/home/msd/MSD2/REV4/install/marge/share/colcon-core/packages/marge)
[4.175s] Level 1:colcon.colcon_core.environment:create_environment_scripts_only(marge)
[4.176s] Level 1:colcon.colcon_core.environment:checking '/home/msd/MSD2/REV4/install/marge' for CMake module files
[4.190s] Level 1:colcon.colcon_core.environment:checking '/home/msd/MSD2/REV4/install/marge' for CMake config files
[4.192s] Level 1:colcon.colcon_core.shell:create_environment_hook('marge', 'cmake_prefix_path')
[4.194s] INFO:colcon.colcon_core.shell:Creating environment hook '/home/msd/MSD2/REV4/install/marge/share/marge/hook/cmake_prefix_path.ps1'
[4.196s] INFO:colcon.colcon_core.shell:Creating environment descriptor '/home/msd/MSD2/REV4/install/marge/share/marge/hook/cmake_prefix_path.dsv'
[4.197s] INFO:colcon.colcon_core.shell:Creating environment hook '/home/msd/MSD2/REV4/install/marge/share/marge/hook/cmake_prefix_path.sh'
[4.199s] Level 1:colcon.colcon_core.environment:checking '/home/msd/MSD2/REV4/install/marge/lib'
[4.199s] Level 1:colcon.colcon_core.shell:create_environment_hook('marge', 'ld_library_path_lib')
[4.200s] INFO:colcon.colcon_core.shell:Creating environment hook '/home/msd/MSD2/REV4/install/marge/share/marge/hook/ld_library_path_lib.ps1'
[4.203s] INFO:colcon.colcon_core.shell:Creating environment descriptor '/home/msd/MSD2/REV4/install/marge/share/marge/hook/ld_library_path_lib.dsv'
[4.205s] INFO:colcon.colcon_core.shell:Creating environment hook '/home/msd/MSD2/REV4/install/marge/share/marge/hook/ld_library_path_lib.sh'
[4.206s] Level 1:colcon.colcon_core.environment:checking '/home/msd/MSD2/REV4/install/marge/bin'
[4.206s] Level 1:colcon.colcon_core.environment:checking '/home/msd/MSD2/REV4/install/marge/lib/pkgconfig/marge.pc'
[4.207s] Level 1:colcon.colcon_core.environment:checking '/home/msd/MSD2/REV4/install/marge/lib/python3.10/site-packages'
[4.208s] Level 1:colcon.colcon_core.environment:checking '/home/msd/MSD2/REV4/install/marge/bin'
[4.209s] INFO:colcon.colcon_core.shell:Creating package script '/home/msd/MSD2/REV4/install/marge/share/marge/package.ps1'
[4.212s] INFO:colcon.colcon_core.shell:Creating package descriptor '/home/msd/MSD2/REV4/install/marge/share/marge/package.dsv'
[4.213s] INFO:colcon.colcon_core.shell:Creating package script '/home/msd/MSD2/REV4/install/marge/share/marge/package.sh'
[4.215s] INFO:colcon.colcon_core.shell:Creating package script '/home/msd/MSD2/REV4/install/marge/share/marge/package.bash'
[4.217s] INFO:colcon.colcon_core.shell:Creating package script '/home/msd/MSD2/REV4/install/marge/share/marge/package.zsh'
[4.219s] Level 1:colcon.colcon_core.environment:create_file_with_runtime_dependencies(/home/msd/MSD2/REV4/install/marge/share/colcon-core/packages/marge)
[4.230s] DEBUG:colcon.colcon_core.event_handler.log_command:Invoking command in '/home/msd/MSD2/REV4/build/spotarm_assembly_description': PYTHONPATH=/home/msd/MSD2/REV4/build/spotarm_assembly_description/prefix_override:/usr/lib/python3/dist-packages/colcon_core/task/python/colcon_distutils_commands:/home/msd/MSD2/REV4/install/spotarm_assembly_description/lib/python3.10/site-packages:${PYTHONPATH} /usr/bin/python3 -W ignore:setup.py install is deprecated -W ignore:easy_install command is deprecated setup.py develop --editable --build-directory /home/msd/MSD2/REV4/build/spotarm_assembly_description/build --no-deps symlink_data
[4.231s] DEBUG:colcon.colcon_core.task.python.build:While undoing a previous installation files outside the Python library path are being ignored: /home/msd/MSD2/REV4/install/robot_status_leds/share/ament_index/resource_index/packages/robot_status_leds
[4.231s] DEBUG:colcon.colcon_core.task.python.build:While undoing a previous installation files outside the Python library path are being ignored: /home/msd/MSD2/REV4/install/robot_status_leds/share/robot_status_leds/package.xml
[4.232s] DEBUG:colcon.colcon_core.task.python.build:While undoing a previous installation files outside the Python library path are being ignored: /home/msd/MSD2/REV4/install/robot_status_leds/lib/robot_status_leds/led_state_node
[4.243s] DEBUG:colcon.colcon_core.event_handler.log_command:Invoking command in '/home/msd/MSD2/REV4/build/robot_status_leds': PYTHONPATH=/home/msd/MSD2/REV4/build/robot_status_leds/prefix_override:/usr/lib/python3/dist-packages/colcon_core/task/python/colcon_distutils_commands:/home/msd/MSD2/REV4/install/robot_status_leds/lib/python3.10/site-packages:${PYTHONPATH} /usr/bin/python3 -W ignore:setup.py install is deprecated -W ignore:easy_install command is deprecated setup.py develop --editable --build-directory /home/msd/MSD2/REV4/build/robot_status_leds/build --no-deps symlink_data --force
[4.463s] DEBUG:colcon.colcon_core.event_handler.log_command:Invoked command in '/home/msd/MSD2/REV4/build/gear_manipulator_moveit_config' returned '0': AMENT_PREFIX_PATH=/home/msd/MSD2/REV4/install/my_robot:${AMENT_PREFIX_PATH} CMAKE_PREFIX_PATH=/home/msd/MSD2/REV4/install/my_robot:/opt/ros/humble /usr/bin/cmake /home/msd/MSD2/REV4/src/gear_manipulator_moveit_config -DAMENT_CMAKE_SYMLINK_INSTALL=1 -DCMAKE_INSTALL_PREFIX=/home/msd/MSD2/REV4/install/gear_manipulator_moveit_config
[4.464s] DEBUG:colcon.colcon_core.event_handler.log_command:Invoking command in '/home/msd/MSD2/REV4/build/gear_manipulator_moveit_config': AMENT_PREFIX_PATH=/home/msd/MSD2/REV4/install/my_robot:${AMENT_PREFIX_PATH} CMAKE_PREFIX_PATH=/home/msd/MSD2/REV4/install/my_robot:/opt/ros/humble /usr/bin/cmake --build /home/msd/MSD2/REV4/build/gear_manipulator_moveit_config -- -j8 -l8
[4.512s] DEBUG:colcon.colcon_core.event_handler.log_command:Invoked command in '/home/msd/MSD2/REV4/build/robot_commander' returned '2': CMAKE_PREFIX_PATH=/opt/ros/humble /usr/bin/cmake --build /home/msd/MSD2/REV4/build/robot_commander -- -j8 -l8
[4.514s] Level 1:colcon.colcon_core.environment:create_environment_scripts_only(robot_commander)
[4.515s] Level 1:colcon.colcon_core.environment:checking '/home/msd/MSD2/REV4/install/robot_commander' for CMake module files
[4.520s] Level 1:colcon.colcon_core.environment:checking '/home/msd/MSD2/REV4/install/robot_commander' for CMake config files
[4.523s] Level 1:colcon.colcon_core.shell:create_environment_hook('robot_commander', 'cmake_prefix_path')
[4.523s] INFO:colcon.colcon_core.shell:Creating environment hook '/home/msd/MSD2/REV4/install/robot_commander/share/robot_commander/hook/cmake_prefix_path.ps1'
[4.528s] INFO:colcon.colcon_core.shell:Creating environment descriptor '/home/msd/MSD2/REV4/install/robot_commander/share/robot_commander/hook/cmake_prefix_path.dsv'
[4.530s] INFO:colcon.colcon_core.shell:Creating environment hook '/home/msd/MSD2/REV4/install/robot_commander/share/robot_commander/hook/cmake_prefix_path.sh'
[4.533s] Level 1:colcon.colcon_core.environment:checking '/home/msd/MSD2/REV4/install/robot_commander/lib'
[4.533s] Level 1:colcon.colcon_core.environment:checking '/home/msd/MSD2/REV4/install/robot_commander/bin'
[4.534s] Level 1:colcon.colcon_core.environment:checking '/home/msd/MSD2/REV4/install/robot_commander/lib/pkgconfig/robot_commander.pc'
[4.534s] Level 1:colcon.colcon_core.environment:checking '/home/msd/MSD2/REV4/install/robot_commander/lib/python3.10/site-packages'
[4.536s] Level 1:colcon.colcon_core.environment:checking '/home/msd/MSD2/REV4/install/robot_commander/bin'
[4.538s] INFO:colcon.colcon_core.shell:Creating package script '/home/msd/MSD2/REV4/install/robot_commander/share/robot_commander/package.ps1'
[4.542s] INFO:colcon.colcon_core.shell:Creating package descriptor '/home/msd/MSD2/REV4/install/robot_commander/share/robot_commander/package.dsv'
[4.543s] INFO:colcon.colcon_core.shell:Creating package script '/home/msd/MSD2/REV4/install/robot_commander/share/robot_commander/package.sh'
[4.544s] INFO:colcon.colcon_core.shell:Creating package script '/home/msd/MSD2/REV4/install/robot_commander/share/robot_commander/package.bash'
[4.545s] INFO:colcon.colcon_core.shell:Creating package script '/home/msd/MSD2/REV4/install/robot_commander/share/robot_commander/package.zsh'
[4.547s] Level 1:colcon.colcon_core.environment:create_file_with_runtime_dependencies(/home/msd/MSD2/REV4/install/robot_commander/share/colcon-core/packages/robot_commander)
[5.563s] DEBUG:colcon.colcon_parallel_executor.executor.parallel:closing loop
[5.564s] DEBUG:colcon.colcon_parallel_executor.executor.parallel:loop closed
[5.564s] DEBUG:colcon.colcon_parallel_executor.executor.parallel:run_until_complete finished with '2'
[5.565s] DEBUG:colcon.colcon_core.event_reactor:joining thread
[5.581s] INFO:colcon.colcon_core.plugin_system:Skipping extension 'colcon_notification.desktop_notification.terminal_notifier': Not used on non-Darwin systems
[5.581s] INFO:colcon.colcon_core.plugin_system:Skipping extension 'colcon_notification.desktop_notification.win32': Not used on non-Windows systems
[5.581s] INFO:colcon.colcon_notification.desktop_notification:Sending desktop notification using 'notify2'
[5.620s] DEBUG:colcon.colcon_core.event_reactor:joined thread
[5.621s] INFO:colcon.colcon_core.shell:Creating prefix script '/home/msd/MSD2/REV4/install/local_setup.ps1'
[5.623s] INFO:colcon.colcon_core.shell:Creating prefix util module '/home/msd/MSD2/REV4/install/_local_setup_util_ps1.py'
[5.626s] INFO:colcon.colcon_core.shell:Creating prefix chain script '/home/msd/MSD2/REV4/install/setup.ps1'
[5.630s] INFO:colcon.colcon_core.shell:Creating prefix script '/home/msd/MSD2/REV4/install/local_setup.sh'
[5.632s] INFO:colcon.colcon_core.shell:Creating prefix util module '/home/msd/MSD2/REV4/install/_local_setup_util_sh.py'
[5.636s] INFO:colcon.colcon_core.shell:Creating prefix chain script '/home/msd/MSD2/REV4/install/setup.sh'
[5.638s] INFO:colcon.colcon_core.shell:Creating prefix script '/home/msd/MSD2/REV4/install/local_setup.bash'
[5.639s] INFO:colcon.colcon_core.shell:Creating prefix chain script '/home/msd/MSD2/REV4/install/setup.bash'
[5.641s] INFO:colcon.colcon_core.shell:Creating prefix script '/home/msd/MSD2/REV4/install/local_setup.zsh'
[5.642s] INFO:colcon.colcon_core.shell:Creating prefix chain script '/home/msd/MSD2/REV4/install/setup.zsh'
=======
[0.148s] DEBUG:colcon:Command line arguments: ['/usr/bin/colcon', 'build', '--symlink-install']
[0.148s] DEBUG:colcon:Parsed command line arguments: Namespace(log_base=None, log_level=None, verb_name='build', build_base='build', install_base='install', merge_install=False, symlink_install=True, test_result_base=None, continue_on_error=False, executor='parallel', parallel_workers=8, event_handlers=None, ignore_user_meta=False, metas=['./colcon.meta'], base_paths=['.'], packages_ignore=None, packages_ignore_regex=None, paths=None, packages_up_to=None, packages_up_to_regex=None, packages_above=None, packages_above_and_dependencies=None, packages_above_depth=None, packages_select_by_dep=None, packages_skip_by_dep=None, packages_skip_up_to=None, packages_select_build_failed=False, packages_skip_build_finished=False, packages_select_test_failures=False, packages_skip_test_passed=False, packages_select=None, packages_skip=None, packages_select_regex=None, packages_skip_regex=None, packages_start=None, packages_end=None, allow_overriding=[], cmake_args=None, cmake_target=None, cmake_target_skip_unavailable=False, cmake_clean_cache=False, cmake_clean_first=False, cmake_force_configure=False, ament_cmake_args=None, catkin_cmake_args=None, catkin_skip_building_tests=False, verb_parser=<colcon_defaults.argument_parser.defaults.DefaultArgumentsDecorator object at 0x7f7780f1fd30>, verb_extension=<colcon_core.verb.build.BuildVerb object at 0x7f77810d5510>, main=<bound method BuildVerb.main of <colcon_core.verb.build.BuildVerb object at 0x7f77810d5510>>)
[0.397s] Level 1:colcon.colcon_core.package_discovery:discover_packages(colcon_meta) check parameters
[0.397s] Level 1:colcon.colcon_core.package_discovery:discover_packages(recursive) check parameters
[0.397s] Level 1:colcon.colcon_core.package_discovery:discover_packages(ignore) check parameters
[0.397s] Level 1:colcon.colcon_core.package_discovery:discover_packages(path) check parameters
[0.397s] Level 1:colcon.colcon_core.package_discovery:discover_packages(colcon_meta) discover
[0.397s] Level 1:colcon.colcon_core.package_discovery:discover_packages(recursive) discover
[0.397s] INFO:colcon.colcon_core.package_discovery:Crawling recursively for packages in '/home/msd/MSD2/REV4'
[0.397s] Level 1:colcon.colcon_core.package_identification:_identify(.) by extensions ['ignore', 'ignore_ament_install']
[0.397s] Level 1:colcon.colcon_core.package_identification:_identify(.) by extension 'ignore'
[0.397s] Level 1:colcon.colcon_core.package_identification:_identify(.) by extension 'ignore_ament_install'
[0.398s] Level 1:colcon.colcon_core.package_identification:_identify(.) by extensions ['colcon_pkg']
[0.398s] Level 1:colcon.colcon_core.package_identification:_identify(.) by extension 'colcon_pkg'
[0.398s] Level 1:colcon.colcon_core.package_identification:_identify(.) by extensions ['colcon_meta']
[0.398s] Level 1:colcon.colcon_core.package_identification:_identify(.) by extension 'colcon_meta'
[0.398s] Level 1:colcon.colcon_core.package_identification:_identify(.) by extensions ['ros']
[0.398s] Level 1:colcon.colcon_core.package_identification:_identify(.) by extension 'ros'
[0.418s] Level 1:colcon.colcon_core.package_identification:_identify(.) by extensions ['cmake', 'python']
[0.418s] Level 1:colcon.colcon_core.package_identification:_identify(.) by extension 'cmake'
[0.418s] Level 1:colcon.colcon_core.package_identification:_identify(.) by extension 'python'
[0.418s] Level 1:colcon.colcon_core.package_identification:_identify(.) by extensions ['python_setup_py']
[0.418s] Level 1:colcon.colcon_core.package_identification:_identify(.) by extension 'python_setup_py'
[0.419s] Level 1:colcon.colcon_core.package_identification:_identify(build) by extensions ['ignore', 'ignore_ament_install']
[0.419s] Level 1:colcon.colcon_core.package_identification:_identify(build) by extension 'ignore'
[0.419s] Level 1:colcon.colcon_core.package_identification:_identify(build) ignored
[0.419s] Level 1:colcon.colcon_core.package_identification:_identify(install) by extensions ['ignore', 'ignore_ament_install']
[0.419s] Level 1:colcon.colcon_core.package_identification:_identify(install) by extension 'ignore'
[0.419s] Level 1:colcon.colcon_core.package_identification:_identify(install) ignored
[0.419s] Level 1:colcon.colcon_core.package_identification:_identify(log) by extensions ['ignore', 'ignore_ament_install']
[0.419s] Level 1:colcon.colcon_core.package_identification:_identify(log) by extension 'ignore'
[0.419s] Level 1:colcon.colcon_core.package_identification:_identify(log) ignored
[0.419s] Level 1:colcon.colcon_core.package_identification:_identify(src) by extensions ['ignore', 'ignore_ament_install']
[0.419s] Level 1:colcon.colcon_core.package_identification:_identify(src) by extension 'ignore'
[0.420s] Level 1:colcon.colcon_core.package_identification:_identify(src) by extension 'ignore_ament_install'
[0.420s] Level 1:colcon.colcon_core.package_identification:_identify(src) by extensions ['colcon_pkg']
[0.420s] Level 1:colcon.colcon_core.package_identification:_identify(src) by extension 'colcon_pkg'
[0.420s] Level 1:colcon.colcon_core.package_identification:_identify(src) by extensions ['colcon_meta']
[0.420s] Level 1:colcon.colcon_core.package_identification:_identify(src) by extension 'colcon_meta'
[0.420s] Level 1:colcon.colcon_core.package_identification:_identify(src) by extensions ['ros']
[0.420s] Level 1:colcon.colcon_core.package_identification:_identify(src) by extension 'ros'
[0.420s] Level 1:colcon.colcon_core.package_identification:_identify(src) by extensions ['cmake', 'python']
[0.420s] Level 1:colcon.colcon_core.package_identification:_identify(src) by extension 'cmake'
[0.420s] Level 1:colcon.colcon_core.package_identification:_identify(src) by extension 'python'
[0.420s] Level 1:colcon.colcon_core.package_identification:_identify(src) by extensions ['python_setup_py']
[0.420s] Level 1:colcon.colcon_core.package_identification:_identify(src) by extension 'python_setup_py'
[0.420s] Level 1:colcon.colcon_core.package_identification:_identify(src/build) by extensions ['ignore', 'ignore_ament_install']
[0.420s] Level 1:colcon.colcon_core.package_identification:_identify(src/build) by extension 'ignore'
[0.420s] Level 1:colcon.colcon_core.package_identification:_identify(src/build) ignored
[0.420s] Level 1:colcon.colcon_core.package_identification:_identify(src/gear_manipulator_moveit_config) by extensions ['ignore', 'ignore_ament_install']
[0.420s] Level 1:colcon.colcon_core.package_identification:_identify(src/gear_manipulator_moveit_config) by extension 'ignore'
[0.420s] Level 1:colcon.colcon_core.package_identification:_identify(src/gear_manipulator_moveit_config) by extension 'ignore_ament_install'
[0.421s] Level 1:colcon.colcon_core.package_identification:_identify(src/gear_manipulator_moveit_config) by extensions ['colcon_pkg']
[0.421s] Level 1:colcon.colcon_core.package_identification:_identify(src/gear_manipulator_moveit_config) by extension 'colcon_pkg'
[0.421s] Level 1:colcon.colcon_core.package_identification:_identify(src/gear_manipulator_moveit_config) by extensions ['colcon_meta']
[0.421s] Level 1:colcon.colcon_core.package_identification:_identify(src/gear_manipulator_moveit_config) by extension 'colcon_meta'
[0.421s] Level 1:colcon.colcon_core.package_identification:_identify(src/gear_manipulator_moveit_config) by extensions ['ros']
[0.421s] Level 1:colcon.colcon_core.package_identification:_identify(src/gear_manipulator_moveit_config) by extension 'ros'
[0.424s] DEBUG:colcon.colcon_core.package_identification:Package 'src/gear_manipulator_moveit_config' with type 'ros.ament_cmake' and name 'gear_manipulator_moveit_config'
[0.424s] Level 1:colcon.colcon_core.package_identification:_identify(src/install) by extensions ['ignore', 'ignore_ament_install']
[0.424s] Level 1:colcon.colcon_core.package_identification:_identify(src/install) by extension 'ignore'
[0.424s] Level 1:colcon.colcon_core.package_identification:_identify(src/install) ignored
[0.424s] Level 1:colcon.colcon_core.package_identification:_identify(src/log) by extensions ['ignore', 'ignore_ament_install']
[0.424s] Level 1:colcon.colcon_core.package_identification:_identify(src/log) by extension 'ignore'
[0.424s] Level 1:colcon.colcon_core.package_identification:_identify(src/log) ignored
[0.424s] Level 1:colcon.colcon_core.package_identification:_identify(src/marge) by extensions ['ignore', 'ignore_ament_install']
[0.424s] Level 1:colcon.colcon_core.package_identification:_identify(src/marge) by extension 'ignore'
[0.424s] Level 1:colcon.colcon_core.package_identification:_identify(src/marge) by extension 'ignore_ament_install'
[0.424s] Level 1:colcon.colcon_core.package_identification:_identify(src/marge) by extensions ['colcon_pkg']
[0.424s] Level 1:colcon.colcon_core.package_identification:_identify(src/marge) by extension 'colcon_pkg'
[0.424s] Level 1:colcon.colcon_core.package_identification:_identify(src/marge) by extensions ['colcon_meta']
[0.424s] Level 1:colcon.colcon_core.package_identification:_identify(src/marge) by extension 'colcon_meta'
[0.425s] Level 1:colcon.colcon_core.package_identification:_identify(src/marge) by extensions ['ros']
[0.425s] Level 1:colcon.colcon_core.package_identification:_identify(src/marge) by extension 'ros'
[0.425s] DEBUG:colcon.colcon_core.package_identification:Package 'src/marge' with type 'ros.ament_cmake' and name 'marge'
[0.425s] Level 1:colcon.colcon_core.package_identification:_identify(src/my_robot) by extensions ['ignore', 'ignore_ament_install']
[0.425s] Level 1:colcon.colcon_core.package_identification:_identify(src/my_robot) by extension 'ignore'
[0.425s] Level 1:colcon.colcon_core.package_identification:_identify(src/my_robot) by extension 'ignore_ament_install'
[0.425s] Level 1:colcon.colcon_core.package_identification:_identify(src/my_robot) by extensions ['colcon_pkg']
[0.425s] Level 1:colcon.colcon_core.package_identification:_identify(src/my_robot) by extension 'colcon_pkg'
[0.426s] Level 1:colcon.colcon_core.package_identification:_identify(src/my_robot) by extensions ['colcon_meta']
[0.426s] Level 1:colcon.colcon_core.package_identification:_identify(src/my_robot) by extension 'colcon_meta'
[0.426s] Level 1:colcon.colcon_core.package_identification:_identify(src/my_robot) by extensions ['ros']
[0.426s] Level 1:colcon.colcon_core.package_identification:_identify(src/my_robot) by extension 'ros'
[0.426s] DEBUG:colcon.colcon_core.package_identification:Package 'src/my_robot' with type 'ros.ament_cmake' and name 'my_robot'
[0.426s] Level 1:colcon.colcon_core.package_identification:_identify(src/robot_bringup) by extensions ['ignore', 'ignore_ament_install']
[0.426s] Level 1:colcon.colcon_core.package_identification:_identify(src/robot_bringup) by extension 'ignore'
[0.426s] Level 1:colcon.colcon_core.package_identification:_identify(src/robot_bringup) by extension 'ignore_ament_install'
[0.426s] Level 1:colcon.colcon_core.package_identification:_identify(src/robot_bringup) by extensions ['colcon_pkg']
[0.426s] Level 1:colcon.colcon_core.package_identification:_identify(src/robot_bringup) by extension 'colcon_pkg'
[0.426s] Level 1:colcon.colcon_core.package_identification:_identify(src/robot_bringup) by extensions ['colcon_meta']
[0.427s] Level 1:colcon.colcon_core.package_identification:_identify(src/robot_bringup) by extension 'colcon_meta'
[0.427s] Level 1:colcon.colcon_core.package_identification:_identify(src/robot_bringup) by extensions ['ros']
[0.427s] Level 1:colcon.colcon_core.package_identification:_identify(src/robot_bringup) by extension 'ros'
[0.427s] DEBUG:colcon.colcon_core.package_identification:Package 'src/robot_bringup' with type 'ros.ament_cmake' and name 'robot_bringup'
[0.427s] Level 1:colcon.colcon_core.package_identification:_identify(src/robot_commander) by extensions ['ignore', 'ignore_ament_install']
[0.427s] Level 1:colcon.colcon_core.package_identification:_identify(src/robot_commander) by extension 'ignore'
[0.428s] Level 1:colcon.colcon_core.package_identification:_identify(src/robot_commander) by extension 'ignore_ament_install'
[0.428s] Level 1:colcon.colcon_core.package_identification:_identify(src/robot_commander) by extensions ['colcon_pkg']
[0.428s] Level 1:colcon.colcon_core.package_identification:_identify(src/robot_commander) by extension 'colcon_pkg'
[0.428s] Level 1:colcon.colcon_core.package_identification:_identify(src/robot_commander) by extensions ['colcon_meta']
[0.428s] Level 1:colcon.colcon_core.package_identification:_identify(src/robot_commander) by extension 'colcon_meta'
[0.428s] Level 1:colcon.colcon_core.package_identification:_identify(src/robot_commander) by extensions ['ros']
[0.428s] Level 1:colcon.colcon_core.package_identification:_identify(src/robot_commander) by extension 'ros'
[0.429s] DEBUG:colcon.colcon_core.package_identification:Package 'src/robot_commander' with type 'ros.ament_cmake' and name 'robot_commander'
[0.429s] Level 1:colcon.colcon_core.package_identification:_identify(src/robot_hardware) by extensions ['ignore', 'ignore_ament_install']
[0.429s] Level 1:colcon.colcon_core.package_identification:_identify(src/robot_hardware) by extension 'ignore'
[0.429s] Level 1:colcon.colcon_core.package_identification:_identify(src/robot_hardware) by extension 'ignore_ament_install'
[0.429s] Level 1:colcon.colcon_core.package_identification:_identify(src/robot_hardware) by extensions ['colcon_pkg']
[0.429s] Level 1:colcon.colcon_core.package_identification:_identify(src/robot_hardware) by extension 'colcon_pkg'
[0.429s] Level 1:colcon.colcon_core.package_identification:_identify(src/robot_hardware) by extensions ['colcon_meta']
[0.429s] Level 1:colcon.colcon_core.package_identification:_identify(src/robot_hardware) by extension 'colcon_meta'
[0.429s] Level 1:colcon.colcon_core.package_identification:_identify(src/robot_hardware) by extensions ['ros']
[0.429s] Level 1:colcon.colcon_core.package_identification:_identify(src/robot_hardware) by extension 'ros'
[0.430s] DEBUG:colcon.colcon_core.package_identification:Package 'src/robot_hardware' with type 'ros.ament_cmake' and name 'robot_hardware'
[0.430s] Level 1:colcon.colcon_core.package_identification:_identify(src/robot_moveit_config) by extensions ['ignore', 'ignore_ament_install']
[0.430s] Level 1:colcon.colcon_core.package_identification:_identify(src/robot_moveit_config) by extension 'ignore'
[0.430s] Level 1:colcon.colcon_core.package_identification:_identify(src/robot_moveit_config) by extension 'ignore_ament_install'
[0.430s] Level 1:colcon.colcon_core.package_identification:_identify(src/robot_moveit_config) by extensions ['colcon_pkg']
[0.430s] Level 1:colcon.colcon_core.package_identification:_identify(src/robot_moveit_config) by extension 'colcon_pkg'
[0.430s] Level 1:colcon.colcon_core.package_identification:_identify(src/robot_moveit_config) by extensions ['colcon_meta']
[0.430s] Level 1:colcon.colcon_core.package_identification:_identify(src/robot_moveit_config) by extension 'colcon_meta'
[0.431s] Level 1:colcon.colcon_core.package_identification:_identify(src/robot_moveit_config) by extensions ['ros']
[0.431s] Level 1:colcon.colcon_core.package_identification:_identify(src/robot_moveit_config) by extension 'ros'
[0.432s] DEBUG:colcon.colcon_core.package_identification:Package 'src/robot_moveit_config' with type 'ros.ament_cmake' and name 'robot_moveit_config'
[0.432s] Level 1:colcon.colcon_core.package_identification:_identify(src/robot_servoing) by extensions ['ignore', 'ignore_ament_install']
[0.432s] Level 1:colcon.colcon_core.package_identification:_identify(src/robot_servoing) by extension 'ignore'
[0.432s] Level 1:colcon.colcon_core.package_identification:_identify(src/robot_servoing) by extension 'ignore_ament_install'
[0.432s] Level 1:colcon.colcon_core.package_identification:_identify(src/robot_servoing) by extensions ['colcon_pkg']
[0.432s] Level 1:colcon.colcon_core.package_identification:_identify(src/robot_servoing) by extension 'colcon_pkg'
[0.432s] Level 1:colcon.colcon_core.package_identification:_identify(src/robot_servoing) by extensions ['colcon_meta']
[0.432s] Level 1:colcon.colcon_core.package_identification:_identify(src/robot_servoing) by extension 'colcon_meta'
[0.432s] Level 1:colcon.colcon_core.package_identification:_identify(src/robot_servoing) by extensions ['ros']
[0.432s] Level 1:colcon.colcon_core.package_identification:_identify(src/robot_servoing) by extension 'ros'
[0.435s] DEBUG:colcon.colcon_core.package_identification:Package 'src/robot_servoing' with type 'ros.ament_cmake' and name 'robot_servoing'
[0.435s] Level 1:colcon.colcon_core.package_identification:_identify(src/robot_status_leds) by extensions ['ignore', 'ignore_ament_install']
[0.435s] Level 1:colcon.colcon_core.package_identification:_identify(src/robot_status_leds) by extension 'ignore'
[0.435s] Level 1:colcon.colcon_core.package_identification:_identify(src/robot_status_leds) by extension 'ignore_ament_install'
[0.435s] Level 1:colcon.colcon_core.package_identification:_identify(src/robot_status_leds) by extensions ['colcon_pkg']
[0.435s] Level 1:colcon.colcon_core.package_identification:_identify(src/robot_status_leds) by extension 'colcon_pkg'
[0.435s] Level 1:colcon.colcon_core.package_identification:_identify(src/robot_status_leds) by extensions ['colcon_meta']
[0.435s] Level 1:colcon.colcon_core.package_identification:_identify(src/robot_status_leds) by extension 'colcon_meta'
[0.436s] Level 1:colcon.colcon_core.package_identification:_identify(src/robot_status_leds) by extensions ['ros']
[0.436s] Level 1:colcon.colcon_core.package_identification:_identify(src/robot_status_leds) by extension 'ros'
[0.437s] DEBUG:colcon.colcon_core.package_identification:Package 'src/robot_status_leds' with type 'ros.ament_python' and name 'robot_status_leds'
[0.437s] Level 1:colcon.colcon_core.package_identification:_identify(src/spotarm_assembly_description) by extensions ['ignore', 'ignore_ament_install']
[0.437s] Level 1:colcon.colcon_core.package_identification:_identify(src/spotarm_assembly_description) by extension 'ignore'
[0.437s] Level 1:colcon.colcon_core.package_identification:_identify(src/spotarm_assembly_description) by extension 'ignore_ament_install'
[0.437s] Level 1:colcon.colcon_core.package_identification:_identify(src/spotarm_assembly_description) by extensions ['colcon_pkg']
[0.437s] Level 1:colcon.colcon_core.package_identification:_identify(src/spotarm_assembly_description) by extension 'colcon_pkg'
[0.437s] Level 1:colcon.colcon_core.package_identification:_identify(src/spotarm_assembly_description) by extensions ['colcon_meta']
[0.437s] Level 1:colcon.colcon_core.package_identification:_identify(src/spotarm_assembly_description) by extension 'colcon_meta'
[0.437s] Level 1:colcon.colcon_core.package_identification:_identify(src/spotarm_assembly_description) by extensions ['ros']
[0.437s] Level 1:colcon.colcon_core.package_identification:_identify(src/spotarm_assembly_description) by extension 'ros'
[0.439s] DEBUG:colcon.colcon_core.package_identification:Package 'src/spotarm_assembly_description' with type 'ros.ament_python' and name 'spotarm_assembly_description'
[0.439s] Level 1:colcon.colcon_core.package_identification:_identify(src/spotarm_gamepad) by extensions ['ignore', 'ignore_ament_install']
[0.439s] Level 1:colcon.colcon_core.package_identification:_identify(src/spotarm_gamepad) by extension 'ignore'
[0.439s] Level 1:colcon.colcon_core.package_identification:_identify(src/spotarm_gamepad) by extension 'ignore_ament_install'
[0.439s] Level 1:colcon.colcon_core.package_identification:_identify(src/spotarm_gamepad) by extensions ['colcon_pkg']
[0.439s] Level 1:colcon.colcon_core.package_identification:_identify(src/spotarm_gamepad) by extension 'colcon_pkg'
[0.440s] Level 1:colcon.colcon_core.package_identification:_identify(src/spotarm_gamepad) by extensions ['colcon_meta']
[0.440s] Level 1:colcon.colcon_core.package_identification:_identify(src/spotarm_gamepad) by extension 'colcon_meta'
[0.440s] Level 1:colcon.colcon_core.package_identification:_identify(src/spotarm_gamepad) by extensions ['ros']
[0.440s] Level 1:colcon.colcon_core.package_identification:_identify(src/spotarm_gamepad) by extension 'ros'
[0.441s] DEBUG:colcon.colcon_core.package_identification:Failed to parse potential ROS package manifest in'src/spotarm_gamepad': Error(s) in package 'src/spotarm_gamepad/package.xml':
The manifest contains invalid XML:
junk after document element: line 56, column 10
[0.441s] Level 1:colcon.colcon_core.package_identification:_identify(src/spotarm_gamepad) by extensions ['cmake', 'python']
[0.442s] Level 1:colcon.colcon_core.package_identification:_identify(src/spotarm_gamepad) by extension 'cmake'
[0.442s] Level 1:colcon.colcon_core.package_identification:_identify(src/spotarm_gamepad) by extension 'python'
[0.442s] DEBUG:colcon.colcon_core.package_identification:Python package in 'src/spotarm_gamepad' passes arguments to the setup() function which requires a different identification extension than 'python'
[0.442s] Level 1:colcon.colcon_core.package_identification:_identify(src/spotarm_gamepad) by extensions ['python_setup_py']
[0.442s] Level 1:colcon.colcon_core.package_identification:_identify(src/spotarm_gamepad) by extension 'python_setup_py'
[0.783s] DEBUG:colcon.colcon_core.package_identification:Package 'src/spotarm_gamepad' with type 'python' and name 'spotarm_gamepad'
[0.783s] Level 1:colcon.colcon_core.package_identification:_identify(src/spotarm_servo_gamepad) by extensions ['ignore', 'ignore_ament_install']
[0.784s] Level 1:colcon.colcon_core.package_identification:_identify(src/spotarm_servo_gamepad) by extension 'ignore'
[0.784s] Level 1:colcon.colcon_core.package_identification:_identify(src/spotarm_servo_gamepad) by extension 'ignore_ament_install'
[0.784s] Level 1:colcon.colcon_core.package_identification:_identify(src/spotarm_servo_gamepad) by extensions ['colcon_pkg']
[0.784s] Level 1:colcon.colcon_core.package_identification:_identify(src/spotarm_servo_gamepad) by extension 'colcon_pkg'
[0.784s] Level 1:colcon.colcon_core.package_identification:_identify(src/spotarm_servo_gamepad) by extensions ['colcon_meta']
[0.784s] Level 1:colcon.colcon_core.package_identification:_identify(src/spotarm_servo_gamepad) by extension 'colcon_meta'
[0.784s] Level 1:colcon.colcon_core.package_identification:_identify(src/spotarm_servo_gamepad) by extensions ['ros']
[0.784s] Level 1:colcon.colcon_core.package_identification:_identify(src/spotarm_servo_gamepad) by extension 'ros'
[0.786s] DEBUG:colcon.colcon_core.package_identification:Package 'src/spotarm_servo_gamepad' with type 'ros.ament_python' and name 'spotarm_servo_gamepad'
[0.787s] Level 1:colcon.colcon_core.package_identification:_identify(src/stepper_test) by extensions ['ignore', 'ignore_ament_install']
[0.787s] Level 1:colcon.colcon_core.package_identification:_identify(src/stepper_test) by extension 'ignore'
[0.788s] Level 1:colcon.colcon_core.package_identification:_identify(src/stepper_test) by extension 'ignore_ament_install'
[0.788s] Level 1:colcon.colcon_core.package_identification:_identify(src/stepper_test) by extensions ['colcon_pkg']
[0.788s] Level 1:colcon.colcon_core.package_identification:_identify(src/stepper_test) by extension 'colcon_pkg'
[0.788s] Level 1:colcon.colcon_core.package_identification:_identify(src/stepper_test) by extensions ['colcon_meta']
[0.788s] Level 1:colcon.colcon_core.package_identification:_identify(src/stepper_test) by extension 'colcon_meta'
[0.788s] Level 1:colcon.colcon_core.package_identification:_identify(src/stepper_test) by extensions ['ros']
[0.788s] Level 1:colcon.colcon_core.package_identification:_identify(src/stepper_test) by extension 'ros'
[0.789s] DEBUG:colcon.colcon_core.package_identification:Package 'src/stepper_test' with type 'ros.ament_cmake' and name 'stepper_test'
[0.789s] Level 1:colcon.colcon_core.package_discovery:discover_packages(recursive) using defaults
[0.789s] Level 1:colcon.colcon_core.package_discovery:discover_packages(ignore) discover
[0.789s] Level 1:colcon.colcon_core.package_discovery:discover_packages(ignore) using defaults
[0.789s] Level 1:colcon.colcon_core.package_discovery:discover_packages(path) discover
[0.789s] Level 1:colcon.colcon_core.package_discovery:discover_packages(path) using defaults
[0.840s] Level 1:colcon.colcon_core.package_discovery:discover_packages(prefix_path) check parameters
[0.841s] Level 1:colcon.colcon_core.package_discovery:discover_packages(prefix_path) discover
[0.843s] DEBUG:colcon.colcon_installed_package_information.package_discovery:Found 359 installed packages in /opt/ros/humble
[0.845s] Level 1:colcon.colcon_core.package_discovery:discover_packages(prefix_path) using defaults
[0.909s] Level 5:colcon.colcon_core.verb:set package 'marge' build argument 'cmake_args' from command line to 'None'
[0.909s] Level 5:colcon.colcon_core.verb:set package 'marge' build argument 'cmake_target' from command line to 'None'
[0.909s] Level 5:colcon.colcon_core.verb:set package 'marge' build argument 'cmake_target_skip_unavailable' from command line to 'False'
[0.909s] Level 5:colcon.colcon_core.verb:set package 'marge' build argument 'cmake_clean_cache' from command line to 'False'
[0.909s] Level 5:colcon.colcon_core.verb:set package 'marge' build argument 'cmake_clean_first' from command line to 'False'
[0.909s] Level 5:colcon.colcon_core.verb:set package 'marge' build argument 'cmake_force_configure' from command line to 'False'
[0.909s] Level 5:colcon.colcon_core.verb:set package 'marge' build argument 'ament_cmake_args' from command line to 'None'
[0.909s] Level 5:colcon.colcon_core.verb:set package 'marge' build argument 'catkin_cmake_args' from command line to 'None'
[0.909s] Level 5:colcon.colcon_core.verb:set package 'marge' build argument 'catkin_skip_building_tests' from command line to 'False'
[0.909s] DEBUG:colcon.colcon_core.verb:Building package 'marge' with the following arguments: {'ament_cmake_args': None, 'build_base': '/home/msd/MSD2/REV4/build/marge', 'catkin_cmake_args': None, 'catkin_skip_building_tests': False, 'cmake_args': None, 'cmake_clean_cache': False, 'cmake_clean_first': False, 'cmake_force_configure': False, 'cmake_target': None, 'cmake_target_skip_unavailable': False, 'install_base': '/home/msd/MSD2/REV4/install/marge', 'merge_install': False, 'path': '/home/msd/MSD2/REV4/src/marge', 'symlink_install': True, 'test_result_base': None}
[0.910s] Level 5:colcon.colcon_core.verb:set package 'my_robot' build argument 'cmake_args' from command line to 'None'
[0.910s] Level 5:colcon.colcon_core.verb:set package 'my_robot' build argument 'cmake_target' from command line to 'None'
[0.910s] Level 5:colcon.colcon_core.verb:set package 'my_robot' build argument 'cmake_target_skip_unavailable' from command line to 'False'
[0.910s] Level 5:colcon.colcon_core.verb:set package 'my_robot' build argument 'cmake_clean_cache' from command line to 'False'
[0.910s] Level 5:colcon.colcon_core.verb:set package 'my_robot' build argument 'cmake_clean_first' from command line to 'False'
[0.910s] Level 5:colcon.colcon_core.verb:set package 'my_robot' build argument 'cmake_force_configure' from command line to 'False'
[0.910s] Level 5:colcon.colcon_core.verb:set package 'my_robot' build argument 'ament_cmake_args' from command line to 'None'
[0.910s] Level 5:colcon.colcon_core.verb:set package 'my_robot' build argument 'catkin_cmake_args' from command line to 'None'
[0.910s] Level 5:colcon.colcon_core.verb:set package 'my_robot' build argument 'catkin_skip_building_tests' from command line to 'False'
[0.910s] DEBUG:colcon.colcon_core.verb:Building package 'my_robot' with the following arguments: {'ament_cmake_args': None, 'build_base': '/home/msd/MSD2/REV4/build/my_robot', 'catkin_cmake_args': None, 'catkin_skip_building_tests': False, 'cmake_args': None, 'cmake_clean_cache': False, 'cmake_clean_first': False, 'cmake_force_configure': False, 'cmake_target': None, 'cmake_target_skip_unavailable': False, 'install_base': '/home/msd/MSD2/REV4/install/my_robot', 'merge_install': False, 'path': '/home/msd/MSD2/REV4/src/my_robot', 'symlink_install': True, 'test_result_base': None}
[0.910s] Level 5:colcon.colcon_core.verb:set package 'robot_commander' build argument 'cmake_args' from command line to 'None'
[0.910s] Level 5:colcon.colcon_core.verb:set package 'robot_commander' build argument 'cmake_target' from command line to 'None'
[0.910s] Level 5:colcon.colcon_core.verb:set package 'robot_commander' build argument 'cmake_target_skip_unavailable' from command line to 'False'
[0.910s] Level 5:colcon.colcon_core.verb:set package 'robot_commander' build argument 'cmake_clean_cache' from command line to 'False'
[0.911s] Level 5:colcon.colcon_core.verb:set package 'robot_commander' build argument 'cmake_clean_first' from command line to 'False'
[0.911s] Level 5:colcon.colcon_core.verb:set package 'robot_commander' build argument 'cmake_force_configure' from command line to 'False'
[0.911s] Level 5:colcon.colcon_core.verb:set package 'robot_commander' build argument 'ament_cmake_args' from command line to 'None'
[0.911s] Level 5:colcon.colcon_core.verb:set package 'robot_commander' build argument 'catkin_cmake_args' from command line to 'None'
[0.911s] Level 5:colcon.colcon_core.verb:set package 'robot_commander' build argument 'catkin_skip_building_tests' from command line to 'False'
[0.911s] DEBUG:colcon.colcon_core.verb:Building package 'robot_commander' with the following arguments: {'ament_cmake_args': None, 'build_base': '/home/msd/MSD2/REV4/build/robot_commander', 'catkin_cmake_args': None, 'catkin_skip_building_tests': False, 'cmake_args': None, 'cmake_clean_cache': False, 'cmake_clean_first': False, 'cmake_force_configure': False, 'cmake_target': None, 'cmake_target_skip_unavailable': False, 'install_base': '/home/msd/MSD2/REV4/install/robot_commander', 'merge_install': False, 'path': '/home/msd/MSD2/REV4/src/robot_commander', 'symlink_install': True, 'test_result_base': None}
[0.911s] Level 5:colcon.colcon_core.verb:set package 'robot_hardware' build argument 'cmake_args' from command line to 'None'
[0.911s] Level 5:colcon.colcon_core.verb:set package 'robot_hardware' build argument 'cmake_target' from command line to 'None'
[0.911s] Level 5:colcon.colcon_core.verb:set package 'robot_hardware' build argument 'cmake_target_skip_unavailable' from command line to 'False'
[0.911s] Level 5:colcon.colcon_core.verb:set package 'robot_hardware' build argument 'cmake_clean_cache' from command line to 'False'
[0.911s] Level 5:colcon.colcon_core.verb:set package 'robot_hardware' build argument 'cmake_clean_first' from command line to 'False'
[0.911s] Level 5:colcon.colcon_core.verb:set package 'robot_hardware' build argument 'cmake_force_configure' from command line to 'False'
[0.911s] Level 5:colcon.colcon_core.verb:set package 'robot_hardware' build argument 'ament_cmake_args' from command line to 'None'
[0.911s] Level 5:colcon.colcon_core.verb:set package 'robot_hardware' build argument 'catkin_cmake_args' from command line to 'None'
[0.911s] Level 5:colcon.colcon_core.verb:set package 'robot_hardware' build argument 'catkin_skip_building_tests' from command line to 'False'
[0.911s] DEBUG:colcon.colcon_core.verb:Building package 'robot_hardware' with the following arguments: {'ament_cmake_args': None, 'build_base': '/home/msd/MSD2/REV4/build/robot_hardware', 'catkin_cmake_args': None, 'catkin_skip_building_tests': False, 'cmake_args': None, 'cmake_clean_cache': False, 'cmake_clean_first': False, 'cmake_force_configure': False, 'cmake_target': None, 'cmake_target_skip_unavailable': False, 'install_base': '/home/msd/MSD2/REV4/install/robot_hardware', 'merge_install': False, 'path': '/home/msd/MSD2/REV4/src/robot_hardware', 'symlink_install': True, 'test_result_base': None}
[0.912s] Level 5:colcon.colcon_core.verb:set package 'robot_servoing' build argument 'cmake_args' from command line to 'None'
[0.912s] Level 5:colcon.colcon_core.verb:set package 'robot_servoing' build argument 'cmake_target' from command line to 'None'
[0.912s] Level 5:colcon.colcon_core.verb:set package 'robot_servoing' build argument 'cmake_target_skip_unavailable' from command line to 'False'
[0.912s] Level 5:colcon.colcon_core.verb:set package 'robot_servoing' build argument 'cmake_clean_cache' from command line to 'False'
[0.912s] Level 5:colcon.colcon_core.verb:set package 'robot_servoing' build argument 'cmake_clean_first' from command line to 'False'
[0.912s] Level 5:colcon.colcon_core.verb:set package 'robot_servoing' build argument 'cmake_force_configure' from command line to 'False'
[0.912s] Level 5:colcon.colcon_core.verb:set package 'robot_servoing' build argument 'ament_cmake_args' from command line to 'None'
[0.912s] Level 5:colcon.colcon_core.verb:set package 'robot_servoing' build argument 'catkin_cmake_args' from command line to 'None'
[0.912s] Level 5:colcon.colcon_core.verb:set package 'robot_servoing' build argument 'catkin_skip_building_tests' from command line to 'False'
[0.912s] DEBUG:colcon.colcon_core.verb:Building package 'robot_servoing' with the following arguments: {'ament_cmake_args': None, 'build_base': '/home/msd/MSD2/REV4/build/robot_servoing', 'catkin_cmake_args': None, 'catkin_skip_building_tests': False, 'cmake_args': None, 'cmake_clean_cache': False, 'cmake_clean_first': False, 'cmake_force_configure': False, 'cmake_target': None, 'cmake_target_skip_unavailable': False, 'install_base': '/home/msd/MSD2/REV4/install/robot_servoing', 'merge_install': False, 'path': '/home/msd/MSD2/REV4/src/robot_servoing', 'symlink_install': True, 'test_result_base': None}
[0.912s] Level 5:colcon.colcon_core.verb:set package 'robot_status_leds' build argument 'cmake_args' from command line to 'None'
[0.913s] Level 5:colcon.colcon_core.verb:set package 'robot_status_leds' build argument 'cmake_target' from command line to 'None'
[0.913s] Level 5:colcon.colcon_core.verb:set package 'robot_status_leds' build argument 'cmake_target_skip_unavailable' from command line to 'False'
[0.913s] Level 5:colcon.colcon_core.verb:set package 'robot_status_leds' build argument 'cmake_clean_cache' from command line to 'False'
[0.913s] Level 5:colcon.colcon_core.verb:set package 'robot_status_leds' build argument 'cmake_clean_first' from command line to 'False'
[0.913s] Level 5:colcon.colcon_core.verb:set package 'robot_status_leds' build argument 'cmake_force_configure' from command line to 'False'
[0.913s] Level 5:colcon.colcon_core.verb:set package 'robot_status_leds' build argument 'ament_cmake_args' from command line to 'None'
[0.913s] Level 5:colcon.colcon_core.verb:set package 'robot_status_leds' build argument 'catkin_cmake_args' from command line to 'None'
[0.913s] Level 5:colcon.colcon_core.verb:set package 'robot_status_leds' build argument 'catkin_skip_building_tests' from command line to 'False'
[0.913s] DEBUG:colcon.colcon_core.verb:Building package 'robot_status_leds' with the following arguments: {'ament_cmake_args': None, 'build_base': '/home/msd/MSD2/REV4/build/robot_status_leds', 'catkin_cmake_args': None, 'catkin_skip_building_tests': False, 'cmake_args': None, 'cmake_clean_cache': False, 'cmake_clean_first': False, 'cmake_force_configure': False, 'cmake_target': None, 'cmake_target_skip_unavailable': False, 'install_base': '/home/msd/MSD2/REV4/install/robot_status_leds', 'merge_install': False, 'path': '/home/msd/MSD2/REV4/src/robot_status_leds', 'symlink_install': True, 'test_result_base': None}
[0.913s] Level 5:colcon.colcon_core.verb:set package 'spotarm_assembly_description' build argument 'cmake_args' from command line to 'None'
[0.913s] Level 5:colcon.colcon_core.verb:set package 'spotarm_assembly_description' build argument 'cmake_target' from command line to 'None'
[0.913s] Level 5:colcon.colcon_core.verb:set package 'spotarm_assembly_description' build argument 'cmake_target_skip_unavailable' from command line to 'False'
[0.913s] Level 5:colcon.colcon_core.verb:set package 'spotarm_assembly_description' build argument 'cmake_clean_cache' from command line to 'False'
[0.913s] Level 5:colcon.colcon_core.verb:set package 'spotarm_assembly_description' build argument 'cmake_clean_first' from command line to 'False'
[0.913s] Level 5:colcon.colcon_core.verb:set package 'spotarm_assembly_description' build argument 'cmake_force_configure' from command line to 'False'
[0.913s] Level 5:colcon.colcon_core.verb:set package 'spotarm_assembly_description' build argument 'ament_cmake_args' from command line to 'None'
[0.914s] Level 5:colcon.colcon_core.verb:set package 'spotarm_assembly_description' build argument 'catkin_cmake_args' from command line to 'None'
[0.914s] Level 5:colcon.colcon_core.verb:set package 'spotarm_assembly_description' build argument 'catkin_skip_building_tests' from command line to 'False'
[0.914s] DEBUG:colcon.colcon_core.verb:Building package 'spotarm_assembly_description' with the following arguments: {'ament_cmake_args': None, 'build_base': '/home/msd/MSD2/REV4/build/spotarm_assembly_description', 'catkin_cmake_args': None, 'catkin_skip_building_tests': False, 'cmake_args': None, 'cmake_clean_cache': False, 'cmake_clean_first': False, 'cmake_force_configure': False, 'cmake_target': None, 'cmake_target_skip_unavailable': False, 'install_base': '/home/msd/MSD2/REV4/install/spotarm_assembly_description', 'merge_install': False, 'path': '/home/msd/MSD2/REV4/src/spotarm_assembly_description', 'symlink_install': True, 'test_result_base': None}
[0.914s] Level 5:colcon.colcon_core.verb:set package 'spotarm_gamepad' build argument 'cmake_args' from command line to 'None'
[0.914s] Level 5:colcon.colcon_core.verb:set package 'spotarm_gamepad' build argument 'cmake_target' from command line to 'None'
[0.914s] Level 5:colcon.colcon_core.verb:set package 'spotarm_gamepad' build argument 'cmake_target_skip_unavailable' from command line to 'False'
[0.914s] Level 5:colcon.colcon_core.verb:set package 'spotarm_gamepad' build argument 'cmake_clean_cache' from command line to 'False'
[0.914s] Level 5:colcon.colcon_core.verb:set package 'spotarm_gamepad' build argument 'cmake_clean_first' from command line to 'False'
[0.914s] Level 5:colcon.colcon_core.verb:set package 'spotarm_gamepad' build argument 'cmake_force_configure' from command line to 'False'
[0.914s] Level 5:colcon.colcon_core.verb:set package 'spotarm_gamepad' build argument 'ament_cmake_args' from command line to 'None'
[0.914s] Level 5:colcon.colcon_core.verb:set package 'spotarm_gamepad' build argument 'catkin_cmake_args' from command line to 'None'
[0.914s] Level 5:colcon.colcon_core.verb:set package 'spotarm_gamepad' build argument 'catkin_skip_building_tests' from command line to 'False'
[0.914s] DEBUG:colcon.colcon_core.verb:Building package 'spotarm_gamepad' with the following arguments: {'ament_cmake_args': None, 'build_base': '/home/msd/MSD2/REV4/build/spotarm_gamepad', 'catkin_cmake_args': None, 'catkin_skip_building_tests': False, 'cmake_args': None, 'cmake_clean_cache': False, 'cmake_clean_first': False, 'cmake_force_configure': False, 'cmake_target': None, 'cmake_target_skip_unavailable': False, 'install_base': '/home/msd/MSD2/REV4/install/spotarm_gamepad', 'merge_install': False, 'path': '/home/msd/MSD2/REV4/src/spotarm_gamepad', 'symlink_install': True, 'test_result_base': None}
[0.915s] Level 5:colcon.colcon_core.verb:set package 'stepper_test' build argument 'cmake_args' from command line to 'None'
[0.915s] Level 5:colcon.colcon_core.verb:set package 'stepper_test' build argument 'cmake_target' from command line to 'None'
[0.915s] Level 5:colcon.colcon_core.verb:set package 'stepper_test' build argument 'cmake_target_skip_unavailable' from command line to 'False'
[0.915s] Level 5:colcon.colcon_core.verb:set package 'stepper_test' build argument 'cmake_clean_cache' from command line to 'False'
[0.915s] Level 5:colcon.colcon_core.verb:set package 'stepper_test' build argument 'cmake_clean_first' from command line to 'False'
[0.915s] Level 5:colcon.colcon_core.verb:set package 'stepper_test' build argument 'cmake_force_configure' from command line to 'False'
[0.915s] Level 5:colcon.colcon_core.verb:set package 'stepper_test' build argument 'ament_cmake_args' from command line to 'None'
[0.915s] Level 5:colcon.colcon_core.verb:set package 'stepper_test' build argument 'catkin_cmake_args' from command line to 'None'
[0.915s] Level 5:colcon.colcon_core.verb:set package 'stepper_test' build argument 'catkin_skip_building_tests' from command line to 'False'
[0.915s] DEBUG:colcon.colcon_core.verb:Building package 'stepper_test' with the following arguments: {'ament_cmake_args': None, 'build_base': '/home/msd/MSD2/REV4/build/stepper_test', 'catkin_cmake_args': None, 'catkin_skip_building_tests': False, 'cmake_args': None, 'cmake_clean_cache': False, 'cmake_clean_first': False, 'cmake_force_configure': False, 'cmake_target': None, 'cmake_target_skip_unavailable': False, 'install_base': '/home/msd/MSD2/REV4/install/stepper_test', 'merge_install': False, 'path': '/home/msd/MSD2/REV4/src/stepper_test', 'symlink_install': True, 'test_result_base': None}
[0.916s] Level 5:colcon.colcon_core.verb:set package 'gear_manipulator_moveit_config' build argument 'cmake_args' from command line to 'None'
[0.916s] Level 5:colcon.colcon_core.verb:set package 'gear_manipulator_moveit_config' build argument 'cmake_target' from command line to 'None'
[0.916s] Level 5:colcon.colcon_core.verb:set package 'gear_manipulator_moveit_config' build argument 'cmake_target_skip_unavailable' from command line to 'False'
[0.916s] Level 5:colcon.colcon_core.verb:set package 'gear_manipulator_moveit_config' build argument 'cmake_clean_cache' from command line to 'False'
[0.916s] Level 5:colcon.colcon_core.verb:set package 'gear_manipulator_moveit_config' build argument 'cmake_clean_first' from command line to 'False'
[0.916s] Level 5:colcon.colcon_core.verb:set package 'gear_manipulator_moveit_config' build argument 'cmake_force_configure' from command line to 'False'
[0.916s] Level 5:colcon.colcon_core.verb:set package 'gear_manipulator_moveit_config' build argument 'ament_cmake_args' from command line to 'None'
[0.916s] Level 5:colcon.colcon_core.verb:set package 'gear_manipulator_moveit_config' build argument 'catkin_cmake_args' from command line to 'None'
[0.916s] Level 5:colcon.colcon_core.verb:set package 'gear_manipulator_moveit_config' build argument 'catkin_skip_building_tests' from command line to 'False'
[0.916s] DEBUG:colcon.colcon_core.verb:Building package 'gear_manipulator_moveit_config' with the following arguments: {'ament_cmake_args': None, 'build_base': '/home/msd/MSD2/REV4/build/gear_manipulator_moveit_config', 'catkin_cmake_args': None, 'catkin_skip_building_tests': False, 'cmake_args': None, 'cmake_clean_cache': False, 'cmake_clean_first': False, 'cmake_force_configure': False, 'cmake_target': None, 'cmake_target_skip_unavailable': False, 'install_base': '/home/msd/MSD2/REV4/install/gear_manipulator_moveit_config', 'merge_install': False, 'path': '/home/msd/MSD2/REV4/src/gear_manipulator_moveit_config', 'symlink_install': True, 'test_result_base': None}
[0.917s] Level 5:colcon.colcon_core.verb:set package 'robot_moveit_config' build argument 'cmake_args' from command line to 'None'
[0.917s] Level 5:colcon.colcon_core.verb:set package 'robot_moveit_config' build argument 'cmake_target' from command line to 'None'
[0.917s] Level 5:colcon.colcon_core.verb:set package 'robot_moveit_config' build argument 'cmake_target_skip_unavailable' from command line to 'False'
[0.917s] Level 5:colcon.colcon_core.verb:set package 'robot_moveit_config' build argument 'cmake_clean_cache' from command line to 'False'
[0.917s] Level 5:colcon.colcon_core.verb:set package 'robot_moveit_config' build argument 'cmake_clean_first' from command line to 'False'
[0.917s] Level 5:colcon.colcon_core.verb:set package 'robot_moveit_config' build argument 'cmake_force_configure' from command line to 'False'
[0.917s] Level 5:colcon.colcon_core.verb:set package 'robot_moveit_config' build argument 'ament_cmake_args' from command line to 'None'
[0.917s] Level 5:colcon.colcon_core.verb:set package 'robot_moveit_config' build argument 'catkin_cmake_args' from command line to 'None'
[0.917s] Level 5:colcon.colcon_core.verb:set package 'robot_moveit_config' build argument 'catkin_skip_building_tests' from command line to 'False'
[0.917s] DEBUG:colcon.colcon_core.verb:Building package 'robot_moveit_config' with the following arguments: {'ament_cmake_args': None, 'build_base': '/home/msd/MSD2/REV4/build/robot_moveit_config', 'catkin_cmake_args': None, 'catkin_skip_building_tests': False, 'cmake_args': None, 'cmake_clean_cache': False, 'cmake_clean_first': False, 'cmake_force_configure': False, 'cmake_target': None, 'cmake_target_skip_unavailable': False, 'install_base': '/home/msd/MSD2/REV4/install/robot_moveit_config', 'merge_install': False, 'path': '/home/msd/MSD2/REV4/src/robot_moveit_config', 'symlink_install': True, 'test_result_base': None}
[0.918s] Level 5:colcon.colcon_core.verb:set package 'robot_bringup' build argument 'cmake_args' from command line to 'None'
[0.918s] Level 5:colcon.colcon_core.verb:set package 'robot_bringup' build argument 'cmake_target' from command line to 'None'
[0.918s] Level 5:colcon.colcon_core.verb:set package 'robot_bringup' build argument 'cmake_target_skip_unavailable' from command line to 'False'
[0.918s] Level 5:colcon.colcon_core.verb:set package 'robot_bringup' build argument 'cmake_clean_cache' from command line to 'False'
[0.918s] Level 5:colcon.colcon_core.verb:set package 'robot_bringup' build argument 'cmake_clean_first' from command line to 'False'
[0.918s] Level 5:colcon.colcon_core.verb:set package 'robot_bringup' build argument 'cmake_force_configure' from command line to 'False'
[0.918s] Level 5:colcon.colcon_core.verb:set package 'robot_bringup' build argument 'ament_cmake_args' from command line to 'None'
[0.918s] Level 5:colcon.colcon_core.verb:set package 'robot_bringup' build argument 'catkin_cmake_args' from command line to 'None'
[0.918s] Level 5:colcon.colcon_core.verb:set package 'robot_bringup' build argument 'catkin_skip_building_tests' from command line to 'False'
[0.918s] DEBUG:colcon.colcon_core.verb:Building package 'robot_bringup' with the following arguments: {'ament_cmake_args': None, 'build_base': '/home/msd/MSD2/REV4/build/robot_bringup', 'catkin_cmake_args': None, 'catkin_skip_building_tests': False, 'cmake_args': None, 'cmake_clean_cache': False, 'cmake_clean_first': False, 'cmake_force_configure': False, 'cmake_target': None, 'cmake_target_skip_unavailable': False, 'install_base': '/home/msd/MSD2/REV4/install/robot_bringup', 'merge_install': False, 'path': '/home/msd/MSD2/REV4/src/robot_bringup', 'symlink_install': True, 'test_result_base': None}
[0.919s] Level 5:colcon.colcon_core.verb:set package 'spotarm_servo_gamepad' build argument 'cmake_args' from command line to 'None'
[0.919s] Level 5:colcon.colcon_core.verb:set package 'spotarm_servo_gamepad' build argument 'cmake_target' from command line to 'None'
[0.919s] Level 5:colcon.colcon_core.verb:set package 'spotarm_servo_gamepad' build argument 'cmake_target_skip_unavailable' from command line to 'False'
[0.919s] Level 5:colcon.colcon_core.verb:set package 'spotarm_servo_gamepad' build argument 'cmake_clean_cache' from command line to 'False'
[0.919s] Level 5:colcon.colcon_core.verb:set package 'spotarm_servo_gamepad' build argument 'cmake_clean_first' from command line to 'False'
[0.919s] Level 5:colcon.colcon_core.verb:set package 'spotarm_servo_gamepad' build argument 'cmake_force_configure' from command line to 'False'
[0.919s] Level 5:colcon.colcon_core.verb:set package 'spotarm_servo_gamepad' build argument 'ament_cmake_args' from command line to 'None'
[0.919s] Level 5:colcon.colcon_core.verb:set package 'spotarm_servo_gamepad' build argument 'catkin_cmake_args' from command line to 'None'
[0.919s] Level 5:colcon.colcon_core.verb:set package 'spotarm_servo_gamepad' build argument 'catkin_skip_building_tests' from command line to 'False'
[0.919s] DEBUG:colcon.colcon_core.verb:Building package 'spotarm_servo_gamepad' with the following arguments: {'ament_cmake_args': None, 'build_base': '/home/msd/MSD2/REV4/build/spotarm_servo_gamepad', 'catkin_cmake_args': None, 'catkin_skip_building_tests': False, 'cmake_args': None, 'cmake_clean_cache': False, 'cmake_clean_first': False, 'cmake_force_configure': False, 'cmake_target': None, 'cmake_target_skip_unavailable': False, 'install_base': '/home/msd/MSD2/REV4/install/spotarm_servo_gamepad', 'merge_install': False, 'path': '/home/msd/MSD2/REV4/src/spotarm_servo_gamepad', 'symlink_install': True, 'test_result_base': None}
[0.919s] INFO:colcon.colcon_core.executor:Executing jobs using 'parallel' executor
[0.921s] DEBUG:colcon.colcon_parallel_executor.executor.parallel:run_until_complete
[0.922s] INFO:colcon.colcon_ros.task.ament_python.build:Building ROS package in '/home/msd/MSD2/REV4/src/spotarm_assembly_description' with build type 'ament_python'
[0.923s] Level 1:colcon.colcon_core.shell:create_environment_hook('spotarm_assembly_description', 'ament_prefix_path')
[0.928s] INFO:colcon.colcon_core.plugin_system:Skipping extension 'colcon_core.shell.bat': Not used on non-Windows systems
[0.929s] INFO:colcon.colcon_core.shell:Creating environment hook '/home/msd/MSD2/REV4/install/spotarm_assembly_description/share/spotarm_assembly_description/hook/ament_prefix_path.ps1'
[0.929s] INFO:colcon.colcon_core.shell:Creating environment descriptor '/home/msd/MSD2/REV4/install/spotarm_assembly_description/share/spotarm_assembly_description/hook/ament_prefix_path.dsv'
[0.930s] INFO:colcon.colcon_core.shell:Creating environment hook '/home/msd/MSD2/REV4/install/spotarm_assembly_description/share/spotarm_assembly_description/hook/ament_prefix_path.sh'
[0.930s] INFO:colcon.colcon_core.shell:Skip shell extension 'powershell' for command environment: Not usable outside of PowerShell
[0.930s] DEBUG:colcon.colcon_core.shell:Skip shell extension 'dsv' for command environment
[0.933s] INFO:colcon.colcon_ros.task.ament_cmake.build:Building ROS package in '/home/msd/MSD2/REV4/src/my_robot' with build type 'ament_cmake'
[0.933s] INFO:colcon.colcon_cmake.task.cmake.build:Building CMake package in '/home/msd/MSD2/REV4/src/my_robot'
[0.934s] INFO:colcon.colcon_core.shell:Skip shell extension 'powershell' for command environment: Not usable outside of PowerShell
[0.934s] DEBUG:colcon.colcon_core.shell:Skip shell extension 'dsv' for command environment
[0.936s] INFO:colcon.colcon_ros.task.ament_cmake.build:Building ROS package in '/home/msd/MSD2/REV4/src/marge' with build type 'ament_cmake'
[0.936s] INFO:colcon.colcon_cmake.task.cmake.build:Building CMake package in '/home/msd/MSD2/REV4/src/marge'
[0.937s] INFO:colcon.colcon_core.shell:Skip shell extension 'powershell' for command environment: Not usable outside of PowerShell
[0.937s] DEBUG:colcon.colcon_core.shell:Skip shell extension 'dsv' for command environment
[0.940s] INFO:colcon.colcon_ros.task.ament_cmake.build:Building ROS package in '/home/msd/MSD2/REV4/src/robot_commander' with build type 'ament_cmake'
[0.941s] INFO:colcon.colcon_cmake.task.cmake.build:Building CMake package in '/home/msd/MSD2/REV4/src/robot_commander'
[0.941s] INFO:colcon.colcon_core.shell:Skip shell extension 'powershell' for command environment: Not usable outside of PowerShell
[0.941s] DEBUG:colcon.colcon_core.shell:Skip shell extension 'dsv' for command environment
[0.945s] INFO:colcon.colcon_ros.task.ament_cmake.build:Building ROS package in '/home/msd/MSD2/REV4/src/robot_hardware' with build type 'ament_cmake'
[0.945s] INFO:colcon.colcon_cmake.task.cmake.build:Building CMake package in '/home/msd/MSD2/REV4/src/robot_hardware'
[0.945s] INFO:colcon.colcon_core.shell:Skip shell extension 'powershell' for command environment: Not usable outside of PowerShell
[0.945s] DEBUG:colcon.colcon_core.shell:Skip shell extension 'dsv' for command environment
[0.949s] INFO:colcon.colcon_ros.task.ament_cmake.build:Building ROS package in '/home/msd/MSD2/REV4/src/robot_servoing' with build type 'ament_cmake'
[0.949s] INFO:colcon.colcon_cmake.task.cmake.build:Building CMake package in '/home/msd/MSD2/REV4/src/robot_servoing'
[0.950s] INFO:colcon.colcon_core.shell:Skip shell extension 'powershell' for command environment: Not usable outside of PowerShell
[0.950s] DEBUG:colcon.colcon_core.shell:Skip shell extension 'dsv' for command environment
[0.960s] INFO:colcon.colcon_ros.task.ament_python.build:Building ROS package in '/home/msd/MSD2/REV4/src/robot_status_leds' with build type 'ament_python'
[0.961s] Level 1:colcon.colcon_core.shell:create_environment_hook('robot_status_leds', 'ament_prefix_path')
[0.961s] INFO:colcon.colcon_core.shell:Creating environment hook '/home/msd/MSD2/REV4/install/robot_status_leds/share/robot_status_leds/hook/ament_prefix_path.ps1'
[0.964s] INFO:colcon.colcon_core.shell:Creating environment descriptor '/home/msd/MSD2/REV4/install/robot_status_leds/share/robot_status_leds/hook/ament_prefix_path.dsv'
[0.966s] INFO:colcon.colcon_core.shell:Creating environment hook '/home/msd/MSD2/REV4/install/robot_status_leds/share/robot_status_leds/hook/ament_prefix_path.sh'
[0.966s] INFO:colcon.colcon_core.shell:Skip shell extension 'powershell' for command environment: Not usable outside of PowerShell
[0.966s] DEBUG:colcon.colcon_core.shell:Skip shell extension 'dsv' for command environment
[0.972s] INFO:colcon.colcon_core.task.python.build:Building Python package in '/home/msd/MSD2/REV4/src/spotarm_gamepad'
[0.972s] INFO:colcon.colcon_core.shell:Skip shell extension 'powershell' for command environment: Not usable outside of PowerShell
[0.972s] DEBUG:colcon.colcon_core.shell:Skip shell extension 'dsv' for command environment
[1.404s] INFO:colcon.colcon_core.task.python.build:Building Python package in '/home/msd/MSD2/REV4/src/spotarm_assembly_description'
[1.405s] INFO:colcon.colcon_core.shell:Skip shell extension 'powershell' for command environment: Not usable outside of PowerShell
[1.406s] DEBUG:colcon.colcon_core.shell:Skip shell extension 'dsv' for command environment
[1.418s] DEBUG:colcon.colcon_core.event_handler.log_command:Invoking command in '/home/msd/MSD2/REV4/build/my_robot': CMAKE_PREFIX_PATH=/opt/ros/humble /usr/bin/cmake /home/msd/MSD2/REV4/src/my_robot -DAMENT_CMAKE_SYMLINK_INSTALL=1 -DCMAKE_INSTALL_PREFIX=/home/msd/MSD2/REV4/install/my_robot
[1.421s] DEBUG:colcon.colcon_core.event_handler.log_command:Invoking command in '/home/msd/MSD2/REV4/build/marge': CMAKE_PREFIX_PATH=/opt/ros/humble /usr/bin/cmake /home/msd/MSD2/REV4/src/marge -DAMENT_CMAKE_SYMLINK_INSTALL=1 -DCMAKE_INSTALL_PREFIX=/home/msd/MSD2/REV4/install/marge
[1.429s] DEBUG:colcon.colcon_core.event_handler.log_command:Invoking command in '/home/msd/MSD2/REV4/build/robot_commander': CMAKE_PREFIX_PATH=/opt/ros/humble /usr/bin/cmake --build /home/msd/MSD2/REV4/build/robot_commander -- -j8 -l8
[1.439s] DEBUG:colcon.colcon_core.event_handler.log_command:Invoking command in '/home/msd/MSD2/REV4/build/robot_hardware': CMAKE_PREFIX_PATH=/opt/ros/humble /usr/bin/cmake --build /home/msd/MSD2/REV4/build/robot_hardware -- -j8 -l8
[1.442s] DEBUG:colcon.colcon_core.event_handler.log_command:Invoking command in '/home/msd/MSD2/REV4/build/robot_servoing': CMAKE_PREFIX_PATH=/opt/ros/humble /usr/bin/cmake /home/msd/MSD2/REV4/src/robot_servoing -DAMENT_CMAKE_SYMLINK_INSTALL=1 -DCMAKE_INSTALL_PREFIX=/home/msd/MSD2/REV4/install/robot_servoing
[2.212s] INFO:colcon.colcon_core.task.python.build:Building Python package in '/home/msd/MSD2/REV4/src/robot_status_leds'
[2.213s] INFO:colcon.colcon_core.shell:Skip shell extension 'powershell' for command environment: Not usable outside of PowerShell
[2.213s] DEBUG:colcon.colcon_core.shell:Skip shell extension 'dsv' for command environment
[2.710s] DEBUG:colcon.colcon_core.event_handler.log_command:Invoked command in '/home/msd/MSD2/REV4/build/robot_hardware' returned '0': CMAKE_PREFIX_PATH=/opt/ros/humble /usr/bin/cmake --build /home/msd/MSD2/REV4/build/robot_hardware -- -j8 -l8
[2.723s] DEBUG:colcon.colcon_core.event_handler.log_command:Invoking command in '/home/msd/MSD2/REV4/build/robot_hardware': CMAKE_PREFIX_PATH=/opt/ros/humble /usr/bin/cmake --install /home/msd/MSD2/REV4/build/robot_hardware
[2.730s] DEBUG:colcon.colcon_core.event_handler.log_command:Invoked command in '/home/msd/MSD2/REV4/build/my_robot' returned '0': CMAKE_PREFIX_PATH=/opt/ros/humble /usr/bin/cmake /home/msd/MSD2/REV4/src/my_robot -DAMENT_CMAKE_SYMLINK_INSTALL=1 -DCMAKE_INSTALL_PREFIX=/home/msd/MSD2/REV4/install/my_robot
[2.733s] DEBUG:colcon.colcon_core.event_handler.log_command:Invoking command in '/home/msd/MSD2/REV4/build/my_robot': CMAKE_PREFIX_PATH=/opt/ros/humble /usr/bin/cmake --build /home/msd/MSD2/REV4/build/my_robot -- -j8 -l8
[2.743s] DEBUG:colcon.colcon_core.event_handler.log_command:Invoked command in '/home/msd/MSD2/REV4/build/marge' returned '0': CMAKE_PREFIX_PATH=/opt/ros/humble /usr/bin/cmake /home/msd/MSD2/REV4/src/marge -DAMENT_CMAKE_SYMLINK_INSTALL=1 -DCMAKE_INSTALL_PREFIX=/home/msd/MSD2/REV4/install/marge
[2.744s] DEBUG:colcon.colcon_core.event_handler.log_command:Invoking command in '/home/msd/MSD2/REV4/build/marge': CMAKE_PREFIX_PATH=/opt/ros/humble /usr/bin/cmake --build /home/msd/MSD2/REV4/build/marge -- -j8 -l8
[2.815s] Level 1:colcon.colcon_core.environment:create_environment_scripts_only(robot_hardware)
[2.821s] DEBUG:colcon.colcon_core.event_handler.log_command:Invoked command in '/home/msd/MSD2/REV4/build/robot_hardware' returned '0': CMAKE_PREFIX_PATH=/opt/ros/humble /usr/bin/cmake --install /home/msd/MSD2/REV4/build/robot_hardware
[2.825s] Level 1:colcon.colcon_core.environment:checking '/home/msd/MSD2/REV4/install/robot_hardware' for CMake module files
[2.827s] Level 1:colcon.colcon_core.environment:checking '/home/msd/MSD2/REV4/install/robot_hardware' for CMake config files
[2.828s] Level 1:colcon.colcon_core.shell:create_environment_hook('robot_hardware', 'cmake_prefix_path')
[2.828s] INFO:colcon.colcon_core.shell:Creating environment hook '/home/msd/MSD2/REV4/install/robot_hardware/share/robot_hardware/hook/cmake_prefix_path.ps1'
[2.830s] INFO:colcon.colcon_core.shell:Creating environment descriptor '/home/msd/MSD2/REV4/install/robot_hardware/share/robot_hardware/hook/cmake_prefix_path.dsv'
[2.832s] INFO:colcon.colcon_core.shell:Creating environment hook '/home/msd/MSD2/REV4/install/robot_hardware/share/robot_hardware/hook/cmake_prefix_path.sh'
[2.836s] Level 1:colcon.colcon_core.environment:checking '/home/msd/MSD2/REV4/install/robot_hardware/lib'
[2.836s] Level 1:colcon.colcon_core.shell:create_environment_hook('robot_hardware', 'ld_library_path_lib')
[2.837s] INFO:colcon.colcon_core.shell:Creating environment hook '/home/msd/MSD2/REV4/install/robot_hardware/share/robot_hardware/hook/ld_library_path_lib.ps1'
[2.839s] INFO:colcon.colcon_core.shell:Creating environment descriptor '/home/msd/MSD2/REV4/install/robot_hardware/share/robot_hardware/hook/ld_library_path_lib.dsv'
[2.840s] INFO:colcon.colcon_core.shell:Creating environment hook '/home/msd/MSD2/REV4/install/robot_hardware/share/robot_hardware/hook/ld_library_path_lib.sh'
[2.843s] Level 1:colcon.colcon_core.environment:checking '/home/msd/MSD2/REV4/install/robot_hardware/bin'
[2.843s] Level 1:colcon.colcon_core.environment:checking '/home/msd/MSD2/REV4/install/robot_hardware/lib/pkgconfig/robot_hardware.pc'
[2.844s] Level 1:colcon.colcon_core.environment:checking '/home/msd/MSD2/REV4/install/robot_hardware/lib/python3.10/site-packages'
[2.845s] Level 1:colcon.colcon_core.environment:checking '/home/msd/MSD2/REV4/install/robot_hardware/bin'
[2.846s] INFO:colcon.colcon_core.shell:Creating package script '/home/msd/MSD2/REV4/install/robot_hardware/share/robot_hardware/package.ps1'
[2.851s] INFO:colcon.colcon_core.shell:Creating package descriptor '/home/msd/MSD2/REV4/install/robot_hardware/share/robot_hardware/package.dsv'
[2.853s] INFO:colcon.colcon_core.shell:Creating package script '/home/msd/MSD2/REV4/install/robot_hardware/share/robot_hardware/package.sh'
[2.855s] INFO:colcon.colcon_core.shell:Creating package script '/home/msd/MSD2/REV4/install/robot_hardware/share/robot_hardware/package.bash'
[2.858s] INFO:colcon.colcon_core.shell:Creating package script '/home/msd/MSD2/REV4/install/robot_hardware/share/robot_hardware/package.zsh'
[2.862s] Level 1:colcon.colcon_core.environment:create_file_with_runtime_dependencies(/home/msd/MSD2/REV4/install/robot_hardware/share/colcon-core/packages/robot_hardware)
[2.865s] Level 1:colcon.colcon_core.environment:create_environment_scripts_only(robot_hardware)
[2.865s] Level 1:colcon.colcon_core.environment:checking '/home/msd/MSD2/REV4/install/robot_hardware' for CMake module files
[2.867s] Level 1:colcon.colcon_core.environment:checking '/home/msd/MSD2/REV4/install/robot_hardware' for CMake config files
[2.872s] Level 1:colcon.colcon_core.shell:create_environment_hook('robot_hardware', 'cmake_prefix_path')
[2.872s] INFO:colcon.colcon_core.shell:Creating environment hook '/home/msd/MSD2/REV4/install/robot_hardware/share/robot_hardware/hook/cmake_prefix_path.ps1'
[2.874s] INFO:colcon.colcon_core.shell:Creating environment descriptor '/home/msd/MSD2/REV4/install/robot_hardware/share/robot_hardware/hook/cmake_prefix_path.dsv'
[2.878s] INFO:colcon.colcon_core.shell:Creating environment hook '/home/msd/MSD2/REV4/install/robot_hardware/share/robot_hardware/hook/cmake_prefix_path.sh'
[2.884s] Level 1:colcon.colcon_core.environment:checking '/home/msd/MSD2/REV4/install/robot_hardware/lib'
[2.884s] Level 1:colcon.colcon_core.shell:create_environment_hook('robot_hardware', 'ld_library_path_lib')
[2.886s] INFO:colcon.colcon_core.shell:Creating environment hook '/home/msd/MSD2/REV4/install/robot_hardware/share/robot_hardware/hook/ld_library_path_lib.ps1'
[2.890s] INFO:colcon.colcon_core.shell:Creating environment descriptor '/home/msd/MSD2/REV4/install/robot_hardware/share/robot_hardware/hook/ld_library_path_lib.dsv'
[2.893s] INFO:colcon.colcon_core.shell:Creating environment hook '/home/msd/MSD2/REV4/install/robot_hardware/share/robot_hardware/hook/ld_library_path_lib.sh'
[2.895s] Level 1:colcon.colcon_core.environment:checking '/home/msd/MSD2/REV4/install/robot_hardware/bin'
[2.896s] Level 1:colcon.colcon_core.environment:checking '/home/msd/MSD2/REV4/install/robot_hardware/lib/pkgconfig/robot_hardware.pc'
[2.896s] Level 1:colcon.colcon_core.environment:checking '/home/msd/MSD2/REV4/install/robot_hardware/lib/python3.10/site-packages'
[2.897s] Level 1:colcon.colcon_core.environment:checking '/home/msd/MSD2/REV4/install/robot_hardware/bin'
[2.899s] INFO:colcon.colcon_core.shell:Creating package script '/home/msd/MSD2/REV4/install/robot_hardware/share/robot_hardware/package.ps1'
[2.904s] INFO:colcon.colcon_core.shell:Creating package descriptor '/home/msd/MSD2/REV4/install/robot_hardware/share/robot_hardware/package.dsv'
[2.906s] INFO:colcon.colcon_core.shell:Creating package script '/home/msd/MSD2/REV4/install/robot_hardware/share/robot_hardware/package.sh'
[2.907s] INFO:colcon.colcon_core.shell:Creating package script '/home/msd/MSD2/REV4/install/robot_hardware/share/robot_hardware/package.bash'
[2.910s] INFO:colcon.colcon_core.shell:Creating package script '/home/msd/MSD2/REV4/install/robot_hardware/share/robot_hardware/package.zsh'
[2.912s] Level 1:colcon.colcon_core.environment:create_file_with_runtime_dependencies(/home/msd/MSD2/REV4/install/robot_hardware/share/colcon-core/packages/robot_hardware)
[2.914s] INFO:colcon.colcon_ros.task.ament_cmake.build:Building ROS package in '/home/msd/MSD2/REV4/src/stepper_test' with build type 'ament_cmake'
[2.917s] INFO:colcon.colcon_cmake.task.cmake.build:Building CMake package in '/home/msd/MSD2/REV4/src/stepper_test'
[2.919s] INFO:colcon.colcon_core.shell:Skip shell extension 'powershell' for command environment: Not usable outside of PowerShell
[2.919s] DEBUG:colcon.colcon_core.shell:Skip shell extension 'dsv' for command environment
[2.943s] DEBUG:colcon.colcon_core.event_handler.log_command:Invoked command in '/home/msd/MSD2/REV4/build/my_robot' returned '0': CMAKE_PREFIX_PATH=/opt/ros/humble /usr/bin/cmake --build /home/msd/MSD2/REV4/build/my_robot -- -j8 -l8
[2.950s] DEBUG:colcon.colcon_core.event_handler.log_command:Invoking command in '/home/msd/MSD2/REV4/build/my_robot': CMAKE_PREFIX_PATH=/opt/ros/humble /usr/bin/cmake --install /home/msd/MSD2/REV4/build/my_robot
[2.977s] DEBUG:colcon.colcon_core.event_handler.log_command:Invoking command in '/home/msd/MSD2/REV4/build/stepper_test': CMAKE_PREFIX_PATH=/opt/ros/humble /usr/bin/cmake /home/msd/MSD2/REV4/src/stepper_test -DAMENT_CMAKE_SYMLINK_INSTALL=1 -DCMAKE_INSTALL_PREFIX=/home/msd/MSD2/REV4/install/stepper_test
[3.469s] DEBUG:colcon.colcon_core.event_handler.log_command:Invoked command in '/home/msd/MSD2/REV4/build/marge' returned '0': CMAKE_PREFIX_PATH=/opt/ros/humble /usr/bin/cmake --build /home/msd/MSD2/REV4/build/marge -- -j8 -l8
[3.470s] DEBUG:colcon.colcon_core.event_handler.log_command:Invoking command in '/home/msd/MSD2/REV4/build/marge': CMAKE_PREFIX_PATH=/opt/ros/humble /usr/bin/cmake --install /home/msd/MSD2/REV4/build/marge
[3.471s] Level 1:colcon.colcon_core.environment:create_environment_scripts_only(my_robot)
[3.472s] Level 1:colcon.colcon_core.environment:checking '/home/msd/MSD2/REV4/install/my_robot' for CMake module files
[3.477s] Level 1:colcon.colcon_core.environment:checking '/home/msd/MSD2/REV4/install/my_robot' for CMake config files
[3.477s] Level 1:colcon.colcon_core.shell:create_environment_hook('my_robot', 'cmake_prefix_path')
[3.478s] INFO:colcon.colcon_core.shell:Creating environment hook '/home/msd/MSD2/REV4/install/my_robot/share/my_robot/hook/cmake_prefix_path.ps1'
[3.484s] DEBUG:colcon.colcon_core.event_handler.log_command:Invoked command in '/home/msd/MSD2/REV4/build/my_robot' returned '0': CMAKE_PREFIX_PATH=/opt/ros/humble /usr/bin/cmake --install /home/msd/MSD2/REV4/build/my_robot
[3.486s] INFO:colcon.colcon_core.shell:Creating environment descriptor '/home/msd/MSD2/REV4/install/my_robot/share/my_robot/hook/cmake_prefix_path.dsv'
[3.493s] INFO:colcon.colcon_core.shell:Creating environment hook '/home/msd/MSD2/REV4/install/my_robot/share/my_robot/hook/cmake_prefix_path.sh'
[3.500s] Level 1:colcon.colcon_core.environment:checking '/home/msd/MSD2/REV4/install/my_robot/bin'
[3.500s] Level 1:colcon.colcon_core.environment:checking '/home/msd/MSD2/REV4/install/my_robot/lib/pkgconfig/my_robot.pc'
[3.501s] Level 1:colcon.colcon_core.environment:checking '/home/msd/MSD2/REV4/install/my_robot/lib/python3.10/site-packages'
[3.502s] Level 1:colcon.colcon_core.environment:checking '/home/msd/MSD2/REV4/install/my_robot/bin'
[3.506s] INFO:colcon.colcon_core.shell:Creating package script '/home/msd/MSD2/REV4/install/my_robot/share/my_robot/package.ps1'
[3.507s] INFO:colcon.colcon_core.shell:Creating package descriptor '/home/msd/MSD2/REV4/install/my_robot/share/my_robot/package.dsv'
[3.508s] INFO:colcon.colcon_core.shell:Creating package script '/home/msd/MSD2/REV4/install/my_robot/share/my_robot/package.sh'
[3.512s] INFO:colcon.colcon_core.shell:Creating package script '/home/msd/MSD2/REV4/install/my_robot/share/my_robot/package.bash'
[3.518s] INFO:colcon.colcon_core.shell:Creating package script '/home/msd/MSD2/REV4/install/my_robot/share/my_robot/package.zsh'
[3.518s] Level 1:colcon.colcon_core.environment:create_file_with_runtime_dependencies(/home/msd/MSD2/REV4/install/my_robot/share/colcon-core/packages/my_robot)
[3.520s] Level 1:colcon.colcon_core.environment:create_environment_scripts_only(my_robot)
[3.520s] Level 1:colcon.colcon_core.environment:checking '/home/msd/MSD2/REV4/install/my_robot' for CMake module files
[3.521s] Level 1:colcon.colcon_core.environment:checking '/home/msd/MSD2/REV4/install/my_robot' for CMake config files
[3.521s] Level 1:colcon.colcon_core.shell:create_environment_hook('my_robot', 'cmake_prefix_path')
[3.522s] INFO:colcon.colcon_core.shell:Creating environment hook '/home/msd/MSD2/REV4/install/my_robot/share/my_robot/hook/cmake_prefix_path.ps1'
[3.527s] INFO:colcon.colcon_core.shell:Creating environment descriptor '/home/msd/MSD2/REV4/install/my_robot/share/my_robot/hook/cmake_prefix_path.dsv'
[3.527s] INFO:colcon.colcon_core.shell:Creating environment hook '/home/msd/MSD2/REV4/install/my_robot/share/my_robot/hook/cmake_prefix_path.sh'
[3.528s] Level 1:colcon.colcon_core.environment:checking '/home/msd/MSD2/REV4/install/my_robot/bin'
[3.529s] Level 1:colcon.colcon_core.environment:checking '/home/msd/MSD2/REV4/install/my_robot/lib/pkgconfig/my_robot.pc'
[3.533s] Level 1:colcon.colcon_core.environment:checking '/home/msd/MSD2/REV4/install/my_robot/lib/python3.10/site-packages'
[3.535s] Level 1:colcon.colcon_core.environment:checking '/home/msd/MSD2/REV4/install/my_robot/bin'
[3.539s] INFO:colcon.colcon_core.shell:Creating package script '/home/msd/MSD2/REV4/install/my_robot/share/my_robot/package.ps1'
[3.541s] INFO:colcon.colcon_core.shell:Creating package descriptor '/home/msd/MSD2/REV4/install/my_robot/share/my_robot/package.dsv'
[3.546s] INFO:colcon.colcon_core.shell:Creating package script '/home/msd/MSD2/REV4/install/my_robot/share/my_robot/package.sh'
[3.551s] INFO:colcon.colcon_core.shell:Creating package script '/home/msd/MSD2/REV4/install/my_robot/share/my_robot/package.bash'
[3.552s] INFO:colcon.colcon_core.shell:Creating package script '/home/msd/MSD2/REV4/install/my_robot/share/my_robot/package.zsh'
[3.557s] Level 1:colcon.colcon_core.environment:create_file_with_runtime_dependencies(/home/msd/MSD2/REV4/install/my_robot/share/colcon-core/packages/my_robot)
[3.558s] INFO:colcon.colcon_ros.task.ament_cmake.build:Building ROS package in '/home/msd/MSD2/REV4/src/gear_manipulator_moveit_config' with build type 'ament_cmake'
[3.562s] INFO:colcon.colcon_cmake.task.cmake.build:Building CMake package in '/home/msd/MSD2/REV4/src/gear_manipulator_moveit_config'
[3.563s] INFO:colcon.colcon_core.shell:Skip shell extension 'powershell' for command environment: Not usable outside of PowerShell
[3.563s] DEBUG:colcon.colcon_core.shell:Skip shell extension 'dsv' for command environment
[3.612s] DEBUG:colcon.colcon_core.event_handler.log_command:Invoking command in '/home/msd/MSD2/REV4/build/gear_manipulator_moveit_config': AMENT_PREFIX_PATH=/home/msd/MSD2/REV4/install/my_robot:${AMENT_PREFIX_PATH} CMAKE_PREFIX_PATH=/home/msd/MSD2/REV4/install/my_robot:/opt/ros/humble /usr/bin/cmake /home/msd/MSD2/REV4/src/gear_manipulator_moveit_config -DAMENT_CMAKE_SYMLINK_INSTALL=1 -DCMAKE_INSTALL_PREFIX=/home/msd/MSD2/REV4/install/gear_manipulator_moveit_config
[4.102s] DEBUG:colcon.colcon_core.event_handler.log_command:Invoking command in '/home/msd/MSD2/REV4/build/spotarm_gamepad': PYTHONPATH=/home/msd/MSD2/REV4/build/spotarm_gamepad/prefix_override:/usr/lib/python3/dist-packages/colcon_core/task/python/colcon_distutils_commands:/home/msd/MSD2/REV4/install/spotarm_gamepad/lib/python3.10/site-packages:${PYTHONPATH} /usr/bin/python3 -W ignore:setup.py install is deprecated -W ignore:easy_install command is deprecated setup.py develop --editable --build-directory /home/msd/MSD2/REV4/build/spotarm_gamepad/build --no-deps symlink_data
[4.114s] Level 1:colcon.colcon_core.environment:create_environment_scripts_only(marge)
[4.115s] Level 1:colcon.colcon_core.environment:checking '/home/msd/MSD2/REV4/install/marge' for CMake module files
[4.121s] DEBUG:colcon.colcon_core.event_handler.log_command:Invoked command in '/home/msd/MSD2/REV4/build/marge' returned '0': CMAKE_PREFIX_PATH=/opt/ros/humble /usr/bin/cmake --install /home/msd/MSD2/REV4/build/marge
[4.121s] Level 1:colcon.colcon_core.environment:checking '/home/msd/MSD2/REV4/install/marge' for CMake config files
[4.123s] Level 1:colcon.colcon_core.shell:create_environment_hook('marge', 'cmake_prefix_path')
[4.123s] INFO:colcon.colcon_core.shell:Creating environment hook '/home/msd/MSD2/REV4/install/marge/share/marge/hook/cmake_prefix_path.ps1'
[4.132s] INFO:colcon.colcon_core.shell:Creating environment descriptor '/home/msd/MSD2/REV4/install/marge/share/marge/hook/cmake_prefix_path.dsv'
[4.135s] INFO:colcon.colcon_core.shell:Creating environment hook '/home/msd/MSD2/REV4/install/marge/share/marge/hook/cmake_prefix_path.sh'
[4.140s] Level 1:colcon.colcon_core.environment:checking '/home/msd/MSD2/REV4/install/marge/lib'
[4.140s] Level 1:colcon.colcon_core.shell:create_environment_hook('marge', 'ld_library_path_lib')
[4.141s] INFO:colcon.colcon_core.shell:Creating environment hook '/home/msd/MSD2/REV4/install/marge/share/marge/hook/ld_library_path_lib.ps1'
[4.143s] INFO:colcon.colcon_core.shell:Creating environment descriptor '/home/msd/MSD2/REV4/install/marge/share/marge/hook/ld_library_path_lib.dsv'
[4.148s] INFO:colcon.colcon_core.shell:Creating environment hook '/home/msd/MSD2/REV4/install/marge/share/marge/hook/ld_library_path_lib.sh'
[4.149s] Level 1:colcon.colcon_core.environment:checking '/home/msd/MSD2/REV4/install/marge/bin'
[4.149s] Level 1:colcon.colcon_core.environment:checking '/home/msd/MSD2/REV4/install/marge/lib/pkgconfig/marge.pc'
[4.150s] Level 1:colcon.colcon_core.environment:checking '/home/msd/MSD2/REV4/install/marge/lib/python3.10/site-packages'
[4.153s] Level 1:colcon.colcon_core.environment:checking '/home/msd/MSD2/REV4/install/marge/bin'
[4.159s] INFO:colcon.colcon_core.shell:Creating package script '/home/msd/MSD2/REV4/install/marge/share/marge/package.ps1'
[4.165s] INFO:colcon.colcon_core.shell:Creating package descriptor '/home/msd/MSD2/REV4/install/marge/share/marge/package.dsv'
[4.168s] INFO:colcon.colcon_core.shell:Creating package script '/home/msd/MSD2/REV4/install/marge/share/marge/package.sh'
[4.171s] INFO:colcon.colcon_core.shell:Creating package script '/home/msd/MSD2/REV4/install/marge/share/marge/package.bash'
[4.172s] INFO:colcon.colcon_core.shell:Creating package script '/home/msd/MSD2/REV4/install/marge/share/marge/package.zsh'
[4.174s] Level 1:colcon.colcon_core.environment:create_file_with_runtime_dependencies(/home/msd/MSD2/REV4/install/marge/share/colcon-core/packages/marge)
[4.175s] Level 1:colcon.colcon_core.environment:create_environment_scripts_only(marge)
[4.176s] Level 1:colcon.colcon_core.environment:checking '/home/msd/MSD2/REV4/install/marge' for CMake module files
[4.190s] Level 1:colcon.colcon_core.environment:checking '/home/msd/MSD2/REV4/install/marge' for CMake config files
[4.192s] Level 1:colcon.colcon_core.shell:create_environment_hook('marge', 'cmake_prefix_path')
[4.194s] INFO:colcon.colcon_core.shell:Creating environment hook '/home/msd/MSD2/REV4/install/marge/share/marge/hook/cmake_prefix_path.ps1'
[4.196s] INFO:colcon.colcon_core.shell:Creating environment descriptor '/home/msd/MSD2/REV4/install/marge/share/marge/hook/cmake_prefix_path.dsv'
[4.197s] INFO:colcon.colcon_core.shell:Creating environment hook '/home/msd/MSD2/REV4/install/marge/share/marge/hook/cmake_prefix_path.sh'
[4.199s] Level 1:colcon.colcon_core.environment:checking '/home/msd/MSD2/REV4/install/marge/lib'
[4.199s] Level 1:colcon.colcon_core.shell:create_environment_hook('marge', 'ld_library_path_lib')
[4.200s] INFO:colcon.colcon_core.shell:Creating environment hook '/home/msd/MSD2/REV4/install/marge/share/marge/hook/ld_library_path_lib.ps1'
[4.203s] INFO:colcon.colcon_core.shell:Creating environment descriptor '/home/msd/MSD2/REV4/install/marge/share/marge/hook/ld_library_path_lib.dsv'
[4.205s] INFO:colcon.colcon_core.shell:Creating environment hook '/home/msd/MSD2/REV4/install/marge/share/marge/hook/ld_library_path_lib.sh'
[4.206s] Level 1:colcon.colcon_core.environment:checking '/home/msd/MSD2/REV4/install/marge/bin'
[4.206s] Level 1:colcon.colcon_core.environment:checking '/home/msd/MSD2/REV4/install/marge/lib/pkgconfig/marge.pc'
[4.207s] Level 1:colcon.colcon_core.environment:checking '/home/msd/MSD2/REV4/install/marge/lib/python3.10/site-packages'
[4.208s] Level 1:colcon.colcon_core.environment:checking '/home/msd/MSD2/REV4/install/marge/bin'
[4.209s] INFO:colcon.colcon_core.shell:Creating package script '/home/msd/MSD2/REV4/install/marge/share/marge/package.ps1'
[4.212s] INFO:colcon.colcon_core.shell:Creating package descriptor '/home/msd/MSD2/REV4/install/marge/share/marge/package.dsv'
[4.213s] INFO:colcon.colcon_core.shell:Creating package script '/home/msd/MSD2/REV4/install/marge/share/marge/package.sh'
[4.215s] INFO:colcon.colcon_core.shell:Creating package script '/home/msd/MSD2/REV4/install/marge/share/marge/package.bash'
[4.217s] INFO:colcon.colcon_core.shell:Creating package script '/home/msd/MSD2/REV4/install/marge/share/marge/package.zsh'
[4.219s] Level 1:colcon.colcon_core.environment:create_file_with_runtime_dependencies(/home/msd/MSD2/REV4/install/marge/share/colcon-core/packages/marge)
[4.230s] DEBUG:colcon.colcon_core.event_handler.log_command:Invoking command in '/home/msd/MSD2/REV4/build/spotarm_assembly_description': PYTHONPATH=/home/msd/MSD2/REV4/build/spotarm_assembly_description/prefix_override:/usr/lib/python3/dist-packages/colcon_core/task/python/colcon_distutils_commands:/home/msd/MSD2/REV4/install/spotarm_assembly_description/lib/python3.10/site-packages:${PYTHONPATH} /usr/bin/python3 -W ignore:setup.py install is deprecated -W ignore:easy_install command is deprecated setup.py develop --editable --build-directory /home/msd/MSD2/REV4/build/spotarm_assembly_description/build --no-deps symlink_data
[4.231s] DEBUG:colcon.colcon_core.task.python.build:While undoing a previous installation files outside the Python library path are being ignored: /home/msd/MSD2/REV4/install/robot_status_leds/share/ament_index/resource_index/packages/robot_status_leds
[4.231s] DEBUG:colcon.colcon_core.task.python.build:While undoing a previous installation files outside the Python library path are being ignored: /home/msd/MSD2/REV4/install/robot_status_leds/share/robot_status_leds/package.xml
[4.232s] DEBUG:colcon.colcon_core.task.python.build:While undoing a previous installation files outside the Python library path are being ignored: /home/msd/MSD2/REV4/install/robot_status_leds/lib/robot_status_leds/led_state_node
[4.243s] DEBUG:colcon.colcon_core.event_handler.log_command:Invoking command in '/home/msd/MSD2/REV4/build/robot_status_leds': PYTHONPATH=/home/msd/MSD2/REV4/build/robot_status_leds/prefix_override:/usr/lib/python3/dist-packages/colcon_core/task/python/colcon_distutils_commands:/home/msd/MSD2/REV4/install/robot_status_leds/lib/python3.10/site-packages:${PYTHONPATH} /usr/bin/python3 -W ignore:setup.py install is deprecated -W ignore:easy_install command is deprecated setup.py develop --editable --build-directory /home/msd/MSD2/REV4/build/robot_status_leds/build --no-deps symlink_data --force
[4.463s] DEBUG:colcon.colcon_core.event_handler.log_command:Invoked command in '/home/msd/MSD2/REV4/build/gear_manipulator_moveit_config' returned '0': AMENT_PREFIX_PATH=/home/msd/MSD2/REV4/install/my_robot:${AMENT_PREFIX_PATH} CMAKE_PREFIX_PATH=/home/msd/MSD2/REV4/install/my_robot:/opt/ros/humble /usr/bin/cmake /home/msd/MSD2/REV4/src/gear_manipulator_moveit_config -DAMENT_CMAKE_SYMLINK_INSTALL=1 -DCMAKE_INSTALL_PREFIX=/home/msd/MSD2/REV4/install/gear_manipulator_moveit_config
[4.464s] DEBUG:colcon.colcon_core.event_handler.log_command:Invoking command in '/home/msd/MSD2/REV4/build/gear_manipulator_moveit_config': AMENT_PREFIX_PATH=/home/msd/MSD2/REV4/install/my_robot:${AMENT_PREFIX_PATH} CMAKE_PREFIX_PATH=/home/msd/MSD2/REV4/install/my_robot:/opt/ros/humble /usr/bin/cmake --build /home/msd/MSD2/REV4/build/gear_manipulator_moveit_config -- -j8 -l8
[4.512s] DEBUG:colcon.colcon_core.event_handler.log_command:Invoked command in '/home/msd/MSD2/REV4/build/robot_commander' returned '2': CMAKE_PREFIX_PATH=/opt/ros/humble /usr/bin/cmake --build /home/msd/MSD2/REV4/build/robot_commander -- -j8 -l8
[4.514s] Level 1:colcon.colcon_core.environment:create_environment_scripts_only(robot_commander)
[4.515s] Level 1:colcon.colcon_core.environment:checking '/home/msd/MSD2/REV4/install/robot_commander' for CMake module files
[4.520s] Level 1:colcon.colcon_core.environment:checking '/home/msd/MSD2/REV4/install/robot_commander' for CMake config files
[4.523s] Level 1:colcon.colcon_core.shell:create_environment_hook('robot_commander', 'cmake_prefix_path')
[4.523s] INFO:colcon.colcon_core.shell:Creating environment hook '/home/msd/MSD2/REV4/install/robot_commander/share/robot_commander/hook/cmake_prefix_path.ps1'
[4.528s] INFO:colcon.colcon_core.shell:Creating environment descriptor '/home/msd/MSD2/REV4/install/robot_commander/share/robot_commander/hook/cmake_prefix_path.dsv'
[4.530s] INFO:colcon.colcon_core.shell:Creating environment hook '/home/msd/MSD2/REV4/install/robot_commander/share/robot_commander/hook/cmake_prefix_path.sh'
[4.533s] Level 1:colcon.colcon_core.environment:checking '/home/msd/MSD2/REV4/install/robot_commander/lib'
[4.533s] Level 1:colcon.colcon_core.environment:checking '/home/msd/MSD2/REV4/install/robot_commander/bin'
[4.534s] Level 1:colcon.colcon_core.environment:checking '/home/msd/MSD2/REV4/install/robot_commander/lib/pkgconfig/robot_commander.pc'
[4.534s] Level 1:colcon.colcon_core.environment:checking '/home/msd/MSD2/REV4/install/robot_commander/lib/python3.10/site-packages'
[4.536s] Level 1:colcon.colcon_core.environment:checking '/home/msd/MSD2/REV4/install/robot_commander/bin'
[4.538s] INFO:colcon.colcon_core.shell:Creating package script '/home/msd/MSD2/REV4/install/robot_commander/share/robot_commander/package.ps1'
[4.542s] INFO:colcon.colcon_core.shell:Creating package descriptor '/home/msd/MSD2/REV4/install/robot_commander/share/robot_commander/package.dsv'
[4.543s] INFO:colcon.colcon_core.shell:Creating package script '/home/msd/MSD2/REV4/install/robot_commander/share/robot_commander/package.sh'
[4.544s] INFO:colcon.colcon_core.shell:Creating package script '/home/msd/MSD2/REV4/install/robot_commander/share/robot_commander/package.bash'
[4.545s] INFO:colcon.colcon_core.shell:Creating package script '/home/msd/MSD2/REV4/install/robot_commander/share/robot_commander/package.zsh'
[4.547s] Level 1:colcon.colcon_core.environment:create_file_with_runtime_dependencies(/home/msd/MSD2/REV4/install/robot_commander/share/colcon-core/packages/robot_commander)
[5.563s] DEBUG:colcon.colcon_parallel_executor.executor.parallel:closing loop
[5.564s] DEBUG:colcon.colcon_parallel_executor.executor.parallel:loop closed
[5.564s] DEBUG:colcon.colcon_parallel_executor.executor.parallel:run_until_complete finished with '2'
[5.565s] DEBUG:colcon.colcon_core.event_reactor:joining thread
[5.581s] INFO:colcon.colcon_core.plugin_system:Skipping extension 'colcon_notification.desktop_notification.terminal_notifier': Not used on non-Darwin systems
[5.581s] INFO:colcon.colcon_core.plugin_system:Skipping extension 'colcon_notification.desktop_notification.win32': Not used on non-Windows systems
[5.581s] INFO:colcon.colcon_notification.desktop_notification:Sending desktop notification using 'notify2'
[5.620s] DEBUG:colcon.colcon_core.event_reactor:joined thread
[5.621s] INFO:colcon.colcon_core.shell:Creating prefix script '/home/msd/MSD2/REV4/install/local_setup.ps1'
[5.623s] INFO:colcon.colcon_core.shell:Creating prefix util module '/home/msd/MSD2/REV4/install/_local_setup_util_ps1.py'
[5.626s] INFO:colcon.colcon_core.shell:Creating prefix chain script '/home/msd/MSD2/REV4/install/setup.ps1'
[5.630s] INFO:colcon.colcon_core.shell:Creating prefix script '/home/msd/MSD2/REV4/install/local_setup.sh'
[5.632s] INFO:colcon.colcon_core.shell:Creating prefix util module '/home/msd/MSD2/REV4/install/_local_setup_util_sh.py'
[5.636s] INFO:colcon.colcon_core.shell:Creating prefix chain script '/home/msd/MSD2/REV4/install/setup.sh'
[5.638s] INFO:colcon.colcon_core.shell:Creating prefix script '/home/msd/MSD2/REV4/install/local_setup.bash'
[5.639s] INFO:colcon.colcon_core.shell:Creating prefix chain script '/home/msd/MSD2/REV4/install/setup.bash'
[5.641s] INFO:colcon.colcon_core.shell:Creating prefix script '/home/msd/MSD2/REV4/install/local_setup.zsh'
[5.642s] INFO:colcon.colcon_core.shell:Creating prefix chain script '/home/msd/MSD2/REV4/install/setup.zsh'
>>>>>>> f6515614f97110be7e36a5fdeab81499e9790a26
